Store,Department,Date,Product_Category,Customer_Type,Supplier_ID,Weekly_Sales,Units_Sold,Unit_Price,Inventory_Level,Temperature,Fuel_Price,CPI,Unemployment
1,Dept-06,2010-05-02,Pharmacy,Regular,SPLR-002,1643690.9,19,86510.05,1900899.72,42.31,2.572,211.0963582,8.106
1,Dept-05,2010-12-02,Home Essentials,Regular,SPLR-003,1641957.44,3,547319.15,1816276.25,38.51,2.548,211.2421698,8.106
1,Dept-10,2010-02-19,Grocery,Regular,SPLR-009,1611968.17,46,35042.79,1927069.22,39.93,2.514,211.2891429,8.106
1,Dept-01,2010-02-26,Clothing,Premium,SPLR-003,1409727.59,12,117477.3,1595796.22,46.63,2.561,211.3196429,8.106
1,Dept-10,2010-05-03,Pharmacy,New,SPLR-007,1554806.68,11,141346.06,1776491.36,46.5,2.625,211.3501429,8.106
1,Dept-06,2010-12-03,Grocery,Regular,SPLR-006,1439541.59,34,42339.46,1627206.11,57.79,2.667,211.3806429,8.106
1,Dept-04,2010-03-19,Electronics,Regular,SPLR-009,1472515.79,7,210359.4,1731002.87,54.58,2.72,211.215635,8.106
1,Dept-04,2010-03-26,Pharmacy,Regular,SPLR-006,1404429.92,24,58517.91,1644674.4,51.45,2.732,211.0180424,8.106
1,Dept-06,2010-02-04,Grocery,Regular,SPLR-008,1594968.28,14,113926.31,1879943.27,62.27,2.719,210.8204499,7.808
1,Dept-02,2010-09-04,Pharmacy,Regular,SPLR-009,1545418.53,5,309083.71,1806131.82,65.86,2.77,210.6228574,7.808
1,Dept-02,2010-04-16,Home Essentials,Regular,SPLR-006,1466058.28,39,37591.24,1626513.35,66.32,2.808,210.4887,7.808
1,Dept-06,2010-04-23,Pharmacy,Regular,SPLR-004,1391256.12,21,66250.29,1628243.21,64.84,2.795,210.4391228,7.808
1,Dept-06,2010-04-30,Electronics,New,SPLR-002,1425100.71,40,35627.52,1685757.33,67.41,2.78,210.3895456,7.808
1,Dept-03,2010-07-05,Home Essentials,Regular,SPLR-004,1603955.12,47,34126.7,1809841.91,72.55,2.835,210.3399684,7.808
1,Dept-01,2010-05-14,Pharmacy,Premium,SPLR-004,1494251.5,32,46695.36,1658874.31,74.78,2.854,210.3374261,7.808
1,Dept-10,2010-05-21,Grocery,Regular,SPLR-004,1399662.07,27,51839.34,1630541.6,76.44,2.826,210.6170934,7.808
1,Dept-07,2010-05-28,Electronics,New,SPLR-004,1432069.95,14,102290.71,1691452.23,80.44,2.759,210.8967606,7.808
1,Dept-09,2010-04-06,Pharmacy,Regular,SPLR-004,1615524.71,4,403881.18,1816106.97,80.69,2.705,211.1764278,7.808
1,Dept-04,2010-11-06,Grocery,New,SPLR-007,1542561.09,13,118658.55,1709373.01,80.43,2.668,211.4560951,7.808
1,Dept-03,2010-06-18,Pharmacy,Regular,SPLR-003,1503284.06,2,751642.03,1764095.97,84.11,2.637,211.4537719,7.808
1,Dept-05,2010-06-25,Clothing,Regular,SPLR-003,1422711.6,16,88919.48,1616624.89,84.34,2.653,211.3386526,7.808
1,Dept-04,2010-02-07,Grocery,Premium,SPLR-010,1492418.14,27,55274.75,1734447.55,80.91,2.669,211.2235333,7.787
1,Dept-05,2010-09-07,Electronics,New,SPLR-009,1546074.18,35,44173.55,1712643.99,80.48,2.642,211.108414,7.787
1,Dept-08,2010-07-16,Home Essentials,Premium,SPLR-002,1448938.92,30,48297.96,1676312.24,83.15,2.623,211.1003854,7.787
1,Dept-03,2010-07-23,Home Essentials,Regular,SPLR-001,1385065.2,32,43283.29,1549620.24,83.36,2.608,211.2351443,7.787
1,Dept-07,2010-07-30,Pharmacy,Premium,SPLR-005,1371986.6,10,137198.66,1525039.01,81.84,2.64,211.3699032,7.787
1,Dept-03,2010-06-08,Clothing,Regular,SPLR-005,1605491.78,7,229355.97,1841003.53,87.16,2.627,211.5046621,7.787
1,Dept-02,2010-08-13,Grocery,Premium,SPLR-003,1508237.76,37,40763.18,1770438.39,87.0,2.692,211.6394211,7.787
1,Dept-06,2010-08-20,Home Essentials,Regular,SPLR-002,1513080.49,22,68776.39,1697469.17,86.65,2.664,211.6033633,7.787
1,Dept-05,2010-08-27,Electronics,Regular,SPLR-008,1449142.92,20,72457.15,1731325.69,85.22,2.619,211.5673056,7.787
1,Dept-10,2010-03-09,Clothing,Premium,SPLR-007,1540163.53,48,32086.74,1738087.5,81.21,2.577,211.5312479,7.787
1,Dept-02,2010-10-09,Electronics,New,SPLR-005,1507460.69,20,75373.03,1802935.33,78.69,2.565,211.4951902,7.787
1,Dept-05,2010-09-17,Pharmacy,Premium,SPLR-006,1430378.67,33,43344.81,1593322.43,82.11,2.582,211.5224596,7.787
1,Dept-10,2010-09-24,Grocery,Regular,SPLR-002,1351791.03,9,150199.0,1545949.56,80.94,2.624,211.5972246,7.787
1,Dept-04,2010-01-10,Clothing,Regular,SPLR-003,1453329.5,36,40370.26,1631292.53,71.89,2.603,211.6719895,7.838
1,Dept-02,2010-08-10,Pharmacy,New,SPLR-002,1508239.93,10,150823.99,1706869.53,63.93,2.633,211.7467544,7.838
1,Dept-04,2010-10-15,Home Essentials,Regular,SPLR-003,1459409.1,39,37420.75,1647315.31,67.18,2.72,211.8137436,7.838
1,Dept-09,2010-10-22,Grocery,Regular,SPLR-005,1345454.0,15,89696.93,1586658.66,69.86,2.725,211.8612937,7.838
1,Dept-04,2010-10-29,Grocery,Regular,SPLR-010,1384209.22,30,46140.31,1634821.12,69.64,2.716,211.9088438,7.838
1,Dept-07,2010-05-11,Grocery,Regular,SPLR-001,1551659.28,23,67463.45,1849465.15,58.74,2.689,211.9563939,7.838
1,Dept-01,2010-12-11,Home Essentials,New,SPLR-003,1494479.49,31,48209.02,1664780.9,59.61,2.728,212.003944,7.838
1,Dept-01,2010-11-19,Clothing,Regular,SPLR-002,1483784.18,16,92736.51,1767325.14,51.41,2.771,211.8896737,7.838
1,Dept-03,2010-11-26,Clothing,Regular,SPLR-003,1955624.11,15,130374.94,2228427.81,64.52,2.735,211.7484333,7.838
1,Dept-07,2010-03-12,Pharmacy,Regular,SPLR-010,1548033.78,12,129002.82,1729921.77,49.27,2.708,211.607193,7.838
1,Dept-04,2010-10-12,Grocery,Regular,SPLR-005,1682614.26,28,60093.37,1923332.67,46.33,2.843,211.4659526,7.838
1,Dept-09,2010-12-17,Grocery,New,SPLR-004,1891034.93,26,72732.11,2212079.36,49.84,2.869,211.4053124,7.838
1,Dept-01,2010-12-24,Home Essentials,Regular,SPLR-003,2387950.2,37,64539.19,2863252.68,52.33,2.886,211.4051222,7.838
1,Dept-07,2010-12-31,Grocery,Regular,SPLR-002,1367320.01,28,48832.86,1522885.78,48.43,2.943,211.4049321,7.838
1,Dept-01,2011-07-01,Electronics,New,SPLR-007,1444732.28,11,131339.3,1691453.68,48.27,2.976,211.4047419,7.742
1,Dept-05,2011-01-14,Home Essentials,New,SPLR-006,1391013.96,33,42151.94,1608195.45,35.4,2.983,211.4574109,7.742
1,Dept-04,2011-01-21,Electronics,Regular,SPLR-001,1327405.42,33,40224.41,1567639.34,44.04,3.016,211.8272343,7.742
1,Dept-10,2011-01-28,Clothing,Premium,SPLR-003,1316899.31,13,101299.95,1564269.95,43.83,3.01,212.1970577,7.742
1,Dept-08,2011-04-02,Clothing,Regular,SPLR-010,1606629.58,2,803314.79,1838324.26,42.27,2.989,212.5668812,7.742
1,Dept-02,2011-11-02,Pharmacy,Regular,SPLR-004,1649614.93,35,47131.86,1893569.13,36.39,3.022,212.9367046,7.742
1,Dept-05,2011-02-18,Grocery,Regular,SPLR-008,1686842.78,23,73340.99,1877824.4,57.36,3.045,213.2478853,7.742
1,Dept-02,2011-02-25,Home Essentials,Regular,SPLR-001,1456800.28,15,97120.02,1665324.42,62.9,3.065,213.535609,7.742
1,Dept-03,2011-04-03,Grocery,Premium,SPLR-006,1636263.41,1,1636263.41,1945013.15,59.58,3.288,213.8233327,7.742
1,Dept-05,2011-11-03,Grocery,Regular,SPLR-001,1553191.63,26,59738.14,1857819.38,53.56,3.459,214.1110564,7.742
1,Dept-01,2011-03-18,Electronics,Premium,SPLR-005,1576818.06,4,394204.52,1890339.82,62.76,3.488,214.3627114,7.742
1,Dept-09,2011-03-25,Pharmacy,New,SPLR-006,1541102.38,12,128425.2,1781581.95,69.97,3.473,214.5999389,7.742
1,Dept-03,2011-01-04,Electronics,New,SPLR-007,1495064.75,23,65002.82,1718091.23,59.17,3.524,214.8371664,7.682
1,Dept-04,2011-08-04,Electronics,New,SPLR-009,1614259.35,15,107617.29,1931876.42,67.84,3.622,215.0743939,7.682
1,Dept-04,2011-04-15,Electronics,Regular,SPLR-005,1559889.0,35,44568.26,1869980.94,71.27,3.743,215.2918561,7.682
1,Dept-03,2011-04-22,Grocery,Regular,SPLR-006,1564819.81,42,37257.61,1783874.41,72.99,3.807,215.4599053,7.682
1,Dept-10,2011-04-29,Grocery,Regular,SPLR-007,1455090.69,12,121257.56,1612178.84,72.03,3.81,215.6279544,7.682
1,Dept-10,2011-06-05,Clothing,Regular,SPLR-009,1629391.28,6,271565.21,1853413.41,64.61,3.906,215.7960035,7.682
1,Dept-09,2011-05-13,Pharmacy,Regular,SPLR-001,1604775.58,4,401193.9,1769487.27,75.64,3.899,215.9640526,7.682
1,Dept-07,2011-05-20,Home Essentials,New,SPLR-010,1428218.27,41,34834.59,1643528.41,67.63,3.907,215.7339202,7.682
1,Dept-09,2011-05-27,Home Essentials,Regular,SPLR-008,1466046.67,39,37590.94,1670349.47,77.72,3.786,215.5037878,7.682
1,Dept-10,2011-03-06,Home Essentials,Premium,SPLR-009,1635078.41,24,68128.27,1919590.45,83.0,3.699,215.2736553,7.682
1,Dept-08,2011-10-06,Clothing,Premium,SPLR-004,1588948.32,8,198618.54,1809265.49,83.13,3.648,215.0435229,7.682
1,Dept-04,2011-06-17,Home Essentials,Premium,SPLR-002,1532114.86,45,34047.0,1732669.43,86.41,3.637,214.9980596,7.682
1,Dept-06,2011-06-24,Grocery,Regular,SPLR-008,1438830.15,2,719415.08,1625048.15,83.58,3.594,215.0910982,7.682
1,Dept-06,2011-01-07,Home Essentials,Premium,SPLR-006,1488538.09,4,372134.52,1638995.95,85.55,3.524,215.1841368,7.962
1,Dept-09,2011-08-07,Electronics,Regular,SPLR-005,1534849.64,5,306969.93,1727259.25,85.83,3.48,215.2771754,7.962
1,Dept-05,2011-07-15,Pharmacy,Premium,SPLR-003,1455119.97,16,90945.0,1725603.33,88.54,3.575,215.3611087,7.962
1,Dept-04,2011-07-22,Home Essentials,Regular,SPLR-008,1396926.82,8,174615.85,1608739.21,85.77,3.651,215.4222784,7.962
1,Dept-09,2011-07-29,Grocery,New,SPLR-004,1352219.79,22,61464.54,1620186.7,86.83,3.682,215.4834482,7.962
1,Dept-04,2011-05-08,Pharmacy,Regular,SPLR-007,1624383.75,36,45121.77,1802323.51,91.65,3.684,215.544618,7.962
1,Dept-02,2011-12-08,Home Essentials,Regular,SPLR-006,1525147.09,18,84730.39,1795970.52,90.76,3.638,215.6057878,7.962
1,Dept-10,2011-08-19,Electronics,Regular,SPLR-001,1530761.43,6,255126.9,1710571.43,89.94,3.554,215.6693107,7.962
1,Dept-04,2011-08-26,Electronics,Regular,SPLR-006,1464693.46,44,33288.49,1674638.63,87.96,3.523,215.7332258,7.962
1,Dept-07,2011-02-09,Home Essentials,Premium,SPLR-005,1550229.22,8,193778.65,1822965.99,87.83,3.533,215.7971409,7.962
1,Dept-07,2011-09-09,Clothing,Regular,SPLR-005,1540471.24,18,85581.74,1715916.2,76.0,3.546,215.861056,7.962
1,Dept-08,2011-09-16,Grocery,Regular,SPLR-005,1514259.78,3,504753.26,1706706.67,79.94,3.526,216.0410526,7.962
1,Dept-01,2011-09-23,Home Essentials,Premium,SPLR-010,1380020.27,17,81177.66,1585692.11,75.8,3.467,216.3758246,7.962
1,Dept-06,2011-09-30,Electronics,New,SPLR-009,1394561.83,45,30990.26,1560985.56,79.69,3.355,216.7105965,7.962
1,Dept-06,2011-07-10,Clothing,Regular,SPLR-004,1630989.95,1,1630989.95,1795258.05,69.31,3.285,217.0453684,7.866
1,Dept-08,2011-10-14,Home Essentials,New,SPLR-003,1493525.93,39,38295.54,1691888.19,71.74,3.274,217.3552733,7.866
1,Dept-01,2011-10-21,Pharmacy,Regular,SPLR-009,1502562.78,11,136596.62,1701386.83,63.71,3.353,217.5159762,7.866
1,Dept-03,2011-10-28,Grocery,Regular,SPLR-003,1445249.09,20,72262.45,1702790.05,66.57,3.372,217.6766791,7.866
1,Dept-07,2011-04-11,Electronics,Regular,SPLR-002,1697229.58,46,36896.3,2008936.06,54.98,3.332,217.837382,7.866
1,Dept-06,2011-11-11,Home Essentials,New,SPLR-009,1594938.89,3,531646.3,1854978.49,59.11,3.297,217.9980849,7.866
1,Dept-03,2011-11-18,Clothing,Regular,SPLR-006,1539483.7,23,66934.07,1703600.5,62.25,3.308,218.2205088,7.866
1,Dept-08,2011-11-25,Electronics,Premium,SPLR-006,2033320.66,13,156409.28,2381467.94,60.14,3.236,218.4676211,7.866
1,Dept-08,2011-02-12,Electronics,Regular,SPLR-008,1584083.95,5,316816.79,1759381.92,48.91,3.172,218.7147333,7.866
1,Dept-01,2011-09-12,Grocery,Regular,SPLR-002,1799682.38,22,81803.74,2032871.04,43.93,3.158,218.9618456,7.866
1,Dept-03,2011-12-16,Clothing,Regular,SPLR-010,1881176.67,32,58786.77,2135619.05,51.63,3.159,219.1794533,7.866
1,Dept-04,2011-12-23,Grocery,Premium,SPLR-007,2270188.99,44,51595.2,2683195.19,47.96,3.112,219.3577216,7.866
1,Dept-08,2011-12-30,Electronics,Regular,SPLR-006,1497462.72,16,93591.42,1721868.69,44.55,3.129,219.5359898,7.866
1,Dept-06,2012-06-01,Home Essentials,Regular,SPLR-007,1550369.92,46,33703.69,1801348.94,49.01,3.157,219.7142581,7.348
1,Dept-04,2012-01-13,Home Essentials,Regular,SPLR-003,1459601.17,40,36490.03,1628008.23,48.53,3.261,219.8925263,7.348
1,Dept-01,2012-01-20,Electronics,Premium,SPLR-009,1394393.84,43,32427.76,1537168.59,54.11,3.268,219.9856893,7.348
1,Dept-03,2012-01-27,Electronics,Regular,SPLR-004,1319325.59,12,109943.8,1496693.26,54.26,3.29,220.0788523,7.348
1,Dept-10,2012-03-02,Clothing,Premium,SPLR-007,1636339.65,38,43061.57,1953164.89,56.55,3.36,220.1720153,7.348
1,Dept-04,2012-10-02,Home Essentials,Regular,SPLR-003,1802477.43,20,90123.87,1992386.16,48.02,3.409,220.2651783,7.348
1,Dept-08,2012-02-17,Home Essentials,Regular,SPLR-009,1819870.0,40,45496.75,2010009.27,45.32,3.51,220.4257586,7.348
1,Dept-01,2012-02-24,Grocery,Regular,SPLR-005,1539387.83,46,33464.95,1793768.5,57.25,3.555,220.636902,7.348
1,Dept-10,2012-02-03,Electronics,Regular,SPLR-002,1688420.76,48,35175.43,1990748.39,60.96,3.63,220.8480454,7.348
1,Dept-01,2012-09-03,Grocery,Premium,SPLR-001,1675431.16,11,152311.92,1872774.83,58.76,3.669,221.0591887,7.348
1,Dept-09,2012-03-16,Electronics,New,SPLR-002,1677472.78,25,67098.91,1934077.75,64.74,3.734,221.2118132,7.348
1,Dept-05,2012-03-23,Home Essentials,Regular,SPLR-003,1511068.07,31,48744.13,1714131.24,65.93,3.787,221.2864126,7.348
1,Dept-05,2012-03-30,Grocery,Regular,SPLR-005,1649604.63,5,329920.93,1937783.49,67.61,3.845,221.3610119,7.348
1,Dept-05,2012-06-04,Clothing,Regular,SPLR-004,1899676.88,21,90460.8,2149435.22,70.43,3.891,221.4356112,7.143
1,Dept-08,2012-04-13,Grocery,Regular,SPLR-006,1621031.7,34,47677.4,1792513.29,69.07,3.891,221.5102105,7.143
1,Dept-05,2012-04-20,Home Essentials,Regular,SPLR-001,1521577.87,5,304315.57,1790825.4,66.76,3.877,221.5640737,7.143
1,Dept-10,2012-04-27,Electronics,Regular,SPLR-010,1468928.37,9,163214.26,1708357.67,67.23,3.814,221.6179368,7.143
1,Dept-01,2012-04-05,Grocery,New,SPLR-010,1684519.99,19,88658.95,2018330.78,75.55,3.749,221.6718,7.143
1,Dept-10,2012-11-05,Clothing,Regular,SPLR-008,1611096.05,23,70047.65,1865006.05,73.77,3.688,221.7256632,7.143
1,Dept-07,2012-05-18,Clothing,Regular,SPLR-007,1595901.87,10,159590.19,1809896.12,70.33,3.63,221.742674,7.143
1,Dept-08,2012-05-25,Grocery,Regular,SPLR-004,1555444.55,12,129620.38,1712066.88,77.22,3.561,221.744944,7.143
1,Dept-06,2012-01-06,Home Essentials,Regular,SPLR-005,1624477.58,47,34563.35,1915558.74,77.95,3.501,221.7472139,7.143
1,Dept-02,2012-08-06,Home Essentials,New,SPLR-008,1697230.96,26,65278.11,1939788.64,78.3,3.452,221.7494839,7.143
1,Dept-06,2012-06-15,Grocery,Premium,SPLR-010,1630607.0,45,36235.71,1877316.76,79.35,3.393,221.7626421,7.143
1,Dept-07,2012-06-22,Clothing,New,SPLR-002,1527845.81,20,76392.29,1699580.02,78.39,3.346,221.8030211,7.143
1,Dept-05,2012-06-29,Pharmacy,Premium,SPLR-001,1540421.49,2,770210.74,1700317.73,84.88,3.286,221.8434,7.143
1,Dept-05,2012-06-07,Electronics,Regular,SPLR-006,1769854.16,25,70794.17,2000994.61,81.57,3.227,221.8837789,6.908
1,Dept-05,2012-07-13,Pharmacy,Regular,SPLR-005,1527014.04,44,34704.86,1755582.34,77.12,3.256,221.9241579,6.908
1,Dept-04,2012-07-20,Clothing,Regular,SPLR-005,1497954.76,9,166439.42,1786144.91,80.42,3.311,221.9327267,6.908
1,Dept-01,2012-07-27,Clothing,New,SPLR-007,1439123.71,13,110701.82,1642856.98,82.66,3.407,221.9412954,6.908
1,Dept-06,2012-03-08,Pharmacy,Regular,SPLR-003,1631135.79,16,101945.99,1855654.28,86.11,3.417,221.9498642,6.908
1,Dept-05,2012-10-08,Pharmacy,Premium,SPLR-008,1592409.97,12,132700.83,1816355.55,85.05,3.494,221.9584329,6.908
1,Dept-07,2012-08-17,Clothing,Regular,SPLR-006,1597868.05,30,53262.27,1797277.94,84.85,3.571,222.0384109,6.908
1,Dept-05,2012-08-24,Home Essentials,Regular,SPLR-009,1494122.38,23,64961.84,1695041.76,77.66,3.62,222.1719457,6.908
1,Dept-08,2012-08-31,Pharmacy,Regular,SPLR-010,1582083.4,22,71912.88,1871933.14,80.49,3.638,222.3054805,6.908
1,Dept-04,2012-07-09,Grocery,New,SPLR-007,1661767.33,37,44912.63,1917636.61,83.96,3.73,222.4390153,6.908
1,Dept-04,2012-09-14,Grocery,Regular,SPLR-010,1517428.87,49,30967.94,1718500.41,74.97,3.717,222.5820193,6.908
1,Dept-04,2012-09-21,Home Essentials,Regular,SPLR-003,1506126.06,28,53790.22,1745223.07,69.87,3.721,222.7818386,6.908
1,Dept-10,2012-09-28,Grocery,Regular,SPLR-005,1437059.26,32,44908.1,1652057.06,76.08,3.666,222.9816579,6.908
1,Dept-10,2012-05-10,Electronics,New,SPLR-002,1670785.97,7,238683.71,1901582.16,68.55,3.617,223.1814772,6.573
1,Dept-07,2012-12-10,Home Essentials,Regular,SPLR-010,1573072.81,37,42515.48,1834717.49,62.99,3.601,223.3812965,6.573
1,Dept-10,2012-10-19,Grocery,Regular,SPLR-010,1508068.77,46,32784.1,1675217.98,67.97,3.594,223.4257233,6.573
1,Dept-06,2012-10-26,Pharmacy,Premium,SPLR-010,1493659.74,32,46676.87,1651280.39,69.16,3.506,223.4442513,6.573
2,Dept-03,2010-05-02,Clothing,Regular,SPLR-009,2136989.46,30,71232.98,2351918.73,40.19,2.572,210.7526053,8.324
2,Dept-05,2010-12-02,Pharmacy,Regular,SPLR-009,2137809.5,44,48586.58,2389549.05,38.49,2.548,210.8979935,8.324
2,Dept-10,2010-02-19,Grocery,New,SPLR-006,2124451.54,42,50582.18,2408189.47,39.69,2.514,210.9451605,8.324
2,Dept-10,2010-02-26,Electronics,Regular,SPLR-005,1865097.27,40,46627.43,2103589.59,46.1,2.561,210.9759573,8.324
2,Dept-03,2010-05-03,Electronics,New,SPLR-003,1991013.13,8,248876.64,2351220.06,47.17,2.625,211.0067542,8.324
2,Dept-08,2010-12-03,Electronics,New,SPLR-005,1990483.78,15,132698.92,2223786.15,57.56,2.667,211.037551,8.324
2,Dept-07,2010-03-19,Grocery,New,SPLR-007,1946070.88,14,139005.06,2210059.93,54.52,2.72,210.8733316,8.324
2,Dept-02,2010-03-26,Clothing,Regular,SPLR-010,1750197.81,3,583399.27,1979562.78,51.26,2.732,210.6766095,8.324
2,Dept-10,2010-02-04,Clothing,Regular,SPLR-002,2066187.72,16,129136.73,2460727.18,63.27,2.719,210.4798874,8.2
2,Dept-08,2010-09-04,Pharmacy,New,SPLR-005,1954689.21,25,78187.57,2183636.71,65.41,2.77,210.2831653,8.2
2,Dept-01,2010-04-16,Pharmacy,Regular,SPLR-002,1874957.94,41,45730.68,2236952.42,68.07,2.808,210.1495463,8.2
2,Dept-03,2010-04-23,Pharmacy,Regular,SPLR-001,1821990.93,46,39608.5,2089053.27,65.11,2.795,210.1000648,8.2
2,Dept-05,2010-04-30,Pharmacy,Premium,SPLR-006,1802450.29,9,200272.25,2012680.68,66.98,2.78,210.0505833,8.2
2,Dept-06,2010-07-05,Electronics,Regular,SPLR-007,2042581.71,45,45390.7,2429804.33,71.28,2.835,210.0011018,8.2
2,Dept-04,2010-05-14,Electronics,Regular,SPLR-008,1880752.36,32,58773.51,2151723.52,73.31,2.854,209.9984585,8.2
2,Dept-04,2010-05-21,Home Essentials,New,SPLR-004,1896937.1,1,1896937.1,2189210.44,74.83,2.826,210.2768443,8.2
2,Dept-08,2010-05-28,Grocery,Regular,SPLR-001,1957113.89,5,391422.78,2175615.79,81.13,2.759,210.5552301,8.2
2,Dept-04,2010-04-06,Home Essentials,Regular,SPLR-010,2102539.93,48,43802.92,2500919.92,81.81,2.705,210.833616,8.2
2,Dept-04,2010-11-06,Grocery,Regular,SPLR-007,2025538.76,29,69846.16,2294286.5,83.4,2.668,211.1120018,8.2
2,Dept-05,2010-06-18,Electronics,New,SPLR-006,2001636.96,35,57189.63,2270770.58,85.81,2.637,211.1096543,8.2
2,Dept-06,2010-06-25,Home Essentials,Regular,SPLR-006,1939927.09,49,39590.35,2141863.28,86.26,2.653,210.9950134,8.2
2,Dept-01,2010-02-07,Clothing,Regular,SPLR-003,2003940.64,8,250492.58,2272493.8,82.74,2.669,210.8803726,8.099
2,Dept-02,2010-09-07,Electronics,Regular,SPLR-006,1880902.62,30,62696.75,2081963.65,82.59,2.642,210.7657317,8.099
2,Dept-01,2010-07-16,Clothing,Regular,SPLR-002,1845879.79,24,76911.66,2144053.92,85.32,2.623,210.7577954,8.099
2,Dept-04,2010-07-23,Electronics,Premium,SPLR-005,1781717.71,20,89085.89,2037616.18,87.66,2.608,210.8921319,8.099
2,Dept-02,2010-07-30,Grocery,Regular,SPLR-003,1804246.16,19,94960.32,1999899.94,83.49,2.64,211.0264684,8.099
2,Dept-01,2010-06-08,Grocery,Regular,SPLR-002,1991909.98,3,663969.99,2222193.75,89.53,2.627,211.1608049,8.099
2,Dept-08,2010-08-13,Electronics,Premium,SPLR-006,1895601.05,1,1895601.05,2199760.33,89.05,2.692,211.2951413,8.099
2,Dept-07,2010-08-20,Clothing,Regular,SPLR-009,1964335.23,17,115549.13,2293510.92,88.7,2.664,211.2596586,8.099
2,Dept-03,2010-08-27,Clothing,Regular,SPLR-007,1863840.49,29,64270.36,2124504.41,87.12,2.619,211.2241759,8.099
2,Dept-04,2010-03-09,Electronics,Premium,SPLR-008,1904608.09,6,317434.68,2169498.05,81.83,2.577,211.1886931,8.099
2,Dept-07,2010-10-09,Electronics,Regular,SPLR-006,1839128.83,48,38315.18,2133272.44,79.09,2.565,211.1532104,8.099
2,Dept-03,2010-09-17,Grocery,Regular,SPLR-005,1793903.6,27,66440.87,2107639.4,82.05,2.582,211.1806415,8.099
2,Dept-02,2010-09-24,Home Essentials,Regular,SPLR-008,1724557.22,11,156777.93,2062880.49,81.79,2.624,211.2552578,8.099
2,Dept-05,2010-01-10,Electronics,Regular,SPLR-008,1827440.43,6,304573.4,2025715.5,69.24,2.603,211.3298742,8.163
2,Dept-04,2010-08-10,Pharmacy,Regular,SPLR-003,1849921.44,18,102773.41,2070592.68,63.19,2.633,211.4044906,8.163
2,Dept-02,2010-10-15,Home Essentials,Regular,SPLR-005,1794355.49,20,89717.77,1991746.18,65.8,2.72,211.4713286,8.163
2,Dept-05,2010-10-22,Home Essentials,Regular,SPLR-008,1737947.64,6,289657.94,1929737.8,68.5,2.725,211.5187208,8.163
2,Dept-03,2010-10-29,Pharmacy,Premium,SPLR-010,1802755.11,42,42922.74,2089666.33,66.24,2.716,211.5661131,8.163
2,Dept-05,2010-05-11,Electronics,New,SPLR-002,1939061.41,28,69252.19,2302872.81,57.85,2.689,211.6135053,8.163
2,Dept-04,2010-12-11,Electronics,Regular,SPLR-004,1916812.74,25,76672.51,2292308.52,59.69,2.728,211.6608975,8.163
2,Dept-02,2010-11-19,Grocery,Regular,SPLR-005,1956739.17,5,391347.83,2305607.42,50.81,2.771,211.5470304,8.163
2,Dept-05,2010-11-26,Pharmacy,Regular,SPLR-007,2658725.29,30,88624.18,3047774.91,62.98,2.735,211.4062867,8.163
2,Dept-06,2010-03-12,Pharmacy,Regular,SPLR-004,2015781.27,35,57593.75,2364835.67,49.33,2.708,211.265543,8.163
2,Dept-08,2010-10-12,Pharmacy,Regular,SPLR-004,2378726.55,29,82025.05,2647360.37,45.5,2.843,211.1247993,8.163
2,Dept-01,2010-12-17,Electronics,Regular,SPLR-003,2609166.75,47,55514.19,2912938.24,47.55,2.869,211.0645458,8.163
2,Dept-07,2010-12-24,Home Essentials,New,SPLR-008,3436007.68,13,264308.28,3959396.22,49.97,2.886,211.0646599,8.163
2,Dept-03,2010-12-31,Home Essentials,Premium,SPLR-006,1750434.55,42,41677.01,2063848.33,47.3,2.943,211.064774,8.163
2,Dept-03,2011-07-01,Home Essentials,Regular,SPLR-005,1758050.79,35,50230.02,1972592.62,44.69,2.976,211.0648881,8.028
2,Dept-05,2011-01-14,Home Essentials,Regular,SPLR-001,1744193.58,18,96899.64,1985830.13,33.02,2.983,211.1176713,8.028
2,Dept-04,2011-01-21,Home Essentials,Regular,SPLR-006,1751384.9,48,36487.19,2003547.01,41.4,3.016,211.4864691,8.028
2,Dept-07,2011-01-28,Clothing,Regular,SPLR-002,1695371.68,25,67814.87,1915469.24,42.83,3.01,211.8552668,8.028
2,Dept-04,2011-04-02,Electronics,New,SPLR-003,1929346.23,24,80389.43,2230928.18,38.25,2.989,212.2240646,8.028
2,Dept-06,2011-11-02,Grocery,Regular,SPLR-003,2168041.61,43,50419.57,2497004.18,33.19,3.022,212.5928624,8.028
2,Dept-04,2011-02-18,Home Essentials,Regular,SPLR-004,2080884.82,14,148634.63,2492814.28,57.83,3.045,212.9033115,8.028
2,Dept-07,2011-02-25,Home Essentials,Regular,SPLR-001,1833511.08,28,65482.54,2036934.98,60.8,3.065,213.190421,8.028
2,Dept-07,2011-04-03,Home Essentials,Regular,SPLR-002,1981607.78,36,55044.66,2303688.97,57.77,3.288,213.4775305,8.028
2,Dept-02,2011-11-03,Clothing,Regular,SPLR-006,1879107.31,8,234888.41,2205448.62,52.7,3.459,213.7646401,8.028
2,Dept-03,2011-03-18,Home Essentials,Premium,SPLR-003,1902557.66,45,42279.06,2129561.91,62.32,3.488,214.0156238,8.028
2,Dept-07,2011-03-25,Grocery,Regular,SPLR-007,1766162.05,4,441540.51,2015644.12,69.42,3.473,214.2521573,8.028
2,Dept-03,2011-01-04,Electronics,New,SPLR-007,1800171.36,21,85722.45,2098129.51,55.43,3.524,214.4886908,7.931
2,Dept-01,2011-08-04,Electronics,Regular,SPLR-003,1847552.61,20,92377.63,2193989.93,67.0,3.622,214.7252242,7.931
2,Dept-05,2011-04-15,Electronics,Premium,SPLR-004,1856467.84,7,265209.69,2073259.44,69.48,3.743,214.9420631,7.931
2,Dept-05,2011-04-22,Electronics,Regular,SPLR-004,1886339.6,3,628779.87,2108919.54,69.39,3.807,215.1096657,7.931
2,Dept-06,2011-04-29,Electronics,Premium,SPLR-002,1745545.28,22,79342.97,2004931.45,69.21,3.81,215.2772683,7.931
2,Dept-06,2011-06-05,Pharmacy,Regular,SPLR-005,1837743.6,30,61258.12,2121807.44,61.48,3.906,215.4448709,7.931
2,Dept-06,2011-05-13,Clothing,Regular,SPLR-005,1838513.07,21,87548.24,2067305.77,74.61,3.899,215.6124735,7.931
2,Dept-07,2011-05-20,Home Essentials,Regular,SPLR-007,1688281.86,46,36701.78,1943572.28,67.14,3.907,215.3834778,7.931
2,Dept-10,2011-05-27,Grocery,Regular,SPLR-009,1797732.56,13,138287.12,2118220.98,76.42,3.786,215.1544822,7.931
2,Dept-08,2011-03-06,Electronics,Regular,SPLR-002,1933756.21,1,1933756.21,2194533.77,83.07,3.699,214.9254865,7.931
2,Dept-04,2011-10-06,Pharmacy,Regular,SPLR-002,1929153.16,39,49465.47,2177606.88,83.4,3.648,214.6964908,7.931
2,Dept-08,2011-06-17,Clothing,Regular,SPLR-007,1953771.99,13,150290.15,2159216.15,86.53,3.637,214.6513538,7.931
2,Dept-07,2011-06-24,Grocery,Premium,SPLR-001,1790925.8,12,149243.82,2053537.39,85.17,3.594,214.7441108,7.931
2,Dept-07,2011-01-07,Home Essentials,Regular,SPLR-008,1866243.0,23,81141.0,2060847.73,85.69,3.524,214.8368678,7.852
2,Dept-02,2011-08-07,Grocery,Regular,SPLR-002,1853161.99,18,102953.44,2201130.5,87.7,3.48,214.9296249,7.852
2,Dept-04,2011-07-15,Home Essentials,Regular,SPLR-001,1785187.29,10,178518.73,2029334.02,89.83,3.575,215.0134426,7.852
2,Dept-10,2011-07-22,Electronics,Regular,SPLR-009,1743816.41,40,43595.41,2054517.35,89.34,3.651,215.0749122,7.852
2,Dept-05,2011-07-29,Clothing,Regular,SPLR-004,1680693.06,34,49432.15,1907687.23,90.07,3.682,215.1363819,7.852
2,Dept-09,2011-05-08,Home Essentials,Regular,SPLR-004,1876704.26,38,49386.95,2128247.77,93.34,3.684,215.1978515,7.852
2,Dept-07,2011-12-08,Grocery,Regular,SPLR-002,1812768.26,19,95408.86,2083324.13,91.58,3.638,215.2593211,7.852
2,Dept-02,2011-08-19,Electronics,Regular,SPLR-007,1844094.59,34,54238.08,2133152.77,89.86,3.554,215.3229307,7.852
2,Dept-02,2011-08-26,Grocery,New,SPLR-008,1821139.91,18,101174.44,2153193.67,90.45,3.523,215.386897,7.852
2,Dept-08,2011-02-09,Pharmacy,New,SPLR-001,1809119.7,47,38491.91,2165072.48,89.64,3.533,215.4508632,7.852
2,Dept-01,2011-09-09,Electronics,Regular,SPLR-005,1748000.65,44,39727.29,1926913.76,77.97,3.546,215.5148295,7.852
2,Dept-07,2011-09-16,Grocery,Premium,SPLR-007,1691439.52,28,60408.55,1893963.87,78.85,3.526,215.6944378,7.852
2,Dept-10,2011-09-23,Home Essentials,Regular,SPLR-001,1669299.78,13,128407.68,1882744.72,75.58,3.467,216.0282356,7.852
2,Dept-08,2011-09-30,Clothing,New,SPLR-003,1650394.44,21,78590.21,1841069.42,78.14,3.355,216.3620333,7.852
2,Dept-02,2011-07-10,Electronics,Regular,SPLR-004,1837553.43,47,39096.88,2068090.59,69.92,3.285,216.6958311,7.441
2,Dept-04,2011-10-14,Clothing,Regular,SPLR-001,1743882.19,7,249126.03,1988777.99,71.67,3.274,217.0048261,7.441
2,Dept-02,2011-10-21,Clothing,Premium,SPLR-003,1834680.25,49,37442.45,2147211.02,64.53,3.353,217.1650042,7.441
2,Dept-04,2011-10-28,Clothing,Premium,SPLR-005,1769296.25,36,49147.12,1986608.88,65.87,3.372,217.3251824,7.441
2,Dept-07,2011-04-11,Home Essentials,Premium,SPLR-001,1959707.9,46,42602.35,2234949.01,55.53,3.332,217.4853605,7.441
2,Dept-02,2011-11-11,Grocery,Regular,SPLR-004,1920725.15,9,213413.91,2257622.26,59.33,3.297,217.6455387,7.441
2,Dept-04,2011-11-18,Electronics,Regular,SPLR-005,1902762.5,3,634254.17,2178160.7,62.01,3.308,217.8670218,7.441
2,Dept-09,2011-11-25,Pharmacy,New,SPLR-004,2614202.3,12,217850.19,3135525.09,56.36,3.236,218.1130269,7.441
2,Dept-03,2011-02-12,Grocery,Regular,SPLR-008,1954952.0,10,195495.2,2195266.28,48.74,3.172,218.3590319,7.441
2,Dept-05,2011-09-12,Home Essentials,New,SPLR-003,2290549.32,13,176196.1,2687179.03,41.76,3.158,218.605037,7.441
2,Dept-02,2011-12-16,Clothing,Regular,SPLR-010,2432736.52,40,60818.41,2710858.6,50.13,3.159,218.8217928,7.441
2,Dept-10,2011-12-23,Grocery,New,SPLR-002,3224369.8,5,644873.96,3739573.3,46.66,3.112,218.9995495,7.441
2,Dept-08,2011-12-30,Home Essentials,New,SPLR-004,1874226.52,46,40744.05,2112790.02,44.57,3.129,219.1773063,7.441
2,Dept-01,2012-06-01,Pharmacy,Regular,SPLR-006,1799520.14,26,69212.31,2061986.99,46.75,3.157,219.355063,7.057
2,Dept-05,2012-01-13,Grocery,New,SPLR-001,1744725.48,13,134209.65,2016640.42,45.99,3.261,219.5328198,7.057
2,Dept-08,2012-01-20,Pharmacy,Regular,SPLR-004,1711769.11,23,74424.74,2013309.66,51.7,3.268,219.6258417,7.057
2,Dept-04,2012-01-27,Grocery,Regular,SPLR-006,1660906.14,13,127762.01,1878821.23,50.5,3.29,219.7188636,7.057
2,Dept-05,2012-03-02,Home Essentials,Regular,SPLR-005,1935299.94,1,1935299.94,2183753.29,55.21,3.36,219.8118854,7.057
2,Dept-03,2012-10-02,Electronics,Regular,SPLR-010,2103322.68,39,53931.35,2462734.65,46.98,3.409,219.9049073,7.057
2,Dept-03,2012-02-17,Grocery,Regular,SPLR-007,2196688.46,6,366114.74,2592218.93,43.82,3.51,220.0651993,7.057
2,Dept-08,2012-02-24,Pharmacy,Regular,SPLR-010,1861802.7,34,54758.9,2222831.25,54.63,3.555,220.275944,7.057
2,Dept-06,2012-02-03,Pharmacy,New,SPLR-007,1952555.66,19,102766.09,2190885.81,58.79,3.63,220.4866886,7.057
2,Dept-05,2012-09-03,Grocery,Regular,SPLR-002,1937628.26,45,43058.41,2303877.28,57.11,3.669,220.6974332,7.057
2,Dept-06,2012-03-16,Pharmacy,Premium,SPLR-006,1976082.13,5,395216.43,2243182.12,63.68,3.734,220.8498468,7.057
2,Dept-06,2012-03-23,Grocery,Premium,SPLR-006,1790439.16,40,44760.98,2138039.75,64.01,3.787,220.9244858,7.057
2,Dept-07,2012-03-30,Pharmacy,New,SPLR-001,1857480.84,6,309580.14,2099450.04,66.83,3.845,220.9991248,7.057
2,Dept-06,2012-06-04,Home Essentials,Regular,SPLR-002,2129035.91,1,2129035.91,2452759.67,68.43,3.891,221.0737638,6.891
2,Dept-09,2012-04-13,Clothing,Regular,SPLR-001,1935869.1,6,322644.85,2146333.05,68.08,3.891,221.1484028,6.891
2,Dept-10,2012-04-20,Clothing,New,SPLR-010,1847344.45,2,923672.22,2208553.03,65.69,3.877,221.2021074,6.891
2,Dept-01,2012-04-27,Pharmacy,Regular,SPLR-007,1764133.09,26,67851.27,2005949.63,67.2,3.814,221.255812,6.891
2,Dept-09,2012-04-05,Grocery,Regular,SPLR-001,1923957.09,16,120247.32,2143333.86,76.73,3.749,221.3095166,6.891
2,Dept-09,2012-11-05,Clothing,Regular,SPLR-006,1917520.99,13,147501.61,2233573.32,73.87,3.688,221.3632212,6.891
2,Dept-09,2012-05-18,Home Essentials,Premium,SPLR-001,2000940.67,37,54079.48,2394803.77,71.27,3.63,221.380331,6.891
2,Dept-01,2012-05-25,Grocery,New,SPLR-001,1912791.09,34,56258.56,2149910.15,78.19,3.561,221.3828029,6.891
2,Dept-01,2012-01-06,Home Essentials,Regular,SPLR-010,1910092.37,30,63669.75,2143789.53,78.38,3.501,221.3852748,6.891
2,Dept-10,2012-08-06,Clothing,Regular,SPLR-004,2010216.49,44,45686.74,2354636.57,78.69,3.452,221.3877467,6.891
2,Dept-07,2012-06-15,Grocery,Regular,SPLR-003,1962924.3,9,218102.7,2163672.86,80.56,3.393,221.4009901,6.891
2,Dept-10,2012-06-22,Clothing,Regular,SPLR-010,1887733.21,48,39327.78,2170550.93,81.04,3.346,221.4411622,6.891
2,Dept-10,2012-06-29,Electronics,New,SPLR-008,1881046.12,1,1881046.12,2192831.97,86.32,3.286,221.4813343,6.891
2,Dept-06,2012-06-07,Home Essentials,New,SPLR-005,2041507.4,15,136100.49,2364251.38,84.2,3.227,221.5215064,6.565
2,Dept-09,2012-07-13,Electronics,New,SPLR-004,1830075.13,6,305012.52,2089055.03,80.17,3.256,221.5616784,6.565
2,Dept-03,2012-07-20,Pharmacy,Regular,SPLR-005,1819666.46,13,139974.34,2169227.89,83.23,3.311,221.5701123,6.565
2,Dept-06,2012-07-27,Grocery,Premium,SPLR-008,1757923.88,42,41855.33,2038709.77,86.37,3.407,221.5785461,6.565
2,Dept-05,2012-03-08,Clothing,Regular,SPLR-007,1946104.64,20,97305.23,2298095.4,90.22,3.417,221.5869799,6.565
2,Dept-07,2012-10-08,Electronics,Premium,SPLR-001,1866719.96,8,233340.0,2102915.67,88.55,3.494,221.5954138,6.565
2,Dept-02,2012-08-17,Grocery,Regular,SPLR-010,1928016.01,27,71408.0,2172484.61,84.79,3.571,221.6751459,6.565
2,Dept-07,2012-08-24,Grocery,New,SPLR-008,1876788.15,44,42654.28,2239929.71,76.91,3.62,221.8083518,6.565
2,Dept-02,2012-08-31,Grocery,New,SPLR-004,1947083.3,18,108171.29,2186583.56,82.64,3.638,221.9415576,6.565
2,Dept-04,2012-07-09,Electronics,Regular,SPLR-002,1898777.07,39,48686.59,2196547.47,87.65,3.73,222.0747635,6.565
2,Dept-04,2012-09-14,Clothing,Regular,SPLR-003,1814806.63,37,49048.83,2009369.8,75.88,3.717,222.2174395,6.565
2,Dept-02,2012-09-21,Grocery,Premium,SPLR-009,1829415.67,44,41577.63,2137233.81,71.09,3.721,222.4169362,6.565
2,Dept-03,2012-09-28,Clothing,Regular,SPLR-002,1746470.56,27,64684.09,2029336.45,79.45,3.666,222.6164329,6.565
2,Dept-02,2012-05-10,Clothing,Premium,SPLR-004,1998321.04,18,111017.84,2338253.16,70.27,3.617,222.8159296,6.17
2,Dept-02,2012-12-10,Electronics,Regular,SPLR-005,1900745.13,42,45255.84,2211780.32,60.97,3.601,223.0154263,6.17
2,Dept-03,2012-10-19,Electronics,Regular,SPLR-007,1847990.41,14,131999.32,2061860.01,68.08,3.594,223.0598077,6.17
2,Dept-10,2012-10-26,Clothing,Premium,SPLR-004,1834458.35,37,49579.96,2098194.82,69.79,3.506,223.0783366,6.17
3,Dept-02,2010-05-02,Home Essentials,Regular,SPLR-007,461622.22,23,20070.53,511031.59,45.71,2.572,214.4248812,7.368
3,Dept-09,2010-12-02,Grocery,Regular,SPLR-005,420728.96,2,210364.48,490802.14,47.93,2.548,214.5747916,7.368
3,Dept-08,2010-02-19,Home Essentials,New,SPLR-009,421642.19,18,23424.57,466030.89,47.07,2.514,214.6198868,7.368
3,Dept-01,2010-02-26,Electronics,New,SPLR-008,407204.86,18,22622.49,472534.84,52.05,2.561,214.6475127,7.368
3,Dept-09,2010-05-03,Grocery,New,SPLR-009,415202.04,22,18872.82,463790.35,53.04,2.625,214.6751386,7.368
3,Dept-07,2010-12-03,Pharmacy,Regular,SPLR-002,384200.69,20,19210.03,446929.41,63.08,2.667,214.7027646,7.368
3,Dept-10,2010-03-19,Electronics,Regular,SPLR-007,375328.59,28,13404.59,430502.45,60.42,2.72,214.5301219,7.368
3,Dept-05,2010-03-26,Clothing,Premium,SPLR-009,359949.27,43,8370.91,407297.89,57.06,2.732,214.3241011,7.368
3,Dept-03,2010-02-04,Electronics,Regular,SPLR-001,423294.4,31,13654.66,480908.04,65.56,2.719,214.1180803,7.343
3,Dept-02,2010-09-04,Pharmacy,Regular,SPLR-003,415870.28,8,51983.78,490283.13,68.0,2.77,213.9120595,7.343
3,Dept-06,2010-04-16,Clothing,Regular,SPLR-006,354993.26,40,8874.83,408730.87,66.98,2.808,213.7726889,7.343
3,Dept-02,2010-04-23,Electronics,Regular,SPLR-010,339976.65,43,7906.43,390327.68,67.87,2.795,213.7221852,7.343
3,Dept-06,2010-04-30,Electronics,Regular,SPLR-002,361248.39,11,32840.76,432172.58,70.24,2.78,213.6716815,7.343
3,Dept-05,2010-07-05,Grocery,Premium,SPLR-003,399323.86,3,133107.95,478175.53,73.47,2.835,213.6211778,7.343
3,Dept-03,2010-05-14,Home Essentials,Regular,SPLR-010,384357.94,12,32029.83,436897.08,77.18,2.854,213.6196139,7.343
3,Dept-01,2010-05-21,Electronics,Premium,SPLR-010,343763.17,48,7161.73,382686.67,75.81,2.826,213.9116886,7.343
3,Dept-05,2010-05-28,Electronics,Regular,SPLR-008,350089.23,21,16670.92,394366.05,78.6,2.759,214.2037634,7.343
3,Dept-08,2010-04-06,Home Essentials,Regular,SPLR-004,396968.8,24,16540.37,467830.85,78.53,2.705,214.4958382,7.343
3,Dept-09,2010-11-06,Grocery,Premium,SPLR-009,355017.09,19,18685.11,403542.21,82.1,2.668,214.787913,7.343
3,Dept-10,2010-06-18,Grocery,New,SPLR-001,364076.85,22,16548.95,400825.69,83.52,2.637,214.7858259,7.343
3,Dept-10,2010-06-25,Clothing,Regular,SPLR-002,357346.48,4,89336.62,415495.34,83.79,2.653,214.6660741,7.343
3,Dept-09,2010-02-07,Home Essentials,Regular,SPLR-009,381151.72,16,23821.98,455941.8,82.2,2.669,214.5463222,7.346
3,Dept-05,2010-09-07,Pharmacy,Regular,SPLR-009,349214.18,2,174607.09,410691.14,81.75,2.642,214.4265704,7.346
3,Dept-01,2010-07-16,Pharmacy,Regular,SPLR-002,352728.78,10,35272.88,418541.83,84.32,2.623,214.4176476,7.346
3,Dept-03,2010-07-23,Pharmacy,New,SPLR-004,352864.49,11,32078.59,405429.7,83.32,2.608,214.5564968,7.346
3,Dept-07,2010-07-30,Home Essentials,Regular,SPLR-006,347955.05,8,43494.38,409755.55,82.04,2.64,214.695346,7.346
3,Dept-06,2010-06-08,Grocery,Premium,SPLR-006,402635.76,14,28759.7,453216.17,85.13,2.627,214.8341952,7.346
3,Dept-07,2010-08-13,Clothing,New,SPLR-007,339597.38,34,9988.16,401806.77,86.74,2.692,214.9730444,7.346
3,Dept-04,2010-08-20,Grocery,Regular,SPLR-006,351728.21,10,35172.82,412258.82,88.02,2.664,214.9314191,7.346
3,Dept-08,2010-08-27,Clothing,Regular,SPLR-002,362134.09,27,13412.37,407606.51,86.15,2.619,214.8897938,7.346
3,Dept-07,2010-03-09,Electronics,Premium,SPLR-004,366473.97,12,30539.5,415360.3,84.16,2.577,214.8481685,7.346
3,Dept-04,2010-10-09,Pharmacy,New,SPLR-006,352260.97,40,8806.52,401153.62,80.84,2.565,214.8065431,7.346
3,Dept-07,2010-09-17,Clothing,Regular,SPLR-010,363064.64,39,9309.35,414889.49,82.36,2.582,214.8322484,7.346
3,Dept-08,2010-09-24,Grocery,Regular,SPLR-009,355626.87,18,19757.05,413110.09,76.9,2.624,214.9084516,7.346
3,Dept-01,2010-01-10,Grocery,New,SPLR-003,358784.1,9,39864.9,395838.87,73.6,2.603,214.9846548,7.564
3,Dept-06,2010-08-10,Pharmacy,New,SPLR-009,395107.35,21,18814.64,455824.75,66.99,2.633,215.060858,7.564
3,Dept-09,2010-10-15,Grocery,New,SPLR-010,345584.39,15,23038.96,386472.65,69.71,2.72,215.1293114,7.564
3,Dept-05,2010-10-22,Pharmacy,Regular,SPLR-001,348895.98,29,12030.9,393786.99,71.64,2.725,215.17839,7.564
3,Dept-02,2010-10-29,Grocery,Regular,SPLR-004,348591.74,2,174295.87,399768.57,72.04,2.716,215.2274686,7.564
3,Dept-03,2010-05-11,Home Essentials,Premium,SPLR-010,423175.56,18,23509.75,496349.36,62.94,2.689,215.2765472,7.564
3,Dept-03,2010-12-11,Electronics,Regular,SPLR-005,386635.03,1,386635.03,450018.85,62.79,2.728,215.3256258,7.564
3,Dept-05,2010-11-19,Home Essentials,New,SPLR-008,372545.32,12,31045.44,421803.2,57.72,2.771,215.2074519,7.564
3,Dept-09,2010-11-26,Grocery,Premium,SPLR-001,565567.84,10,56556.78,673686.51,68.71,2.735,215.0614025,7.564
3,Dept-02,2010-03-12,Clothing,Premium,SPLR-007,476420.77,37,12876.24,569904.41,53.76,2.708,214.9153531,7.564
3,Dept-10,2010-10-12,Electronics,New,SPLR-009,467642.03,7,66806.0,552889.44,51.13,2.843,214.7693037,7.564
3,Dept-07,2010-12-17,Home Essentials,Regular,SPLR-007,498159.39,45,11070.21,549298.8,52.2,2.869,214.704919,7.564
3,Dept-08,2010-12-24,Home Essentials,Regular,SPLR-003,605990.41,47,12893.41,725611.2,57.16,2.886,214.7017828,7.564
3,Dept-08,2010-12-31,Clothing,Regular,SPLR-003,382677.76,31,12344.44,455010.44,53.2,2.943,214.6986466,7.564
3,Dept-02,2011-07-01,Clothing,Regular,SPLR-007,378241.34,37,10222.74,429384.79,53.35,2.976,214.6955104,7.551
3,Dept-04,2011-01-14,Grocery,Regular,SPLR-008,381061.1,26,14656.2,440375.32,44.76,2.983,214.7470729,7.551
3,Dept-03,2011-01-21,Grocery,Regular,SPLR-002,350876.7,42,8354.21,390061.39,50.74,3.016,215.1268275,7.551
3,Dept-02,2011-01-28,Pharmacy,Regular,SPLR-003,364866.24,38,9601.74,434034.46,48.71,3.01,215.5065821,7.551
3,Dept-09,2011-04-02,Clothing,Regular,SPLR-004,438516.53,7,62645.22,505558.68,45.95,2.989,215.8863367,7.551
3,Dept-06,2011-11-02,Electronics,Regular,SPLR-003,430526.21,47,9160.13,507226.27,43.57,3.022,216.2660913,7.551
3,Dept-06,2011-02-18,Electronics,Regular,SPLR-008,432782.1,8,54097.76,502574.4,61.58,3.045,216.5843571,7.551
3,Dept-08,2011-02-25,Pharmacy,Regular,SPLR-006,397211.19,49,8106.35,475802.69,67.4,3.065,216.8780275,7.551
3,Dept-08,2011-04-03,Clothing,New,SPLR-008,437084.51,25,17483.38,524095.64,65.11,3.288,217.1716979,7.551
3,Dept-03,2011-11-03,Home Essentials,Regular,SPLR-010,404753.3,34,11904.51,457990.44,61.29,3.459,217.4653683,7.551
3,Dept-07,2011-03-18,Clothing,Premium,SPLR-010,392109.51,14,28007.82,453087.03,69.47,3.488,217.7235226,7.551
3,Dept-07,2011-03-25,Electronics,New,SPLR-009,380683.67,1,380683.67,440957.35,72.94,3.473,217.9674705,7.551
3,Dept-08,2011-01-04,Grocery,Regular,SPLR-005,374556.08,3,124852.03,445841.59,68.76,3.524,218.2114184,7.574
3,Dept-09,2011-08-04,Clothing,Premium,SPLR-005,384075.31,48,8001.57,430488.73,72.55,3.622,218.4553663,7.574
3,Dept-07,2011-04-15,Grocery,New,SPLR-008,366250.69,44,8323.88,415180.82,75.88,3.743,218.6788642,7.574
3,Dept-07,2011-04-22,Pharmacy,New,SPLR-001,391860.04,25,15674.4,458396.86,76.91,3.807,218.851237,7.574
3,Dept-03,2011-04-29,Clothing,Regular,SPLR-010,367405.4,18,20411.41,406363.03,78.69,3.81,219.0236099,7.574
3,Dept-09,2011-06-05,Pharmacy,Regular,SPLR-010,413042.12,18,22946.78,467018.45,69.45,3.906,219.1959827,7.574
3,Dept-06,2011-05-13,Home Essentials,Regular,SPLR-002,386312.68,30,12877.09,445443.35,79.87,3.899,219.3683556,7.574
3,Dept-08,2011-05-20,Clothing,New,SPLR-001,364603.13,17,21447.24,407504.01,75.79,3.907,219.127216,7.574
3,Dept-06,2011-05-27,Home Essentials,Regular,SPLR-010,369350.6,41,9008.55,415627.55,84.41,3.786,218.8860765,7.574
3,Dept-03,2011-03-06,Clothing,Regular,SPLR-006,394507.84,35,11271.65,446960.73,84.29,3.699,218.6449369,7.574
3,Dept-06,2011-10-06,Electronics,New,SPLR-006,391638.75,46,8513.89,453074.63,84.84,3.648,218.4037974,7.574
3,Dept-02,2011-06-17,Electronics,Premium,SPLR-010,403423.34,19,21232.81,478730.23,86.96,3.637,218.3551748,7.574
3,Dept-09,2011-06-24,Pharmacy,New,SPLR-007,385520.71,38,10145.28,450084.53,84.94,3.594,218.45094,7.574
3,Dept-10,2011-01-07,Electronics,Regular,SPLR-004,368962.72,24,15373.45,428544.06,85.1,3.524,218.5467052,7.567
3,Dept-06,2011-08-07,Clothing,Regular,SPLR-005,395146.24,48,8232.21,450230.08,85.38,3.48,218.6424704,7.567
3,Dept-10,2011-07-15,Pharmacy,New,SPLR-006,373454.33,13,28727.26,416487.13,87.14,3.575,218.7275216,7.567
3,Dept-05,2011-07-22,Clothing,Regular,SPLR-005,360617.37,49,7359.54,424842.09,86.19,3.651,218.7857881,7.567
3,Dept-09,2011-07-29,Home Essentials,Regular,SPLR-005,345381.29,41,8423.93,407685.36,88.07,3.682,218.8440545,7.567
3,Dept-06,2011-05-08,Clothing,Premium,SPLR-004,409981.25,34,12058.27,466589.0,88.45,3.684,218.9023209,7.567
3,Dept-10,2011-12-08,Home Essentials,New,SPLR-007,380376.85,12,31698.07,452015.81,88.88,3.638,218.9605873,7.567
3,Dept-10,2011-08-19,Clothing,Premium,SPLR-004,379716.91,41,9261.39,453738.67,88.44,3.554,219.023271,7.567
3,Dept-01,2011-08-26,Grocery,Regular,SPLR-003,366367.55,4,91591.89,423394.17,87.67,3.523,219.0866908,7.567
3,Dept-05,2011-02-09,Pharmacy,Regular,SPLR-003,375988.69,16,23499.29,427426.49,89.12,3.533,219.1501106,7.567
3,Dept-01,2011-09-09,Home Essentials,Regular,SPLR-005,377347.49,33,11434.77,436565.45,81.72,3.546,219.2135305,7.567
3,Dept-03,2011-09-16,Electronics,Regular,SPLR-003,375629.51,19,19769.97,429300.76,83.63,3.526,219.3972867,7.567
3,Dept-04,2011-09-23,Pharmacy,Regular,SPLR-005,365248.94,34,10742.62,425651.45,80.19,3.467,219.7414914,7.567
3,Dept-09,2011-09-30,Electronics,Regular,SPLR-009,368477.93,29,12706.14,425679.56,82.58,3.355,220.085696,7.567
3,Dept-05,2011-07-10,Clothing,Regular,SPLR-002,403342.4,19,21228.55,474358.32,75.54,3.285,220.4299007,7.197
3,Dept-09,2011-10-14,Grocery,Premium,SPLR-001,368282.57,33,11160.08,412859.22,73.75,3.274,220.7486167,7.197
3,Dept-07,2011-10-21,Grocery,Premium,SPLR-009,394976.36,5,78995.27,466698.73,69.03,3.353,220.9144005,7.197
3,Dept-06,2011-10-28,Electronics,Regular,SPLR-009,389540.62,1,389540.62,439494.11,71.04,3.372,221.0801842,7.197
3,Dept-02,2011-04-11,Pharmacy,Premium,SPLR-004,459443.22,3,153147.74,546347.23,59.31,3.332,221.245968,7.197
3,Dept-03,2011-11-11,Grocery,New,SPLR-008,407764.25,9,45307.14,467335.64,61.7,3.297,221.4117517,7.197
3,Dept-09,2011-11-18,Pharmacy,Regular,SPLR-009,398838.97,28,14244.25,466887.9,63.91,3.308,221.6432852,7.197
3,Dept-05,2011-11-25,Pharmacy,Regular,SPLR-002,556925.19,11,50629.56,647734.84,68.0,3.236,221.9011185,7.197
3,Dept-10,2011-02-12,Pharmacy,Regular,SPLR-005,472511.32,2,236255.66,525756.11,54.97,3.172,222.1589519,7.197
3,Dept-03,2011-09-12,Clothing,Regular,SPLR-004,468772.8,8,58596.6,550343.12,49.26,3.158,222.4167852,7.197
3,Dept-06,2011-12-16,Electronics,Regular,SPLR-001,510747.62,41,12457.26,607957.01,57.95,3.159,222.6426418,7.197
3,Dept-10,2011-12-23,Grocery,Regular,SPLR-004,551221.21,39,14133.88,621345.7,53.41,3.112,222.8258628,7.197
3,Dept-05,2011-12-30,Clothing,New,SPLR-008,410553.88,9,45617.1,489622.51,48.29,3.129,223.0090839,7.197
3,Dept-07,2012-06-01,Clothing,New,SPLR-002,398178.21,5,79635.64,461949.67,52.42,3.157,223.1923049,6.833
3,Dept-10,2012-01-13,Home Essentials,Regular,SPLR-001,367438.62,6,61239.77,431315.05,51.86,3.261,223.3755259,6.833
3,Dept-03,2012-01-20,Home Essentials,Regular,SPLR-004,365818.61,18,20323.26,404799.04,56.2,3.268,223.4700552,6.833
3,Dept-06,2012-01-27,Clothing,New,SPLR-010,349518.1,5,69903.62,403239.5,58.06,3.29,223.5645845,6.833
3,Dept-04,2012-03-02,Home Essentials,Regular,SPLR-007,424960.66,6,70826.78,475506.34,59.33,3.36,223.6591137,6.833
3,Dept-06,2012-10-02,Electronics,Regular,SPLR-008,473292.47,17,27840.73,541503.57,51.65,3.409,223.753643,6.833
3,Dept-10,2012-02-17,Home Essentials,Regular,SPLR-003,475591.08,22,21617.78,546290.22,52.39,3.51,223.9170153,6.833
3,Dept-04,2012-02-24,Electronics,Regular,SPLR-002,418925.47,37,11322.31,477428.72,60.12,3.555,224.1320199,6.833
3,Dept-06,2012-02-03,Grocery,Regular,SPLR-009,469752.56,9,52194.73,527782.39,61.65,3.63,224.3470245,6.833
3,Dept-05,2012-09-03,Electronics,New,SPLR-009,445162.05,43,10352.61,510151.4,60.71,3.669,224.5620291,6.833
3,Dept-08,2012-03-16,Electronics,Regular,SPLR-003,411775.8,44,9358.54,467859.46,64.0,3.734,224.7166953,6.833
3,Dept-04,2012-03-23,Home Essentials,Regular,SPLR-007,413907.25,38,10892.3,467817.74,66.53,3.787,224.7909104,6.833
3,Dept-07,2012-03-30,Pharmacy,Regular,SPLR-004,407488.84,11,37044.44,484131.87,69.36,3.845,224.8651254,6.833
3,Dept-05,2012-06-04,Home Essentials,Regular,SPLR-007,503232.13,15,33548.81,599642.75,73.01,3.891,224.9393405,6.664
3,Dept-07,2012-04-13,Clothing,Regular,SPLR-008,420789.74,11,38253.61,479725.99,72.83,3.891,225.0135556,6.664
3,Dept-06,2012-04-20,Home Essentials,Regular,SPLR-006,434822.13,37,11751.95,506918.33,72.05,3.877,225.0689541,6.664
3,Dept-06,2012-04-27,Home Essentials,Regular,SPLR-010,394616.11,8,49327.01,459830.4,73.39,3.814,225.1243526,6.664
3,Dept-10,2012-04-05,Clothing,New,SPLR-003,439913.57,12,36659.46,521245.34,79.51,3.749,225.1797511,6.664
3,Dept-09,2012-11-05,Electronics,Premium,SPLR-003,431985.36,43,10046.17,506104.29,75.19,3.688,225.2351496,6.664
3,Dept-07,2012-05-18,Grocery,Regular,SPLR-001,418112.76,45,9291.39,496422.2,72.38,3.63,225.2512024,6.664
3,Dept-04,2012-05-25,Pharmacy,Premium,SPLR-003,413701.29,44,9402.3,470752.64,78.58,3.561,225.2515168,6.664
3,Dept-02,2012-01-06,Electronics,Premium,SPLR-007,432268.53,39,11083.81,486416.44,81.55,3.501,225.2518313,6.664
3,Dept-07,2012-08-06,Home Essentials,Regular,SPLR-004,446336.8,2,223168.4,524244.66,81.65,3.452,225.2521458,6.664
3,Dept-07,2012-06-15,Home Essentials,Regular,SPLR-010,442074.79,7,63153.54,522420.98,84.66,3.393,225.2644795,6.664
3,Dept-10,2012-06-22,Pharmacy,New,SPLR-010,419497.95,40,10487.45,476813.82,82.7,3.346,225.3068615,6.664
3,Dept-04,2012-06-29,Clothing,Regular,SPLR-009,422965.33,16,26435.33,493377.1,86.42,3.286,225.3492435,6.664
3,Dept-06,2012-06-07,Pharmacy,Premium,SPLR-004,411206.5,18,22844.81,456203.5,83.14,3.227,225.3916254,6.334
3,Dept-05,2012-07-13,Home Essentials,Regular,SPLR-004,416913.1,13,32070.24,487551.87,82.28,3.256,225.4340074,6.334
3,Dept-01,2012-07-20,Grocery,Regular,SPLR-001,432424.85,48,9008.85,475994.66,81.38,3.311,225.4438827,6.334
3,Dept-02,2012-07-27,Grocery,Regular,SPLR-008,389427.9,44,8850.63,437492.94,84.94,3.407,225.4537579,6.334
3,Dept-08,2012-03-08,Clothing,Premium,SPLR-004,419990.29,36,11666.4,487444.56,86.55,3.417,225.4636332,6.334
3,Dept-05,2012-10-08,Electronics,Regular,SPLR-003,391811.6,31,12639.08,449466.92,85.85,3.494,225.4735085,6.334
3,Dept-10,2012-08-17,Grocery,New,SPLR-007,394918.83,11,35901.71,438966.99,87.36,3.571,225.5558664,6.334
3,Dept-10,2012-08-24,Pharmacy,Regular,SPLR-001,412449.67,45,9165.55,455379.77,83.01,3.62,225.6925864,6.334
3,Dept-10,2012-08-31,Electronics,Premium,SPLR-001,408838.73,13,31449.13,478981.66,85.18,3.638,225.8293063,6.334
3,Dept-03,2012-07-09,Clothing,Premium,SPLR-004,408229.73,12,34019.14,476649.09,84.99,3.73,225.9660263,6.334
3,Dept-04,2012-09-14,Pharmacy,Regular,SPLR-008,407589.16,29,14054.8,462303.25,78.36,3.717,226.1122067,6.334
3,Dept-01,2012-09-21,Home Essentials,Regular,SPLR-010,414392.09,39,10625.44,460140.89,72.78,3.721,226.3151496,6.334
3,Dept-06,2012-09-28,Clothing,Premium,SPLR-004,389813.02,20,19490.65,434829.42,77.46,3.666,226.5180926,6.334
3,Dept-02,2012-05-10,Clothing,New,SPLR-008,443557.65,2,221778.82,502512.1,72.74,3.617,226.7210356,6.034
3,Dept-06,2012-12-10,Pharmacy,Regular,SPLR-005,410804.39,4,102701.1,459446.44,70.31,3.601,226.9239785,6.034
3,Dept-10,2012-10-19,Electronics,New,SPLR-006,424513.08,42,10107.45,472529.83,73.44,3.594,226.9688442,6.034
3,Dept-03,2012-10-26,Clothing,Regular,SPLR-009,405432.7,36,11262.02,473829.04,74.66,3.506,226.9873637,6.034
4,Dept-04,2010-05-02,Electronics,Regular,SPLR-007,2135143.87,40,53378.6,2473129.56,43.76,2.598,126.4420645,8.623
4,Dept-04,2010-12-02,Electronics,Regular,SPLR-003,2188307.39,29,75458.88,2470012.28,28.84,2.573,126.4962581,8.623
4,Dept-03,2010-02-19,Electronics,Regular,SPLR-008,2049860.26,11,186350.93,2369433.03,36.45,2.54,126.5262857,8.623
4,Dept-09,2010-02-26,Grocery,New,SPLR-006,1925728.84,16,120358.05,2189421.3,41.36,2.59,126.5522857,8.623
4,Dept-09,2010-05-03,Electronics,Regular,SPLR-009,1971057.44,36,54751.6,2170187.35,43.49,2.654,126.5782857,8.623
4,Dept-09,2010-12-03,Electronics,Regular,SPLR-003,1894324.09,43,44054.05,2155344.09,49.63,2.704,126.6042857,8.623
4,Dept-07,2010-03-19,Clothing,Regular,SPLR-007,1897429.36,47,40370.84,2265177.0,55.19,2.743,126.6066452,8.623
4,Dept-07,2010-03-26,Clothing,Regular,SPLR-004,1762539.3,7,251791.33,1999981.17,39.91,2.752,126.6050645,8.623
4,Dept-06,2010-02-04,Clothing,New,SPLR-007,1979247.12,33,59977.19,2235771.6,48.77,2.74,126.6034839,7.896
4,Dept-02,2010-09-04,Grocery,Regular,SPLR-001,1818452.72,18,101025.15,2030757.86,54.16,2.773,126.6019032,7.896
4,Dept-10,2010-04-16,Home Essentials,New,SPLR-005,1851519.69,9,205724.41,2124557.11,56.23,2.81,126.5621,7.896
4,Dept-04,2010-04-23,Electronics,Regular,SPLR-010,1802677.9,43,41922.74,2055000.49,56.87,2.805,126.4713333,7.896
4,Dept-01,2010-04-30,Home Essentials,Regular,SPLR-007,1817273.28,18,100959.63,2077222.29,53.04,2.787,126.3805667,7.896
4,Dept-01,2010-07-05,Clothing,New,SPLR-008,2000626.14,3,666875.38,2222948.59,56.77,2.836,126.2898,7.896
4,Dept-06,2010-05-14,Pharmacy,Premium,SPLR-002,1875597.28,37,50691.82,2165149.24,62.35,2.845,126.2085484,7.896
4,Dept-09,2010-05-21,Pharmacy,Regular,SPLR-009,1903752.6,45,42305.61,2141285.38,67.4,2.82,126.1843871,7.896
4,Dept-09,2010-05-28,Clothing,Regular,SPLR-005,1857533.7,45,41278.53,2190848.48,67.73,2.756,126.1602258,7.896
4,Dept-05,2010-04-06,Home Essentials,New,SPLR-010,1903290.58,41,46421.72,2106104.18,70.83,2.701,126.1360645,7.896
4,Dept-03,2010-11-06,Grocery,Regular,SPLR-004,1870619.23,20,93530.96,2150972.06,78.45,2.668,126.1119032,7.896
4,Dept-08,2010-06-18,Clothing,Premium,SPLR-001,1929736.35,1,1929736.35,2227844.69,81.53,2.635,126.114,7.896
4,Dept-07,2010-06-25,Home Essentials,Regular,SPLR-005,1846651.95,14,131903.71,2140406.26,81.1,2.654,126.1266,7.896
4,Dept-03,2010-02-07,Electronics,Regular,SPLR-008,1881337.21,45,41807.49,2240794.3,73.66,2.668,126.1392,7.372
4,Dept-04,2010-09-07,Electronics,Regular,SPLR-009,1812208.22,28,64721.72,2020622.36,80.35,2.637,126.1518,7.372
4,Dept-01,2010-07-16,Pharmacy,Premium,SPLR-002,1898427.66,23,82540.33,2171261.04,78.53,2.621,126.1498065,7.372
4,Dept-06,2010-07-23,Clothing,Premium,SPLR-009,1848426.78,40,46210.67,2172147.24,79.78,2.612,126.1283548,7.372
4,Dept-01,2010-07-30,Electronics,Regular,SPLR-010,1796637.61,40,44915.94,2143567.96,80.7,2.65,126.1069032,7.372
4,Dept-04,2010-06-08,Grocery,Regular,SPLR-005,1907638.58,40,47690.96,2185205.38,76.53,2.64,126.0854516,7.372
4,Dept-08,2010-08-13,Grocery,New,SPLR-008,2007050.75,26,77194.26,2364025.88,78.08,2.698,126.064,7.372
4,Dept-10,2010-08-20,Electronics,Regular,SPLR-010,1997181.09,25,79887.24,2277188.46,78.83,2.671,126.0766452,7.372
4,Dept-02,2010-08-27,Home Essentials,New,SPLR-001,1848403.92,30,61613.46,2093970.48,74.44,2.621,126.0892903,7.372
4,Dept-08,2010-03-09,Grocery,Premium,SPLR-002,1935857.58,20,96792.88,2129531.18,76.8,2.584,126.1019355,7.372
4,Dept-09,2010-10-09,Grocery,Regular,SPLR-007,1865820.81,31,60187.77,2197992.39,73.54,2.574,126.1145806,7.372
4,Dept-02,2010-09-17,Grocery,Regular,SPLR-002,1899959.61,25,75998.38,2095397.69,64.91,2.594,126.1454667,7.372
4,Dept-02,2010-09-24,Home Essentials,Premium,SPLR-006,1810684.68,28,64667.31,2152364.03,60.96,2.642,126.1900333,7.372
4,Dept-07,2010-01-10,Grocery,Premium,SPLR-009,1842821.02,22,83764.59,2060446.16,63.96,2.619,126.2346,7.127
4,Dept-01,2010-08-10,Clothing,Regular,SPLR-002,1951494.85,7,278784.98,2251519.09,67.73,2.645,126.2791667,7.127
4,Dept-06,2010-10-15,Home Essentials,Premium,SPLR-009,1867345.09,48,38903.02,2211386.14,62.03,2.732,126.3266774,7.127
4,Dept-08,2010-10-22,Pharmacy,New,SPLR-001,1927610.06,24,80317.09,2239294.61,64.17,2.736,126.3815484,7.127
4,Dept-03,2010-10-29,Electronics,Regular,SPLR-007,1933333.0,26,74358.96,2166025.68,56.94,2.718,126.4364194,7.127
4,Dept-07,2010-05-11,Clothing,Premium,SPLR-008,2013115.79,42,47931.33,2263156.01,51.6,2.699,126.4912903,7.127
4,Dept-02,2010-12-11,Electronics,Regular,SPLR-006,1999794.26,38,52626.16,2310073.75,52.65,2.741,126.5461613,7.127
4,Dept-10,2010-11-19,Grocery,New,SPLR-004,2097809.4,19,110411.02,2490012.6,48.05,2.78,126.6072,7.127
4,Dept-04,2010-11-26,Home Essentials,Regular,SPLR-003,2789469.45,49,56927.95,3149322.5,48.08,2.752,126.6692667,7.127
4,Dept-06,2010-03-12,Clothing,Regular,SPLR-004,2102530.17,31,67823.55,2354369.17,46.4,2.727,126.7313333,7.127
4,Dept-01,2010-10-12,Home Essentials,Regular,SPLR-004,2302504.86,40,57562.62,2618390.76,42.4,2.86,126.7934,7.127
4,Dept-08,2010-12-17,Home Essentials,Regular,SPLR-002,2740057.14,43,63722.26,3139166.57,46.57,2.884,126.8794839,7.127
4,Dept-03,2010-12-24,Electronics,Premium,SPLR-001,3526713.39,2,1763356.7,3912709.61,43.21,2.887,126.9835806,7.127
4,Dept-03,2010-12-31,Pharmacy,Regular,SPLR-001,1794868.74,22,81584.94,2016261.74,38.09,2.955,127.0876774,7.127
4,Dept-09,2011-07-01,Electronics,Regular,SPLR-005,1862476.27,23,80977.23,2179086.91,39.34,2.98,127.1917742,6.51
4,Dept-09,2011-01-14,Home Essentials,Regular,SPLR-004,1865502.46,13,143500.19,2068843.6,31.6,2.992,127.3009355,6.51
4,Dept-01,2011-01-21,Clothing,Premium,SPLR-008,1886393.94,39,48369.08,2157486.1,38.34,3.017,127.4404839,6.51
4,Dept-01,2011-01-28,Electronics,Premium,SPLR-006,1814240.85,34,53360.02,2024975.13,40.6,3.022,127.5800323,6.51
4,Dept-08,2011-04-02,Clothing,Regular,SPLR-008,2119086.04,35,60545.32,2412905.13,34.61,2.996,127.7195806,6.51
4,Dept-01,2011-11-02,Pharmacy,Regular,SPLR-008,2187847.29,23,95123.8,2523066.79,33.29,3.033,127.859129,6.51
4,Dept-03,2011-02-18,Clothing,New,SPLR-001,2316495.56,21,110309.31,2568249.37,48.17,3.058,127.99525,6.51
4,Dept-02,2011-02-25,Grocery,New,SPLR-007,2078094.69,24,86587.28,2370661.9,49.0,3.087,128.13,6.51
4,Dept-02,2011-04-03,Grocery,New,SPLR-002,2103455.75,35,60098.74,2454800.24,46.56,3.305,128.26475,6.51
4,Dept-09,2011-11-03,Home Essentials,Regular,SPLR-006,2039818.41,6,339969.74,2257565.5,50.93,3.461,128.3995,6.51
4,Dept-04,2011-03-18,Pharmacy,Premium,SPLR-007,2116475.38,14,151176.81,2394235.85,51.86,3.495,128.5121935,6.51
4,Dept-04,2011-03-25,Pharmacy,Regular,SPLR-009,1944164.32,25,77766.57,2218400.87,59.1,3.48,128.6160645,6.51
4,Dept-08,2011-01-04,Pharmacy,Regular,SPLR-007,1900246.47,21,90487.93,2101544.7,56.99,3.521,128.7199355,5.946
4,Dept-06,2011-08-04,Clothing,Regular,SPLR-005,2074953.46,14,148210.96,2295193.86,62.61,3.605,128.8238065,5.946
4,Dept-07,2011-04-15,Home Essentials,Regular,SPLR-003,1960587.76,21,93361.32,2284498.86,62.34,3.724,128.9107333,5.946
4,Dept-07,2011-04-22,Electronics,Regular,SPLR-005,2220600.76,40,55515.02,2561037.56,68.8,3.781,128.9553,5.946
4,Dept-06,2011-04-29,Pharmacy,Regular,SPLR-003,1878167.44,1,1878167.44,2226943.14,64.22,3.781,128.9998667,5.946
4,Dept-06,2011-06-05,Pharmacy,Premium,SPLR-004,2063682.76,6,343947.13,2342116.28,63.41,3.866,129.0444333,5.946
4,Dept-06,2011-05-13,Grocery,Regular,SPLR-006,2002362.37,41,48838.11,2281058.15,70.65,3.872,129.089,5.946
4,Dept-07,2011-05-20,Grocery,Regular,SPLR-001,2015563.48,8,251945.44,2218698.26,70.49,3.881,129.0756774,5.946
4,Dept-01,2011-05-27,Clothing,Regular,SPLR-008,1986597.95,49,40542.82,2248855.51,73.65,3.771,129.0623548,5.946
4,Dept-06,2011-03-06,Home Essentials,Regular,SPLR-009,2065377.15,37,55821.0,2287800.33,78.26,3.683,129.0490323,5.946
4,Dept-08,2011-10-06,Pharmacy,Regular,SPLR-002,2073951.38,6,345658.56,2345401.64,80.05,3.64,129.0357097,5.946
4,Dept-05,2011-06-17,Home Essentials,Premium,SPLR-005,2141210.62,45,47582.46,2404198.19,83.51,3.618,129.0432,5.946
4,Dept-09,2011-06-24,Pharmacy,Regular,SPLR-008,2008344.92,7,286906.42,2217468.67,81.85,3.57,129.0663,5.946
4,Dept-10,2011-01-07,Electronics,New,SPLR-006,2051533.53,44,46625.76,2427880.84,84.54,3.504,129.0894,5.644
4,Dept-10,2011-08-07,Home Essentials,Regular,SPLR-002,2066541.86,37,55852.48,2313245.48,84.59,3.469,129.1125,5.644
4,Dept-02,2011-07-15,Home Essentials,Regular,SPLR-001,2049046.95,37,55379.65,2420915.97,83.27,3.563,129.1338387,5.644
4,Dept-10,2011-07-22,Home Essentials,Premium,SPLR-003,2036231.39,4,509057.85,2367312.08,82.84,3.627,129.1507742,5.644
4,Dept-10,2011-07-29,Home Essentials,Regular,SPLR-005,1989674.07,18,110537.45,2284641.04,84.36,3.659,129.1677097,5.644
4,Dept-03,2011-05-08,Electronics,New,SPLR-010,2160057.39,41,52684.33,2412580.36,86.09,3.662,129.1846452,5.644
4,Dept-03,2011-12-08,Clothing,New,SPLR-008,2105668.74,21,100269.94,2483416.67,82.98,3.617,129.2015806,5.644
4,Dept-09,2011-08-19,Clothing,Regular,SPLR-007,2232892.1,32,69777.88,2607849.83,82.77,3.55,129.2405806,5.644
4,Dept-04,2011-08-26,Grocery,Regular,SPLR-010,1988490.21,46,43228.05,2286649.65,81.47,3.523,129.2832581,5.644
4,Dept-10,2011-02-09,Clothing,New,SPLR-005,2078420.31,2,1039210.16,2439689.09,77.99,3.533,129.3259355,5.644
4,Dept-08,2011-09-09,Home Essentials,Premium,SPLR-001,2093139.01,8,261642.38,2440251.24,73.34,3.554,129.3686129,5.644
4,Dept-07,2011-09-16,Home Essentials,New,SPLR-002,2075577.33,2,1037788.66,2473677.66,72.76,3.532,129.4306,5.644
4,Dept-07,2011-09-23,Electronics,Regular,SPLR-010,2031406.41,9,225711.82,2241015.75,69.23,3.473,129.5183333,5.644
4,Dept-10,2011-09-30,Pharmacy,New,SPLR-004,1929486.63,34,56749.61,2148992.3,72.15,3.371,129.6060667,5.644
4,Dept-09,2011-07-10,Grocery,Premium,SPLR-006,2166737.65,34,63727.58,2470394.24,65.79,3.299,129.6938,5.143
4,Dept-10,2011-10-14,Grocery,Regular,SPLR-004,2074548.85,48,43219.77,2381810.51,63.75,3.283,129.7706452,5.143
4,Dept-01,2011-10-21,Clothing,New,SPLR-009,2207742.13,4,551935.53,2569714.72,64.79,3.361,129.7821613,5.143
4,Dept-03,2011-10-28,Grocery,Regular,SPLR-007,2151659.59,39,55170.76,2392888.86,55.31,3.362,129.7936774,5.143
4,Dept-05,2011-04-11,Home Essentials,New,SPLR-009,2281217.31,33,69127.8,2730742.26,49.86,3.322,129.8051935,5.143
4,Dept-09,2011-11-11,Grocery,New,SPLR-009,2203028.96,37,59541.32,2477234.89,47.12,3.286,129.8167097,5.143
4,Dept-08,2011-11-18,Clothing,Regular,SPLR-004,2243946.59,42,53427.3,2582186.28,50.44,3.294,129.8268333,5.143
4,Dept-09,2011-11-25,Pharmacy,Regular,SPLR-002,3004702.33,27,111285.27,3310019.6,47.96,3.225,129.8364,5.143
4,Dept-07,2011-02-12,Home Essentials,Premium,SPLR-001,2180999.26,2,1090499.63,2407182.62,38.71,3.176,129.8459667,5.143
4,Dept-02,2011-09-12,Home Essentials,New,SPLR-002,2508955.24,17,147585.6,2951103.4,31.64,3.153,129.8555333,5.143
4,Dept-07,2011-12-16,Electronics,Regular,SPLR-003,2771397.17,6,461899.53,3050735.86,36.44,3.149,129.8980645,5.143
4,Dept-04,2011-12-23,Pharmacy,Regular,SPLR-001,3676388.98,1,3676388.98,4070772.95,35.92,3.103,129.9845484,5.143
4,Dept-05,2011-12-30,Home Essentials,Premium,SPLR-001,2007105.86,41,48953.8,2405551.02,36.89,3.119,130.0710323,5.143
4,Dept-09,2012-06-01,Clothing,New,SPLR-005,2047766.07,44,46540.14,2320083.79,38.64,3.158,130.1575161,4.607
4,Dept-10,2012-01-13,Pharmacy,New,SPLR-001,1941676.61,46,42210.36,2153629.33,34.41,3.263,130.244,4.607
4,Dept-02,2012-01-20,Home Essentials,Regular,SPLR-009,2005097.76,49,40920.36,2323941.36,42.09,3.273,130.2792258,4.607
4,Dept-03,2012-01-27,Home Essentials,Regular,SPLR-005,1928720.51,9,214302.28,2222069.49,40.31,3.29,130.3144516,4.607
4,Dept-07,2012-03-02,Home Essentials,New,SPLR-007,2173373.91,1,2173373.91,2472698.58,41.81,3.354,130.3496774,4.607
4,Dept-09,2012-10-02,Grocery,Regular,SPLR-005,2374660.64,9,263851.18,2652977.34,33.0,3.411,130.3849032,4.607
4,Dept-04,2012-02-17,Grocery,Regular,SPLR-006,2427640.17,12,202303.35,2859100.57,34.19,3.493,130.4546207,4.607
4,Dept-07,2012-02-24,Electronics,Regular,SPLR-010,2226662.17,42,53015.77,2527863.77,41.31,3.541,130.5502069,4.607
4,Dept-02,2012-02-03,Grocery,Regular,SPLR-006,2206319.9,40,55158.0,2439368.5,50.38,3.619,130.6457931,4.607
4,Dept-03,2012-09-03,Grocery,Regular,SPLR-007,2202450.81,23,95758.73,2574686.87,53.63,3.667,130.7413793,4.607
4,Dept-09,2012-03-16,Home Essentials,Regular,SPLR-006,2214967.44,25,88598.7,2575692.6,59.81,3.707,130.8261935,4.607
4,Dept-05,2012-03-23,Clothing,New,SPLR-010,2091592.54,15,139439.5,2416834.43,59.07,3.759,130.8966452,4.607
4,Dept-05,2012-03-30,Pharmacy,Premium,SPLR-005,2089381.77,44,47485.95,2506961.43,72.63,3.82,130.9670968,4.607
4,Dept-05,2012-06-04,Grocery,New,SPLR-005,2470206.13,25,98808.25,2786675.95,67.69,3.864,131.0375484,4.308
4,Dept-08,2012-04-13,Home Essentials,Regular,SPLR-002,2105301.39,49,42965.33,2501615.45,68.69,3.881,131.108,4.308
4,Dept-10,2012-04-20,Home Essentials,Regular,SPLR-008,2144336.89,2,1072168.44,2426608.6,68.6,3.864,131.1173333,4.308
4,Dept-10,2012-04-27,Clothing,Regular,SPLR-009,2064065.66,31,66582.76,2384913.61,76.47,3.81,131.1266667,4.308
4,Dept-05,2012-04-05,Clothing,Regular,SPLR-006,2196968.33,38,57814.96,2519429.36,80.14,3.747,131.136,4.308
4,Dept-01,2012-11-05,Grocery,Regular,SPLR-008,2127661.17,12,177305.1,2475562.62,67.64,3.685,131.1453333,4.308
4,Dept-07,2012-05-18,Grocery,Premium,SPLR-009,2207214.81,6,367869.14,2642950.63,68.43,3.62,131.0983226,4.308
4,Dept-05,2012-05-25,Grocery,New,SPLR-004,2154137.67,6,359022.94,2416878.68,77.47,3.551,131.0287742,4.308
4,Dept-08,2012-01-06,Home Essentials,Regular,SPLR-005,2179360.94,45,48430.24,2404311.27,77.41,3.483,130.9592258,4.308
4,Dept-04,2012-08-06,Home Essentials,Premium,SPLR-005,2245257.18,40,56131.43,2650926.74,78.11,3.433,130.8896774,4.308
4,Dept-07,2012-06-15,Clothing,Regular,SPLR-004,2234190.93,22,101554.13,2492862.18,80.94,3.372,130.8295333,4.308
4,Dept-01,2012-06-22,Home Essentials,New,SPLR-001,2197299.65,4,549324.91,2624411.58,81.63,3.329,130.7929,4.308
4,Dept-04,2012-06-29,Home Essentials,Regular,SPLR-009,2128362.92,16,133022.68,2346880.61,84.23,3.257,130.7562667,4.308
4,Dept-01,2012-06-07,Electronics,Regular,SPLR-009,2224499.28,6,370749.88,2517180.73,80.37,3.187,130.7196333,4.077
4,Dept-03,2012-07-13,Pharmacy,Regular,SPLR-009,2100252.61,15,140016.84,2348969.32,76.86,3.224,130.683,4.077
4,Dept-07,2012-07-20,Home Essentials,New,SPLR-008,2175563.69,3,725187.9,2594970.85,79.14,3.263,130.7012903,4.077
4,Dept-08,2012-07-27,Electronics,Premium,SPLR-008,2048613.65,10,204861.36,2267309.32,81.06,3.356,130.7195806,4.077
4,Dept-01,2012-03-08,Grocery,Regular,SPLR-003,2174514.13,25,86980.57,2600472.27,83.86,3.374,130.737871,4.077
4,Dept-09,2012-10-08,Home Essentials,Regular,SPLR-003,2193367.69,27,81235.84,2611354.77,83.21,3.476,130.7561613,4.077
4,Dept-04,2012-08-17,Electronics,New,SPLR-007,2283540.3,30,76118.01,2633879.99,81.41,3.552,130.7909677,4.077
4,Dept-04,2012-08-24,Home Essentials,New,SPLR-006,2125241.68,41,51835.16,2369250.35,75.76,3.61,130.8381613,4.077
4,Dept-06,2012-08-31,Clothing,Regular,SPLR-009,2081181.35,36,57810.59,2354020.68,76.47,3.646,130.8853548,4.077
4,Dept-09,2012-07-09,Home Essentials,Regular,SPLR-010,2125104.72,37,57435.26,2469615.88,82.09,3.709,130.9325484,4.077
4,Dept-01,2012-09-14,Clothing,Regular,SPLR-004,2117854.6,38,55733.02,2475767.71,68.2,3.706,130.9776667,4.077
4,Dept-08,2012-09-21,Home Essentials,Regular,SPLR-005,2119438.53,6,353239.75,2425491.75,68.97,3.721,131.0103333,4.077
4,Dept-09,2012-09-28,Pharmacy,Regular,SPLR-001,2027620.23,29,69917.94,2292753.23,71.74,3.666,131.043,4.077
4,Dept-06,2012-05-10,Grocery,Regular,SPLR-009,2209835.43,15,147322.36,2612302.69,63.07,3.62,131.0756667,3.879
4,Dept-05,2012-12-10,Home Essentials,Regular,SPLR-009,2133026.07,16,133314.13,2521896.81,57.11,3.603,131.1083333,3.879
4,Dept-02,2012-10-19,Electronics,Regular,SPLR-003,2097266.85,10,209726.68,2412015.82,64.46,3.61,131.1499677,3.879
4,Dept-02,2012-10-26,Pharmacy,New,SPLR-008,2149594.46,17,126446.73,2441797.9,63.64,3.514,131.1930968,3.879
5,Dept-06,2010-05-02,Grocery,Regular,SPLR-005,317173.1,2,158586.55,368208.92,39.7,2.572,211.6539716,6.566
5,Dept-04,2010-12-02,Electronics,Premium,SPLR-005,311825.7,10,31182.57,370534.99,39.81,2.548,211.8004698,6.566
5,Dept-10,2010-02-19,Home Essentials,Regular,SPLR-004,303447.57,41,7401.16,337955.45,41.14,2.514,211.8471283,6.566
5,Dept-07,2010-02-26,Clothing,Regular,SPLR-002,270281.63,22,12285.53,322309.2,46.7,2.561,211.8771468,6.566
5,Dept-01,2010-05-03,Clothing,New,SPLR-004,288855.71,21,13755.03,318918.81,48.89,2.625,211.9071653,6.566
5,Dept-08,2010-12-03,Electronics,Premium,SPLR-004,297293.59,44,6756.67,345020.21,58.5,2.667,211.9371839,6.566
5,Dept-01,2010-03-19,Pharmacy,Regular,SPLR-010,281706.41,20,14085.32,314091.87,55.46,2.72,211.770897,6.566
5,Dept-08,2010-03-26,Home Essentials,Premium,SPLR-004,273282.97,1,273282.97,308045.1,52.47,2.732,211.5718925,6.566
5,Dept-01,2010-02-04,Pharmacy,Regular,SPLR-009,331406.0,16,20712.88,383631.03,63.18,2.719,211.372888,6.465
5,Dept-03,2010-09-04,Home Essentials,New,SPLR-003,328020.49,16,20501.28,381367.32,65.19,2.77,211.1738835,6.465
5,Dept-10,2010-04-16,Grocery,Regular,SPLR-002,306858.69,45,6819.08,366212.43,65.3,2.808,211.0388528,6.465
5,Dept-08,2010-04-23,Electronics,Regular,SPLR-004,288839.73,28,10315.7,327004.01,65.13,2.795,210.9891204,6.465
5,Dept-08,2010-04-30,Home Essentials,Premium,SPLR-001,298697.84,20,14934.89,355131.26,67.53,2.78,210.939388,6.465
5,Dept-04,2010-07-05,Pharmacy,Premium,SPLR-007,333522.6,43,7756.34,393002.96,71.53,2.835,210.8896556,6.465
5,Dept-08,2010-05-14,Clothing,New,SPLR-003,296673.77,38,7807.2,327797.69,74.79,2.854,210.8872772,6.465
5,Dept-01,2010-05-21,Grocery,Premium,SPLR-004,301615.49,43,7014.31,358924.41,75.2,2.826,211.169023,6.465
5,Dept-05,2010-05-28,Electronics,Regular,SPLR-002,310013.11,43,7209.61,359908.29,79.81,2.759,211.4507688,6.465
5,Dept-04,2010-04-06,Home Essentials,Regular,SPLR-003,337825.89,4,84456.47,382248.48,79.54,2.705,211.7325146,6.465
5,Dept-09,2010-11-06,Home Essentials,New,SPLR-010,296641.91,3,98880.64,336807.06,80.7,2.668,212.0142605,6.465
5,Dept-06,2010-06-18,Home Essentials,Premium,SPLR-005,313795.6,29,10820.54,350998.39,83.91,2.637,212.0119769,6.465
5,Dept-01,2010-06-25,Clothing,Regular,SPLR-006,295257.3,33,8947.19,326096.24,83.72,2.653,211.8960815,6.465
5,Dept-08,2010-02-07,Clothing,Regular,SPLR-003,305993.27,8,38249.16,336947.09,81.25,2.669,211.7801861,6.496
5,Dept-10,2010-09-07,Home Essentials,Regular,SPLR-002,291808.87,7,41686.98,339599.19,81.14,2.642,211.6642907,6.496
5,Dept-09,2010-07-16,Grocery,Regular,SPLR-001,280701.7,32,8771.93,334113.8,83.98,2.623,211.6561123,6.496
5,Dept-06,2010-07-23,Home Essentials,New,SPLR-006,274742.63,39,7044.68,319998.67,83.66,2.608,211.7915565,6.496
5,Dept-02,2010-07-30,Pharmacy,Premium,SPLR-001,268929.03,31,8675.13,309587.93,82.46,2.64,211.9270006,6.496
5,Dept-10,2010-06-08,Electronics,Regular,SPLR-004,303043.02,24,12626.79,342434.09,86.1,2.627,212.0624447,6.496
5,Dept-09,2010-08-13,Clothing,Regular,SPLR-009,286477.35,33,8681.13,333313.43,87.41,2.692,212.1978889,6.496
5,Dept-09,2010-08-20,Electronics,Regular,SPLR-006,287205.38,31,9264.69,322207.77,87.71,2.664,212.1608984,6.496
5,Dept-03,2010-08-27,Pharmacy,Regular,SPLR-003,288519.75,30,9617.33,334645.38,87.05,2.619,212.123908,6.496
5,Dept-06,2010-03-09,Pharmacy,Regular,SPLR-007,323798.0,41,7897.51,372629.81,84.06,2.577,212.0869176,6.496
5,Dept-05,2010-10-09,Electronics,New,SPLR-003,306533.08,34,9015.68,341084.92,79.86,2.565,212.0499271,6.496
5,Dept-08,2010-09-17,Home Essentials,Regular,SPLR-007,282558.65,38,7435.75,322091.01,82.28,2.582,212.0769346,6.496
5,Dept-07,2010-09-24,Clothing,Regular,SPLR-007,293131.58,26,11274.29,341452.02,78.53,2.624,212.1519404,6.496
5,Dept-07,2010-01-10,Electronics,Regular,SPLR-003,283178.12,31,9134.78,332731.88,71.1,2.603,212.2269463,6.768
5,Dept-07,2010-08-10,Home Essentials,Premium,SPLR-009,290494.85,42,6916.54,323062.8,64.99,2.633,212.3019522,6.768
5,Dept-01,2010-10-15,Pharmacy,Regular,SPLR-002,280681.2,14,20048.66,316422.22,68.11,2.72,212.3691867,6.768
5,Dept-08,2010-10-22,Electronics,Premium,SPLR-003,284988.27,29,9827.18,326167.93,70.96,2.725,212.4169928,6.768
5,Dept-10,2010-10-29,Clothing,Regular,SPLR-010,278031.81,9,30892.42,326691.35,70.58,2.716,212.464799,6.768
5,Dept-03,2010-05-11,Grocery,New,SPLR-009,325310.3,10,32531.03,383040.15,58.88,2.689,212.5126051,6.768
5,Dept-05,2010-12-11,Home Essentials,Regular,SPLR-008,301827.36,40,7545.68,347716.95,62.37,2.728,212.5604113,6.768
5,Dept-01,2010-11-19,Clothing,Regular,SPLR-002,297384.81,36,8260.69,350429.9,52.52,2.771,212.445487,6.768
5,Dept-08,2010-11-26,Home Essentials,Premium,SPLR-004,488362.61,14,34883.04,584362.38,66.15,2.735,212.303441,6.768
5,Dept-06,2010-03-12,Home Essentials,Regular,SPLR-002,344490.88,33,10439.12,398831.85,51.31,2.708,212.1613951,6.768
5,Dept-06,2010-10-12,Clothing,Regular,SPLR-007,352811.53,12,29400.96,396409.21,48.27,2.843,212.0193491,6.768
5,Dept-02,2010-12-17,Home Essentials,New,SPLR-006,367801.19,37,9940.57,420416.81,51.61,2.869,211.9580815,6.768
5,Dept-04,2010-12-24,Electronics,Regular,SPLR-009,466010.25,18,25889.46,533019.03,55.01,2.886,211.9573978,6.768
5,Dept-07,2010-12-31,Grocery,New,SPLR-008,298180.18,13,22936.94,332138.45,49.79,2.943,211.9567142,6.768
5,Dept-08,2011-07-01,Home Essentials,Regular,SPLR-009,286347.26,47,6092.49,336144.33,48.3,2.976,211.9560305,6.634
5,Dept-10,2011-01-14,Home Essentials,Regular,SPLR-009,260636.71,44,5923.56,303674.76,37.74,2.983,212.008514,6.634
5,Dept-05,2011-01-21,Home Essentials,New,SPLR-007,275313.34,43,6402.64,315710.42,45.41,3.016,212.3800012,6.634
5,Dept-01,2011-01-28,Clothing,Regular,SPLR-007,279088.39,23,12134.28,307577.12,44.5,3.01,212.7514884,6.634
5,Dept-02,2011-04-02,Pharmacy,Premium,SPLR-010,329613.2,46,7165.5,369298.32,41.67,2.989,213.1229755,6.634
5,Dept-02,2011-11-02,Electronics,New,SPLR-007,311590.54,29,10744.5,363567.13,38.25,3.022,213.4944627,6.634
5,Dept-09,2011-02-18,Clothing,New,SPLR-006,356622.61,41,8698.11,399707.13,58.83,3.045,213.8068304,6.634
5,Dept-07,2011-02-25,Grocery,New,SPLR-010,294659.5,2,147329.75,351235.58,63.35,3.065,214.0955503,6.634
5,Dept-01,2011-04-03,Home Essentials,Regular,SPLR-004,329033.66,35,9400.96,387295.42,60.35,3.288,214.3842702,6.634
5,Dept-03,2011-11-03,Clothing,Regular,SPLR-007,293098.1,6,48849.68,331038.87,55.74,3.459,214.6729901,6.634
5,Dept-03,2011-03-18,Pharmacy,Regular,SPLR-005,312177.67,15,20811.84,347160.3,64.31,3.488,214.9257339,6.634
5,Dept-07,2011-03-25,Grocery,New,SPLR-004,294732.5,11,26793.86,333884.95,70.71,3.473,215.1640872,6.634
5,Dept-03,2011-01-04,Clothing,New,SPLR-006,314316.55,48,6548.26,357373.48,61.5,3.524,215.4024406,6.489
5,Dept-04,2011-08-04,Clothing,New,SPLR-002,307333.62,21,14634.93,366362.78,69.64,3.622,215.6407939,6.489
5,Dept-04,2011-04-15,Clothing,Regular,SPLR-007,307913.58,29,10617.71,360351.65,72.02,3.743,215.8592673,6.489
5,Dept-10,2011-04-22,Electronics,New,SPLR-004,328415.44,46,7139.47,385031.18,74.34,3.807,216.0280407,6.489
5,Dept-01,2011-04-29,Pharmacy,Regular,SPLR-004,307291.56,20,15364.58,367627.05,74.75,3.81,216.1968142,6.489
5,Dept-10,2011-06-05,Pharmacy,Regular,SPLR-003,322904.68,35,9225.85,357353.17,66.27,3.906,216.3655877,6.489
5,Dept-09,2011-05-13,Clothing,Regular,SPLR-009,290930.01,42,6926.91,346400.7,77.38,3.899,216.5343611,6.489
5,Dept-09,2011-05-20,Pharmacy,Regular,SPLR-002,299614.33,28,10700.51,352005.73,71.37,3.907,216.3023847,6.489
5,Dept-07,2011-05-27,Clothing,Regular,SPLR-005,297149.69,28,10612.49,354544.89,80.14,3.786,216.0704083,6.489
5,Dept-04,2011-03-06,Electronics,Regular,SPLR-008,329183.92,6,54863.99,372430.43,83.81,3.699,215.8384319,6.489
5,Dept-05,2011-10-06,Grocery,Regular,SPLR-010,304984.14,41,7438.64,358737.46,83.61,3.648,215.6064555,6.489
5,Dept-02,2011-06-17,Pharmacy,Regular,SPLR-003,304811.82,15,20320.79,341464.29,86.84,3.637,215.560463,6.489
5,Dept-06,2011-06-24,Grocery,Regular,SPLR-003,302881.64,26,11649.29,339323.9,84.76,3.594,215.6539583,6.489
5,Dept-04,2011-01-07,Home Essentials,Regular,SPLR-005,327093.89,27,12114.59,365382.89,85.81,3.524,215.7474537,6.529
5,Dept-05,2011-08-07,Grocery,Premium,SPLR-005,310804.93,26,11954.04,370716.21,86.64,3.48,215.8409491,6.529
5,Dept-02,2011-07-15,Electronics,Regular,SPLR-004,283248.62,18,15736.03,339408.1,88.64,3.575,215.9250696,6.529
5,Dept-08,2011-07-22,Home Essentials,Regular,SPLR-001,292539.73,42,6965.23,332239.89,86.97,3.651,215.985753,6.529
5,Dept-01,2011-07-29,Electronics,Regular,SPLR-003,275142.17,49,5615.15,327878.29,89.42,3.682,216.0464364,6.529
5,Dept-09,2011-05-08,Clothing,New,SPLR-001,317738.56,45,7060.86,370708.38,91.07,3.684,216.1071198,6.529
5,Dept-07,2011-12-08,Grocery,New,SPLR-002,289886.16,5,57977.23,339767.36,90.16,3.638,216.1678032,6.529
5,Dept-08,2011-08-19,Home Essentials,Regular,SPLR-008,303643.84,15,20242.92,342685.76,89.35,3.554,216.2311855,6.529
5,Dept-04,2011-08-26,Pharmacy,Regular,SPLR-007,310338.17,35,8866.8,348972.42,89.18,3.523,216.2950176,6.529
5,Dept-03,2011-02-09,Clothing,New,SPLR-008,315645.53,20,15782.28,357239.58,90.38,3.533,216.3588498,6.529
5,Dept-05,2011-09-09,Clothing,Regular,SPLR-007,321110.22,22,14595.92,379282.15,79.04,3.546,216.4226819,6.529
5,Dept-05,2011-09-16,Electronics,Regular,SPLR-002,278529.71,5,55705.94,316088.32,83.55,3.526,216.6033083,6.529
5,Dept-04,2011-09-23,Electronics,Regular,SPLR-009,291024.98,35,8315.0,322572.29,78.01,3.467,216.9396605,6.529
5,Dept-06,2011-09-30,Clothing,Regular,SPLR-009,292315.38,19,15385.02,337645.18,81.16,3.355,217.2760127,6.529
5,Dept-10,2011-07-10,Clothing,Regular,SPLR-001,309111.47,46,6719.81,368552.11,71.64,3.285,217.6123648,6.3
5,Dept-02,2011-10-14,Clothing,Premium,SPLR-010,286117.72,35,8174.79,320206.82,72.36,3.274,217.9237458,6.3
5,Dept-06,2011-10-21,Grocery,Regular,SPLR-004,306069.18,40,7651.73,361416.64,66.9,3.353,218.0852999,6.3
5,Dept-08,2011-10-28,Clothing,Regular,SPLR-009,307035.11,44,6978.07,349104.14,69.27,3.372,218.2468539,6.3
5,Dept-09,2011-04-11,Electronics,New,SPLR-004,353652.23,15,23576.82,398512.08,56.71,3.332,218.408408,6.3
5,Dept-10,2011-11-11,Pharmacy,Regular,SPLR-003,311906.7,34,9173.73,352892.28,60.71,3.297,218.5699621,6.3
5,Dept-10,2011-11-18,Home Essentials,New,SPLR-010,307944.37,35,8798.41,344074.94,64.33,3.308,218.793912,6.3
5,Dept-03,2011-11-25,Electronics,New,SPLR-007,507900.07,28,18139.29,594377.02,61.93,3.236,219.0428204,6.3
5,Dept-05,2011-02-12,Pharmacy,New,SPLR-009,376225.61,11,34202.33,426033.13,51.14,3.172,219.2917287,6.3
5,Dept-07,2011-09-12,Electronics,Regular,SPLR-004,367433.77,14,26245.27,406611.72,44.12,3.158,219.540637,6.3
5,Dept-03,2011-12-16,Grocery,Premium,SPLR-009,379530.3,28,13554.65,454114.62,54.42,3.159,219.7596266,6.3
5,Dept-03,2011-12-23,Home Essentials,Premium,SPLR-004,458562.24,46,9968.74,531988.66,50.33,3.112,219.9387246,6.3
5,Dept-01,2011-12-30,Grocery,Regular,SPLR-001,349624.88,8,43703.11,405212.18,45.62,3.129,220.1178226,6.3
5,Dept-03,2012-06-01,Electronics,Regular,SPLR-009,312078.71,27,11558.47,366112.61,50.21,3.157,220.2969205,5.943
5,Dept-01,2012-01-13,Clothing,Regular,SPLR-004,291454.52,35,8327.27,332690.18,48.86,3.261,220.4760185,5.943
5,Dept-01,2012-01-20,Pharmacy,Regular,SPLR-010,287523.98,14,20537.43,326636.06,54.65,3.268,220.5694104,5.943
5,Dept-08,2012-01-27,Pharmacy,Regular,SPLR-003,295974.22,14,21141.02,333473.95,54.63,3.29,220.6628023,5.943
5,Dept-09,2012-03-02,Electronics,Premium,SPLR-008,333948.0,43,7766.23,371444.31,57.35,3.36,220.7561941,5.943
5,Dept-01,2012-10-02,Clothing,Premium,SPLR-001,349239.88,26,13432.3,416438.35,48.57,3.409,220.849586,5.943
5,Dept-08,2012-02-17,Electronics,Premium,SPLR-002,356427.98,47,7583.57,421776.26,48.25,3.51,221.0106341,5.943
5,Dept-03,2012-02-24,Home Essentials,Regular,SPLR-009,312220.47,20,15611.02,373066.51,57.75,3.555,221.2224243,5.943
5,Dept-04,2012-02-03,Pharmacy,New,SPLR-008,359206.21,32,11225.19,402599.65,60.66,3.63,221.4342146,5.943
5,Dept-06,2012-09-03,Grocery,New,SPLR-005,347295.6,19,18278.72,387075.28,57.69,3.669,221.6460048,5.943
5,Dept-08,2012-03-16,Grocery,New,SPLR-003,339392.54,45,7542.06,388426.22,63.55,3.734,221.7989713,5.943
5,Dept-09,2012-03-23,Electronics,Regular,SPLR-009,321299.99,12,26775.0,372290.94,64.44,3.787,221.8735063,5.943
5,Dept-06,2012-03-30,Grocery,New,SPLR-003,331318.73,48,6902.47,384754.99,67.76,3.845,221.9480412,5.943
5,Dept-03,2012-06-04,Home Essentials,Premium,SPLR-002,402985.7,48,8395.54,458561.26,70.4,3.891,222.0225762,5.801
5,Dept-08,2012-04-13,Grocery,Regular,SPLR-001,351832.03,39,9021.33,396173.72,70.56,3.891,222.0971111,5.801
5,Dept-03,2012-04-20,Electronics,New,SPLR-003,330063.06,16,20628.94,367106.61,67.33,3.877,222.1512315,5.801
5,Dept-05,2012-04-27,Home Essentials,New,SPLR-001,324839.74,4,81209.94,384095.91,68.96,3.814,222.2053519,5.801
5,Dept-05,2012-04-05,Pharmacy,Premium,SPLR-001,360932.69,39,9254.68,405820.28,77.1,3.749,222.2594722,5.801
5,Dept-05,2012-11-05,Clothing,Premium,SPLR-005,333870.52,23,14516.11,390094.41,73.45,3.688,222.3135926,5.801
5,Dept-04,2012-05-18,Clothing,Regular,SPLR-001,336189.66,11,30562.7,386017.69,70.45,3.63,222.330443,5.801
5,Dept-07,2012-05-25,Home Essentials,Regular,SPLR-010,341994.48,5,68398.9,384694.07,78.23,3.561,222.3323853,5.801
5,Dept-03,2012-01-06,Home Essentials,New,SPLR-007,359867.8,32,11245.87,405633.93,79.72,3.501,222.3343277,5.801
5,Dept-03,2012-08-06,Clothing,Regular,SPLR-005,341704.59,19,17984.45,383164.45,81.02,3.452,222.33627,5.801
5,Dept-02,2012-06-15,Grocery,Regular,SPLR-004,327383.64,21,15589.7,380548.41,81.64,3.393,222.3492901,5.801
5,Dept-04,2012-06-22,Electronics,Premium,SPLR-005,325041.68,49,6633.5,358169.89,80.57,3.346,222.3900046,5.801
5,Dept-03,2012-06-29,Clothing,New,SPLR-005,329658.1,47,7014.0,364052.72,87.08,3.286,222.4307191,5.801
5,Dept-01,2012-06-07,Electronics,Regular,SPLR-001,341214.43,43,7935.22,386147.49,82.35,3.227,222.4714336,5.603
5,Dept-07,2012-07-13,Electronics,Regular,SPLR-009,316203.64,44,7186.45,363928.94,80.78,3.256,222.5121481,5.603
5,Dept-06,2012-07-20,Electronics,Regular,SPLR-004,321205.12,22,14600.23,360623.68,81.05,3.311,222.5209358,5.603
5,Dept-10,2012-07-27,Grocery,New,SPLR-002,306827.36,41,7483.59,363742.21,85.06,3.407,222.5297234,5.603
5,Dept-02,2012-03-08,Electronics,Regular,SPLR-006,324195.17,23,14095.44,369693.11,86.91,3.417,222.5385111,5.603
5,Dept-10,2012-10-08,Pharmacy,Regular,SPLR-002,306759.7,11,27887.25,364124.8,86.96,3.494,222.5472987,5.603
5,Dept-01,2012-08-17,Electronics,New,SPLR-005,314014.18,46,6826.4,365648.56,87.52,3.571,222.6276753,5.603
5,Dept-01,2012-08-24,Electronics,Regular,SPLR-010,320831.36,30,10694.38,376656.54,79.45,3.62,222.7617437,5.603
5,Dept-08,2012-08-31,Electronics,Premium,SPLR-006,344642.01,42,8205.76,413365.8,84.25,3.638,222.8958121,5.603
5,Dept-03,2012-07-09,Home Essentials,Regular,SPLR-008,350648.91,30,11688.3,389614.7,86.3,3.73,223.0298805,5.603
5,Dept-08,2012-09-14,Clothing,Regular,SPLR-003,299800.67,43,6972.11,355730.73,76.65,3.717,223.1734167,5.603
5,Dept-04,2012-09-21,Electronics,Regular,SPLR-009,307306.76,31,9913.12,344053.46,71.09,3.721,223.3737593,5.603
5,Dept-01,2012-09-28,Electronics,Premium,SPLR-002,310141.68,20,15507.08,358673.95,78.33,3.666,223.5741019,5.603
5,Dept-06,2012-05-10,Home Essentials,New,SPLR-007,343048.29,1,343048.29,398809.48,71.17,3.617,223.7744444,5.422
5,Dept-10,2012-12-10,Clothing,Regular,SPLR-008,325345.41,33,9858.95,387303.25,66.24,3.601,223.974787,5.422
5,Dept-10,2012-10-19,Clothing,Regular,SPLR-001,313358.15,10,31335.82,350896.73,69.17,3.594,224.0192873,5.422
5,Dept-08,2012-10-26,Pharmacy,Regular,SPLR-001,319550.77,33,9683.36,378394.77,71.7,3.506,224.0378139,5.422
6,Dept-07,2010-05-02,Grocery,Regular,SPLR-009,1652635.1,43,38433.37,1975799.59,40.43,2.572,212.6223518,7.259
6,Dept-07,2010-12-02,Home Essentials,Regular,SPLR-002,1606283.86,14,114734.56,1908431.68,40.57,2.548,212.7700425,7.259
6,Dept-06,2010-02-19,Grocery,Regular,SPLR-005,1567138.07,5,313427.61,1758037.9,43.58,2.514,212.8161546,7.259
6,Dept-08,2010-02-26,Pharmacy,Regular,SPLR-006,1432953.21,34,42145.68,1658506.36,47.1,2.561,212.845337,7.259
6,Dept-06,2010-05-03,Home Essentials,Premium,SPLR-009,1601348.82,27,59309.22,1782908.13,49.63,2.625,212.8745193,7.259
6,Dept-09,2010-12-03,Pharmacy,New,SPLR-002,1558621.36,14,111330.1,1789159.63,58.82,2.667,212.9037017,7.259
6,Dept-04,2010-03-19,Clothing,Regular,SPLR-005,1693058.91,40,42326.47,1883686.53,56.55,2.72,212.7351935,7.259
6,Dept-08,2010-03-26,Pharmacy,Regular,SPLR-007,1472033.38,33,44607.07,1738439.08,53.74,2.732,212.533737,7.259
6,Dept-04,2010-02-04,Home Essentials,New,SPLR-005,1770333.9,15,118022.26,1954341.52,64.94,2.719,212.3322805,7.092
6,Dept-02,2010-09-04,Grocery,Regular,SPLR-004,1667181.82,6,277863.64,1899146.14,66.15,2.77,212.1308239,7.092
6,Dept-05,2010-04-16,Pharmacy,Regular,SPLR-004,1519846.36,3,506615.45,1724299.23,65.68,2.808,211.9942765,7.092
6,Dept-07,2010-04-23,Clothing,Regular,SPLR-005,1540435.99,48,32092.42,1756248.65,64.11,2.795,211.9442745,7.092
6,Dept-10,2010-04-30,Clothing,Regular,SPLR-008,1498080.16,26,57618.47,1718890.5,68.91,2.78,211.8942725,7.092
6,Dept-07,2010-07-05,Pharmacy,New,SPLR-007,1619920.04,42,38569.52,1896162.97,73.68,2.835,211.8442706,7.092
6,Dept-09,2010-05-14,Grocery,Regular,SPLR-001,1524059.4,37,41190.79,1732509.87,74.95,2.854,211.8421769,7.092
6,Dept-06,2010-05-21,Electronics,Premium,SPLR-001,1531938.44,16,95746.15,1696056.78,74.8,2.826,212.1275324,7.092
6,Dept-01,2010-05-28,Pharmacy,Regular,SPLR-002,1644470.66,23,71498.72,1857510.55,78.89,2.759,212.412888,7.092
6,Dept-06,2010-04-06,Home Essentials,Regular,SPLR-007,1857380.09,24,77390.84,2210272.98,79.44,2.705,212.6982436,7.092
6,Dept-03,2010-11-06,Home Essentials,Premium,SPLR-005,1685652.35,22,76620.56,1878249.78,81.81,2.668,212.9835992,7.092
6,Dept-06,2010-06-18,Home Essentials,Premium,SPLR-010,1677248.24,4,419312.06,1854675.03,83.89,2.637,212.9813843,7.092
6,Dept-03,2010-06-25,Pharmacy,Premium,SPLR-002,1640681.88,5,328136.38,1953360.22,84.2,2.653,212.8641412,7.092
6,Dept-10,2010-02-07,Clothing,New,SPLR-002,1759777.25,14,125698.38,1985855.35,80.34,2.669,212.746898,6.973
6,Dept-04,2010-09-07,Electronics,Regular,SPLR-009,1690317.99,8,211289.75,1959148.02,80.93,2.642,212.6296549,6.973
6,Dept-03,2010-07-16,Home Essentials,Premium,SPLR-005,1560120.8,34,45885.91,1779165.15,83.75,2.623,212.6212163,6.973
6,Dept-01,2010-07-23,Grocery,Regular,SPLR-001,1585240.92,3,528413.64,1761156.96,83.9,2.608,212.7578505,6.973
6,Dept-08,2010-07-30,Grocery,Regular,SPLR-005,1532308.78,15,102153.92,1837919.51,81.37,2.64,212.8944846,6.973
6,Dept-05,2010-06-08,Pharmacy,Regular,SPLR-009,1633241.59,4,408310.4,1846585.16,86.61,2.627,213.0311188,6.973
6,Dept-07,2010-08-13,Home Essentials,Regular,SPLR-005,1547654.98,17,91038.53,1840026.77,86.83,2.692,213.1677529,6.973
6,Dept-07,2010-08-20,Home Essentials,Regular,SPLR-006,1539930.5,29,53101.05,1701557.12,87.36,2.664,213.1291427,6.973
6,Dept-05,2010-08-27,Grocery,Regular,SPLR-003,1450766.12,1,1450766.12,1604774.82,85.71,2.619,213.0905324,6.973
6,Dept-05,2010-03-09,Home Essentials,Regular,SPLR-006,1510925.32,1,1510925.32,1798154.15,82.15,2.577,213.0519222,6.973
6,Dept-10,2010-10-09,Home Essentials,New,SPLR-002,1424225.44,1,1424225.44,1678555.99,78.78,2.565,213.013312,6.973
6,Dept-01,2010-09-17,Home Essentials,Regular,SPLR-002,1308537.75,43,30431.11,1446715.72,81.78,2.582,213.0398643,6.973
6,Dept-03,2010-09-24,Pharmacy,New,SPLR-002,1275591.84,38,33568.21,1477115.62,76.49,2.624,213.1152886,6.973
6,Dept-04,2010-01-10,Home Essentials,Regular,SPLR-008,1328468.89,19,69919.42,1587433.09,70.69,2.603,213.1907129,7.007
6,Dept-06,2010-08-10,Clothing,Regular,SPLR-006,1360317.9,39,34879.95,1604957.67,65.21,2.633,213.2661373,7.007
6,Dept-07,2010-10-15,Pharmacy,Regular,SPLR-008,1344580.92,45,29879.58,1561381.28,68.93,2.72,213.3337977,7.007
6,Dept-08,2010-10-22,Electronics,Regular,SPLR-010,1332716.53,2,666358.26,1529112.25,70.97,2.725,213.3820486,7.007
6,Dept-06,2010-10-29,Pharmacy,Premium,SPLR-007,1385323.7,3,461774.57,1564394.5,70.39,2.716,213.4302994,7.007
6,Dept-02,2010-05-11,Home Essentials,Premium,SPLR-001,1505442.15,47,32030.68,1701920.64,59.9,2.689,213.4785503,7.007
6,Dept-03,2010-12-11,Clothing,Regular,SPLR-009,1495536.46,47,31819.92,1652546.45,62.11,2.728,213.5268011,7.007
6,Dept-06,2010-11-19,Pharmacy,Regular,SPLR-006,1518841.45,21,72325.78,1696678.71,52.99,2.771,213.4107412,7.007
6,Dept-05,2010-11-26,Clothing,Regular,SPLR-003,2267452.4,41,55303.72,2646765.45,65.79,2.735,213.2672961,7.007
6,Dept-05,2010-03-12,Pharmacy,Regular,SPLR-006,1677067.24,8,209633.4,1887991.82,52.3,2.708,213.123851,7.007
6,Dept-06,2010-10-12,Grocery,Regular,SPLR-007,1834737.58,36,50964.93,2196063.13,48.46,2.843,212.9804059,7.007
6,Dept-02,2010-12-17,Grocery,New,SPLR-003,2090268.95,14,149304.92,2349861.11,52.24,2.869,212.918049,7.007
6,Dept-04,2010-12-24,Home Essentials,Regular,SPLR-006,2727575.18,36,75765.98,3200883.67,55.07,2.886,212.9165082,7.007
6,Dept-04,2010-12-31,Electronics,New,SPLR-005,1464050.02,24,61002.08,1680725.85,49.14,2.943,212.9149674,7.007
6,Dept-02,2011-07-01,Clothing,Regular,SPLR-010,1350441.68,11,122767.43,1494876.61,47.78,2.976,212.9134266,6.858
6,Dept-01,2011-01-14,Electronics,Premium,SPLR-006,1306194.55,24,54424.77,1553511.59,38.37,2.983,212.9655882,6.858
6,Dept-03,2011-01-21,Electronics,Regular,SPLR-001,1261253.18,16,78828.32,1454436.31,46.2,3.016,213.3399647,6.858
6,Dept-05,2011-01-28,Electronics,Regular,SPLR-006,1287034.7,5,257406.94,1465208.07,44.98,3.01,213.7143412,6.858
6,Dept-10,2011-04-02,Electronics,Regular,SPLR-009,1514999.17,13,116538.4,1677131.87,40.59,2.989,214.0887176,6.858
6,Dept-03,2011-11-02,Pharmacy,New,SPLR-008,1486920.17,37,40187.03,1664912.05,39.38,3.022,214.4630941,6.858
6,Dept-02,2011-02-18,Home Essentials,New,SPLR-002,1572117.54,42,37431.37,1818981.56,59.61,3.045,214.7775231,6.858
6,Dept-04,2011-02-25,Grocery,New,SPLR-009,1422600.43,20,71130.02,1646641.4,62.86,3.065,215.0679731,6.858
6,Dept-03,2011-04-03,Grocery,Regular,SPLR-010,1502617.99,17,88389.29,1737371.77,60.45,3.288,215.3584231,6.858
6,Dept-02,2011-11-03,Clothing,Regular,SPLR-010,1494497.39,19,78657.76,1793162.38,57.71,3.459,215.6488731,6.858
6,Dept-07,2011-03-18,Clothing,Regular,SPLR-005,1685375.47,13,129644.27,1940142.97,65.07,3.488,215.9035078,6.858
6,Dept-03,2011-03-25,Grocery,Regular,SPLR-003,1438465.81,15,95897.72,1622733.03,70.83,3.473,216.1438163,6.858
6,Dept-03,2011-01-04,Electronics,Regular,SPLR-008,1459276.77,26,56126.03,1692683.61,62.25,3.524,216.3841249,6.855
6,Dept-06,2011-08-04,Clothing,Regular,SPLR-002,1534594.0,33,46502.85,1817151.14,70.35,3.622,216.6244334,6.855
6,Dept-04,2011-04-15,Electronics,Regular,SPLR-008,1448797.02,2,724398.51,1669217.33,73.17,3.743,216.8446627,6.855
6,Dept-04,2011-04-22,Clothing,Regular,SPLR-008,1639358.93,25,65574.36,1816056.69,74.24,3.807,217.0146941,6.855
6,Dept-04,2011-04-29,Home Essentials,New,SPLR-005,1479249.9,9,164361.1,1706100.38,75.27,3.81,217.1847255,6.855
6,Dept-02,2011-06-05,Electronics,Regular,SPLR-009,1504651.57,31,48537.15,1763224.38,65.42,3.906,217.3547569,6.855
6,Dept-10,2011-05-13,Clothing,Regular,SPLR-006,1453185.65,11,132107.79,1635824.53,76.95,3.899,217.5247882,6.855
6,Dept-07,2011-05-20,Home Essentials,Regular,SPLR-007,1382783.83,1,1382783.83,1564877.78,72.01,3.907,217.2896095,6.855
6,Dept-07,2011-05-27,Home Essentials,Regular,SPLR-004,1523979.11,17,89645.83,1753269.51,80.83,3.786,217.0544307,6.855
6,Dept-01,2011-03-06,Electronics,Regular,SPLR-008,1705506.29,21,81214.59,1972953.96,84.01,3.699,216.819252,6.855
6,Dept-08,2011-10-06,Grocery,Premium,SPLR-004,1598643.65,4,399660.91,1758528.15,84.49,3.648,216.5840732,6.855
6,Dept-10,2011-06-17,Pharmacy,Regular,SPLR-004,1622150.33,26,62390.4,1843785.53,87.08,3.637,216.5371616,6.855
6,Dept-02,2011-06-24,Grocery,Premium,SPLR-004,1543365.9,3,514455.3,1841803.74,85.51,3.594,216.6314502,6.855
6,Dept-01,2011-01-07,Grocery,Regular,SPLR-009,1694551.15,6,282425.19,1871297.0,87.0,3.524,216.7257388,6.925
6,Dept-07,2011-08-07,Electronics,Regular,SPLR-010,1709373.62,41,41692.04,1936908.17,88.36,3.48,216.8200275,6.925
6,Dept-07,2011-07-15,Pharmacy,Regular,SPLR-003,1526801.24,19,80357.96,1699385.58,88.93,3.575,216.9044732,6.925
6,Dept-04,2011-07-22,Grocery,Premium,SPLR-006,1526506.08,17,89794.48,1819881.57,88.06,3.651,216.964312,6.925
6,Dept-08,2011-07-29,Electronics,Regular,SPLR-007,1483991.05,26,57076.58,1660772.83,90.22,3.682,217.0241507,6.925
6,Dept-04,2011-05-08,Electronics,Premium,SPLR-002,1601584.57,22,72799.3,1886791.24,91.46,3.684,217.0839894,6.925
6,Dept-01,2011-12-08,Grocery,New,SPLR-001,1484995.38,37,40135.01,1660402.66,90.49,3.638,217.1438281,6.925
6,Dept-04,2011-08-19,Home Essentials,Regular,SPLR-004,1493544.04,40,37338.6,1737486.8,89.26,3.554,217.2069662,6.925
6,Dept-09,2011-08-26,Pharmacy,New,SPLR-003,1420405.41,37,38389.34,1675629.77,90.07,3.523,217.2706543,6.925
6,Dept-10,2011-02-09,Clothing,Regular,SPLR-008,1481618.74,48,30867.06,1679984.32,91.22,3.533,217.3343423,6.925
6,Dept-06,2011-09-09,Clothing,Premium,SPLR-010,1483574.38,20,74178.72,1710349.11,80.21,3.546,217.3980304,6.925
6,Dept-09,2011-09-16,Home Essentials,Regular,SPLR-007,1351407.79,5,270281.56,1496132.24,84.94,3.526,217.5797506,6.925
6,Dept-06,2011-09-23,Pharmacy,Regular,SPLR-008,1336044.75,36,37112.35,1586718.57,78.49,3.467,217.9188471,6.925
6,Dept-07,2011-09-30,Clothing,Regular,SPLR-007,1307551.92,12,108962.66,1533089.25,82.51,3.355,218.2579435,6.925
6,Dept-01,2011-07-10,Clothing,Regular,SPLR-004,1481739.2,22,67351.78,1762134.84,74.1,3.285,218.59704,6.551
6,Dept-10,2011-10-14,Clothing,Premium,SPLR-008,1386520.99,38,36487.39,1585295.75,71.24,3.274,218.9109844,6.551
6,Dept-07,2011-10-21,Home Essentials,Regular,SPLR-007,1417922.37,35,40512.07,1600419.15,68.53,3.353,219.0740167,6.551
6,Dept-01,2011-10-28,Home Essentials,Regular,SPLR-002,1419445.12,27,52572.04,1631530.82,69.51,3.372,219.237049,6.551
6,Dept-01,2011-04-11,Grocery,Regular,SPLR-002,1523420.38,9,169268.93,1813735.0,58.54,3.332,219.4000812,6.551
6,Dept-02,2011-11-11,Pharmacy,Regular,SPLR-004,1536176.54,18,85343.14,1780948.71,61.33,3.297,219.5631135,6.551
6,Dept-02,2011-11-18,Grocery,Regular,SPLR-001,1524390.07,46,33138.91,1746738.24,63.89,3.308,219.7897137,6.551
6,Dept-03,2011-11-25,Grocery,Regular,SPLR-010,2249811.55,23,97817.89,2683597.05,62.78,3.236,220.0417412,6.551
6,Dept-08,2011-02-12,Electronics,Premium,SPLR-007,1688531.34,31,54468.75,1947778.69,51.18,3.172,220.2937686,6.551
6,Dept-08,2011-09-12,Electronics,Regular,SPLR-008,1903385.14,29,65633.97,2170293.68,43.64,3.158,220.5457961,6.551
6,Dept-02,2011-12-16,Grocery,Regular,SPLR-004,2034695.56,8,254336.94,2278759.48,53.27,3.159,220.7671856,6.551
6,Dept-04,2011-12-23,Pharmacy,Regular,SPLR-010,2644633.02,21,125934.91,3004615.54,49.45,3.112,220.9477245,6.551
6,Dept-10,2011-12-30,Pharmacy,Regular,SPLR-005,1598080.52,11,145280.05,1758431.98,46.8,3.129,221.1282634,6.551
6,Dept-04,2012-06-01,Pharmacy,Regular,SPLR-008,1395339.71,26,53666.91,1614605.95,50.82,3.157,221.3088023,6.132
6,Dept-06,2012-01-13,Electronics,New,SPLR-003,1344243.17,49,27433.53,1525684.17,48.33,3.261,221.4893412,6.132
6,Dept-06,2012-01-20,Electronics,Regular,SPLR-001,1326255.7,24,55260.65,1571145.45,55.37,3.268,221.5831306,6.132
6,Dept-01,2012-01-27,Home Essentials,Regular,SPLR-009,1315610.66,1,1315610.66,1532852.14,53.95,3.29,221.6769199,6.132
6,Dept-04,2012-03-02,Pharmacy,Regular,SPLR-004,1496305.78,13,115100.44,1771501.47,57.45,3.36,221.7707093,6.132
6,Dept-03,2012-10-02,Grocery,Regular,SPLR-001,1620603.92,49,33073.55,1920398.8,48.58,3.409,221.8644987,6.132
6,Dept-04,2012-02-17,Pharmacy,Regular,SPLR-010,1632616.09,22,74209.82,1808268.22,49.03,3.51,222.026359,6.132
6,Dept-09,2012-02-24,Home Essentials,New,SPLR-003,1465187.71,19,77115.14,1617254.2,59.17,3.555,222.2392726,6.132
6,Dept-04,2012-02-03,Clothing,Premium,SPLR-001,1550385.65,45,34453.01,1827341.65,60.32,3.63,222.4521862,6.132
6,Dept-10,2012-09-03,Pharmacy,Regular,SPLR-008,1569304.4,1,1569304.4,1793828.99,57.89,3.669,222.6650998,6.132
6,Dept-01,2012-03-16,Pharmacy,Regular,SPLR-007,1748010.29,47,37191.71,2094362.32,62.8,3.734,222.8186603,6.132
6,Dept-10,2012-03-23,Pharmacy,Regular,SPLR-008,1495143.62,40,37378.59,1738660.28,63.71,3.787,222.8930835,6.132
6,Dept-06,2012-03-30,Pharmacy,New,SPLR-007,1508933.26,39,38690.6,1798781.47,67.91,3.845,222.9675066,6.132
6,Dept-10,2012-06-04,Pharmacy,Regular,SPLR-008,1840131.19,41,44881.25,2105404.28,71.6,3.891,223.0419298,5.964
6,Dept-08,2012-04-13,Home Essentials,Regular,SPLR-010,1616394.45,41,39424.25,1798731.02,71.29,3.891,223.1163529,5.964
6,Dept-04,2012-04-20,Pharmacy,New,SPLR-005,1456073.24,49,29715.78,1653465.8,68.64,3.877,223.17092,5.964
6,Dept-01,2012-04-27,Home Essentials,Regular,SPLR-002,1456221.1,9,161802.34,1662969.64,71.5,3.814,223.2254871,5.964
6,Dept-01,2012-04-05,Pharmacy,Regular,SPLR-005,1543461.12,39,39575.93,1799830.0,77.66,3.749,223.2800541,5.964
6,Dept-01,2012-11-05,Pharmacy,Regular,SPLR-002,1517075.67,45,33712.79,1780690.33,72.66,3.688,223.3346212,5.964
6,Dept-10,2012-05-18,Clothing,Regular,SPLR-008,1513635.64,25,60545.43,1792020.75,70.5,3.63,223.3511928,5.964
6,Dept-01,2012-05-25,Electronics,New,SPLR-004,1603793.42,23,69730.15,1909176.86,78.47,3.561,223.3525662,5.964
6,Dept-05,2012-01-06,Pharmacy,New,SPLR-003,1681121.38,24,70046.72,1968269.17,80.39,3.501,223.3539397,5.964
6,Dept-06,2012-08-06,Electronics,Regular,SPLR-009,1696619.52,12,141384.96,1898851.07,80.5,3.452,223.3553131,5.964
6,Dept-04,2012-06-15,Clothing,Regular,SPLR-003,1642247.48,12,136853.96,1834399.48,82.1,3.393,223.3680933,5.964
6,Dept-02,2012-06-22,Electronics,Regular,SPLR-001,1618272.25,6,269712.04,1881089.48,81.2,3.346,223.4093906,5.964
6,Dept-01,2012-06-29,Home Essentials,Regular,SPLR-005,1648863.46,28,58887.98,1857882.88,87.35,3.286,223.4506878,5.964
6,Dept-08,2012-06-07,Electronics,Premium,SPLR-005,1876359.39,31,60527.72,2225993.76,82.95,3.227,223.4919851,5.668
6,Dept-02,2012-07-13,Electronics,Regular,SPLR-007,1588142.26,38,41793.22,1860550.58,80.27,3.256,223.5332824,5.668
6,Dept-05,2012-07-20,Grocery,Premium,SPLR-004,1574361.97,30,52478.73,1880246.01,81.57,3.311,223.5424501,5.668
6,Dept-01,2012-07-27,Electronics,Regular,SPLR-009,1513229.16,29,52180.32,1772740.47,85.78,3.407,223.5516178,5.668
6,Dept-09,2012-03-08,Electronics,Regular,SPLR-006,1627274.93,45,36161.67,1811303.57,87.55,3.417,223.5607856,5.668
6,Dept-03,2012-10-08,Pharmacy,Premium,SPLR-002,1588380.73,5,317676.15,1799346.46,87.04,3.494,223.5699533,5.668
6,Dept-05,2012-08-17,Pharmacy,Regular,SPLR-004,1543049.52,17,90767.62,1741630.04,87.53,3.571,223.6510224,5.668
6,Dept-08,2012-08-24,Electronics,Regular,SPLR-009,1501095.49,7,214442.21,1801286.24,79.03,3.62,223.7860175,5.668
6,Dept-02,2012-08-31,Grocery,Regular,SPLR-007,1577439.81,36,43817.77,1881286.34,83.58,3.638,223.9210125,5.668
6,Dept-05,2012-07-09,Clothing,Regular,SPLR-004,1608077.01,35,45945.06,1872138.99,86.33,3.73,224.0560076,5.668
6,Dept-02,2012-09-14,Clothing,Regular,SPLR-007,1375166.86,15,91677.79,1593526.07,76.41,3.717,224.2004678,5.668
6,Dept-04,2012-09-21,Electronics,Regular,SPLR-006,1425603.65,35,40731.53,1592850.31,70.81,3.721,224.4017192,5.668
6,Dept-01,2012-09-28,Electronics,New,SPLR-003,1369131.46,25,54765.26,1601578.61,77.82,3.666,224.6029706,5.668
6,Dept-08,2012-05-10,Clothing,New,SPLR-001,1518177.71,34,44652.29,1800897.88,70.84,3.617,224.804222,5.329
6,Dept-04,2012-12-10,Home Essentials,Premium,SPLR-008,1459396.84,21,69495.09,1735780.96,65.43,3.601,225.0054733,5.329
6,Dept-01,2012-10-19,Electronics,New,SPLR-006,1436883.99,29,49547.72,1681830.64,69.68,3.594,225.0501013,5.329
6,Dept-04,2012-10-26,Electronics,Regular,SPLR-009,1431426.34,42,34081.58,1656384.8,72.34,3.506,225.0686254,5.329
7,Dept-10,2010-05-02,Electronics,Regular,SPLR-003,496725.44,34,14609.57,583125.03,10.53,2.58,189.3816974,9.014
7,Dept-09,2010-12-02,Grocery,Regular,SPLR-005,524104.92,36,14558.47,601893.58,25.9,2.572,189.4642725,9.014
7,Dept-01,2010-02-19,Clothing,Regular,SPLR-003,506760.54,11,46069.14,584607.69,27.28,2.55,189.5340998,9.014
7,Dept-04,2010-02-26,Clothing,Regular,SPLR-009,496083.24,36,13780.09,574567.27,24.91,2.586,189.6018023,9.014
7,Dept-09,2010-05-03,Pharmacy,Regular,SPLR-005,491419.55,47,10455.74,573195.48,35.86,2.62,189.6695049,9.014
7,Dept-10,2010-12-03,Electronics,New,SPLR-008,480452.1,30,16015.07,573332.21,27.25,2.684,189.7372075,9.014
7,Dept-07,2010-03-19,Pharmacy,Premium,SPLR-008,574450.23,7,82064.32,662763.18,29.04,2.692,189.734262,9.014
7,Dept-10,2010-03-26,Clothing,Regular,SPLR-009,514731.6,38,13545.57,612102.76,23.33,2.717,189.7195417,9.014
7,Dept-07,2010-02-04,Electronics,Premium,SPLR-005,561145.14,44,12753.3,644208.98,38.26,2.725,189.7048215,8.963
7,Dept-05,2010-09-04,Grocery,New,SPLR-001,484263.25,33,14674.64,534381.68,33.79,2.75,189.6901012,8.963
7,Dept-03,2010-04-16,Electronics,Premium,SPLR-007,406228.19,11,36929.84,473914.63,41.89,2.765,189.6628845,8.963
7,Dept-09,2010-04-23,Home Essentials,Premium,SPLR-002,404751.25,16,25296.95,461172.17,43.07,2.776,189.6190057,8.963
7,Dept-03,2010-04-30,Grocery,Regular,SPLR-010,373655.61,26,14371.37,420502.8,38.99,2.766,189.575127,8.963
7,Dept-04,2010-07-05,Pharmacy,Regular,SPLR-003,395453.83,36,10984.83,460255.55,40.07,2.771,189.5312483,8.963
7,Dept-06,2010-05-14,Electronics,Regular,SPLR-007,372673.61,41,9089.6,423928.64,41.41,2.788,189.4904116,8.963
7,Dept-03,2010-05-21,Home Essentials,Regular,SPLR-005,395195.65,2,197597.82,440381.17,46.6,2.776,189.467827,8.963
7,Dept-06,2010-05-28,Grocery,Regular,SPLR-007,442734.55,34,13021.6,504561.7,54.24,2.737,189.4452425,8.963
7,Dept-07,2010-04-06,Electronics,Regular,SPLR-009,509183.22,35,14548.09,565244.01,53.63,2.7,189.422658,8.963
7,Dept-09,2010-11-06,Pharmacy,New,SPLR-004,498580.87,34,14664.14,549921.1,63.59,2.684,189.4000734,8.963
7,Dept-03,2010-06-18,Grocery,Regular,SPLR-007,481144.09,1,481144.09,576520.19,52.7,2.674,189.4185259,8.963
7,Dept-09,2010-06-25,Clothing,Regular,SPLR-001,553714.87,4,138428.72,614901.2,59.94,2.715,189.4533931,8.963
7,Dept-05,2010-02-07,Electronics,Regular,SPLR-009,575570.77,29,19847.27,655627.8,61.31,2.728,189.4882603,9.017
7,Dept-08,2010-09-07,Electronics,Regular,SPLR-005,593462.34,32,18545.7,678418.76,58.0,2.711,189.5231276,9.017
7,Dept-08,2010-07-16,Home Essentials,Premium,SPLR-004,557166.35,25,22286.65,645379.42,62.19,2.699,189.6125456,9.017
7,Dept-06,2010-07-23,Clothing,Regular,SPLR-003,570231.21,34,16771.51,632280.26,64.64,2.691,189.774698,9.017
7,Dept-09,2010-07-30,Grocery,Regular,SPLR-003,603547.16,31,19469.26,698901.87,66.07,2.69,189.9368504,9.017
7,Dept-06,2010-06-08,Pharmacy,Regular,SPLR-001,643854.17,8,80481.77,765762.84,61.7,2.69,190.0990028,9.017
7,Dept-01,2010-08-13,Home Essentials,Regular,SPLR-006,598185.4,17,35187.38,686370.66,60.13,2.723,190.2611552,9.017
7,Dept-04,2010-08-20,Grocery,Premium,SPLR-009,582353.17,3,194117.72,687240.61,59.59,2.732,190.2948237,9.017
7,Dept-08,2010-08-27,Electronics,Regular,SPLR-004,554309.24,47,11793.81,653011.75,57.57,2.731,190.3284922,9.017
7,Dept-10,2010-03-09,Clothing,Regular,SPLR-006,532765.05,4,133191.26,602295.03,49.84,2.773,190.3621607,9.017
7,Dept-06,2010-10-09,Home Essentials,Regular,SPLR-003,535769.32,37,14480.25,621923.06,48.5,2.78,190.3958293,9.017
7,Dept-02,2010-09-17,Electronics,New,SPLR-010,489408.53,36,13594.68,557110.25,48.56,2.8,190.4688287,9.017
7,Dept-04,2010-09-24,Home Essentials,Premium,SPLR-008,488008.83,3,162669.61,538485.39,47.55,2.793,190.5713264,9.017
7,Dept-08,2010-01-10,Pharmacy,New,SPLR-001,448998.73,19,23631.51,502200.38,49.99,2.759,190.6738241,9.137
7,Dept-10,2010-08-10,Clothing,Regular,SPLR-008,480239.88,31,15491.61,538803.34,44.13,2.745,190.7763218,9.137
7,Dept-06,2010-10-15,Pharmacy,Regular,SPLR-007,463370.48,49,9456.54,544031.27,35.86,2.762,190.8623087,9.137
7,Dept-03,2010-10-22,Home Essentials,New,SPLR-009,472450.81,29,16291.41,552498.6,36.84,2.762,190.9070184,9.137
7,Dept-01,2010-10-29,Clothing,Regular,SPLR-003,465493.15,41,11353.49,535045.03,34.78,2.748,190.951728,9.137
7,Dept-05,2010-05-11,Pharmacy,New,SPLR-005,480512.44,47,10223.67,546231.57,49.44,2.729,190.9964377,9.137
7,Dept-01,2010-12-11,Clothing,Regular,SPLR-010,507584.29,5,101516.86,579107.94,22.12,2.737,191.0411474,9.137
7,Dept-08,2010-11-19,Home Essentials,Regular,SPLR-005,482528.36,33,14622.07,532720.7,25.56,2.758,191.0312172,9.137
7,Dept-01,2010-11-26,Pharmacy,Regular,SPLR-007,835189.26,30,27839.64,931215.81,17.95,2.742,191.0121805,9.137
7,Dept-03,2010-03-12,Clothing,Premium,SPLR-006,552811.62,10,55281.16,660626.63,21.88,2.712,190.9931437,9.137
7,Dept-04,2010-10-12,Clothing,Premium,SPLR-008,599730.07,30,19991.0,684486.44,24.24,2.728,190.9741069,9.137
7,Dept-08,2010-12-17,Home Essentials,Premium,SPLR-010,716388.81,11,65126.26,815091.29,20.74,2.778,191.0303376,9.137
7,Dept-08,2010-12-24,Home Essentials,Regular,SPLR-004,1045124.88,3,348374.96,1159571.14,26.04,2.781,191.1430189,9.137
7,Dept-07,2010-12-31,Grocery,Premium,SPLR-006,729572.08,29,25157.66,802850.92,13.76,2.829,191.2557002,9.137
7,Dept-01,2011-07-01,Pharmacy,Regular,SPLR-004,661163.94,43,15375.91,738143.02,10.09,2.882,191.3683815,8.818
7,Dept-02,2011-01-14,Home Essentials,New,SPLR-003,547384.9,13,42106.53,648317.02,11.32,2.911,191.4784939,8.818
7,Dept-10,2011-01-21,Home Essentials,Regular,SPLR-007,521539.46,20,26076.97,617299.09,25.4,2.973,191.5731924,8.818
7,Dept-04,2011-01-28,Grocery,Regular,SPLR-001,513372.17,49,10476.98,601403.23,10.11,3.008,191.667891,8.818
7,Dept-04,2011-04-02,Home Essentials,New,SPLR-008,558027.77,1,558027.77,643726.92,-2.06,3.011,191.7625895,8.818
7,Dept-07,2011-11-02,Home Essentials,Regular,SPLR-009,559903.13,6,93317.19,618553.1,10.24,3.037,191.8572881,8.818
7,Dept-10,2011-02-18,Clothing,Regular,SPLR-008,572387.47,1,572387.47,636687.58,17.3,3.051,191.9178331,8.818
7,Dept-05,2011-02-25,Grocery,Premium,SPLR-007,546690.84,6,91115.14,646332.59,17.46,3.101,191.9647167,8.818
7,Dept-02,2011-04-03,Clothing,Regular,SPLR-004,551378.39,49,11252.62,654371.14,21.84,3.232,192.0116004,8.818
7,Dept-10,2011-11-03,Home Essentials,New,SPLR-002,558963.83,29,19274.61,649826.92,20.7,3.372,192.058484,8.818
7,Dept-05,2011-03-18,Electronics,New,SPLR-004,635014.69,30,21167.16,749408.51,27.69,3.406,192.1237981,8.818
7,Dept-01,2011-03-25,Pharmacy,Regular,SPLR-006,559061.58,38,14712.15,629580.33,25.69,3.414,192.1964844,8.818
7,Dept-04,2011-01-04,Pharmacy,Premium,SPLR-008,513409.67,14,36672.12,602615.64,24.83,3.461,192.2691707,8.595
7,Dept-01,2011-08-04,Home Essentials,Regular,SPLR-010,500552.16,24,20856.34,569620.2,30.64,3.532,192.3418571,8.595
7,Dept-09,2011-04-15,Clothing,New,SPLR-010,423380.14,16,26461.26,497216.07,27.79,3.611,192.4225954,8.595
7,Dept-02,2011-04-22,Pharmacy,New,SPLR-005,466594.89,37,12610.67,557645.43,31.84,3.636,192.5234638,8.595
7,Dept-01,2011-04-29,Home Essentials,Regular,SPLR-007,410429.73,12,34202.48,481662.18,26.79,3.663,192.6243322,8.595
7,Dept-01,2011-06-05,Pharmacy,Regular,SPLR-009,407012.47,40,10175.31,462609.41,26.54,3.735,192.7252006,8.595
7,Dept-02,2011-05-13,Electronics,Regular,SPLR-003,414094.05,16,25880.88,486940.2,36.61,3.767,192.826069,8.595
7,Dept-06,2011-05-20,Clothing,Regular,SPLR-008,424670.98,28,15166.82,491912.06,36.16,3.828,192.831317,8.595
7,Dept-07,2011-05-27,Clothing,Regular,SPLR-007,457216.87,9,50801.87,548560.89,37.51,3.795,192.8365651,8.595
7,Dept-05,2011-03-06,Electronics,New,SPLR-007,542295.37,21,25823.59,641349.5,45.77,3.763,192.8418131,8.595
7,Dept-04,2011-10-06,Pharmacy,Premium,SPLR-007,621099.95,36,17252.78,709162.31,53.3,3.735,192.8470612,8.595
7,Dept-10,2011-06-17,Home Essentials,Regular,SPLR-009,610991.35,46,13282.42,683369.19,48.79,3.697,192.9034759,8.595
7,Dept-06,2011-06-24,Grocery,Premium,SPLR-006,640043.97,39,16411.38,745662.5,46.85,3.661,192.9982655,8.595
7,Dept-06,2011-01-07,Pharmacy,Regular,SPLR-006,704344.21,18,39130.23,822141.7,58.54,3.597,193.0930552,8.622
7,Dept-05,2011-08-07,Home Essentials,Regular,SPLR-005,761793.94,32,23806.06,872904.74,59.08,3.54,193.1878448,8.622
7,Dept-01,2011-07-15,Grocery,Regular,SPLR-002,642748.21,47,13675.49,726462.17,54.37,3.532,193.3125484,8.622
7,Dept-06,2011-07-22,Clothing,New,SPLR-006,688043.96,35,19658.4,791180.86,56.22,3.545,193.5120367,8.622
7,Dept-10,2011-07-29,Grocery,Premium,SPLR-006,653382.62,30,21779.42,738690.42,56.66,3.547,193.711525,8.622
7,Dept-03,2011-05-08,Electronics,Regular,SPLR-001,695392.84,21,33113.94,816081.94,55.91,3.554,193.9110133,8.622
7,Dept-10,2011-12-08,Home Essentials,Premium,SPLR-009,670670.46,34,19725.6,795784.79,54.56,3.542,194.1105017,8.622
7,Dept-04,2011-08-19,Home Essentials,Regular,SPLR-010,645156.21,10,64515.62,735948.9,56.06,3.499,194.2500634,8.622
7,Dept-06,2011-08-26,Electronics,Regular,SPLR-005,629994.47,2,314997.24,749691.24,57.6,3.485,194.3796374,8.622
7,Dept-01,2011-02-09,Electronics,Regular,SPLR-010,592355.24,24,24681.47,707524.8,53.4,3.511,194.5092113,8.622
7,Dept-01,2011-09-09,Home Essentials,New,SPLR-010,613135.23,28,21897.69,695365.28,45.61,3.566,194.6387853,8.622
7,Dept-04,2011-09-16,Pharmacy,Regular,SPLR-006,558981.45,35,15970.9,670542.75,43.67,3.596,194.7419707,8.622
7,Dept-08,2011-09-23,Clothing,Regular,SPLR-006,536144.81,38,14109.07,623804.97,43.67,3.581,194.8099713,8.622
7,Dept-08,2011-09-30,Electronics,Regular,SPLR-003,488880.26,38,12865.27,554910.64,47.34,3.538,194.8779718,8.622
7,Dept-06,2011-07-10,Electronics,Premium,SPLR-006,525866.36,26,20225.63,626440.53,40.65,3.498,194.9459724,8.513
7,Dept-09,2011-10-14,Electronics,Regular,SPLR-009,501959.19,5,100391.84,568904.31,32.65,3.491,195.0261012,8.513
7,Dept-05,2011-10-21,Electronics,Premium,SPLR-010,558691.43,27,20692.28,632566.35,37.49,3.548,195.1789994,8.513
7,Dept-05,2011-10-28,Electronics,Regular,SPLR-004,527339.52,41,12861.94,624545.79,28.82,3.55,195.3318977,8.513
7,Dept-02,2011-04-11,Clothing,Regular,SPLR-010,564536.01,46,12272.52,669713.49,23.41,3.527,195.4847959,8.513
7,Dept-09,2011-11-11,Clothing,Regular,SPLR-006,556015.59,18,30889.75,637012.83,19.53,3.505,195.6376941,8.513
7,Dept-01,2011-11-18,Electronics,Premium,SPLR-006,539826.56,44,12268.79,617817.27,29.53,3.479,195.7184713,8.513
7,Dept-07,2011-11-25,Grocery,New,SPLR-007,949075.87,17,55827.99,1085746.13,27.6,3.424,195.7704,8.513
7,Dept-01,2011-02-12,Grocery,Regular,SPLR-006,591907.88,6,98651.31,691120.57,20.38,3.378,195.8223287,8.513
7,Dept-05,2011-09-12,Home Essentials,Regular,SPLR-009,653845.45,15,43589.7,763541.65,11.17,3.331,195.8742575,8.513
7,Dept-01,2011-12-16,Electronics,New,SPLR-009,720242.19,48,15005.05,827054.0,15.2,3.266,195.9841685,8.513
7,Dept-06,2011-12-23,Pharmacy,Premium,SPLR-008,1059715.27,25,42388.61,1235519.68,12.19,3.173,196.1713893,8.513
7,Dept-03,2011-12-30,Home Essentials,Regular,SPLR-006,815915.52,32,25497.36,936576.51,15.56,3.119,196.3586101,8.513
7,Dept-03,2012-06-01,Home Essentials,New,SPLR-008,713117.66,44,16207.22,851804.46,18.67,3.095,196.5458309,8.256
7,Dept-10,2012-01-13,Home Essentials,New,SPLR-002,593875.46,38,15628.3,707794.2,7.46,3.077,196.7330517,8.256
7,Dept-01,2012-01-20,Grocery,Regular,SPLR-002,578002.85,7,82571.84,636596.46,27.41,3.055,196.7796652,8.256
7,Dept-07,2012-01-27,Electronics,Regular,SPLR-007,541037.98,47,11511.45,604811.48,26.9,3.038,196.8262786,8.256
7,Dept-01,2012-03-02,Clothing,Regular,SPLR-009,580453.32,31,18724.3,641074.29,22.2,3.031,196.8728921,8.256
7,Dept-08,2012-10-02,Home Essentials,Regular,SPLR-001,563460.77,32,17608.15,655213.61,18.79,3.103,196.9195056,8.256
7,Dept-10,2012-02-17,Grocery,Regular,SPLR-002,620908.18,5,124181.64,735235.74,27.03,3.113,196.9432711,8.256
7,Dept-05,2012-02-24,Electronics,Premium,SPLR-001,603041.14,22,27410.96,675492.23,24.41,3.129,196.9499007,8.256
7,Dept-10,2012-02-03,Home Essentials,Premium,SPLR-009,551058.13,19,29003.06,638345.62,21.64,3.191,196.9565303,8.256
7,Dept-06,2012-09-03,Electronics,New,SPLR-006,579166.5,40,14479.16,678348.39,30.1,3.286,196.9631599,8.256
7,Dept-08,2012-03-16,Clothing,Regular,SPLR-003,669205.73,46,14547.95,741189.76,37.29,3.486,197.0457208,8.256
7,Dept-09,2012-03-23,Home Essentials,Regular,SPLR-002,615997.29,22,27999.88,727613.0,35.06,3.664,197.2295234,8.256
7,Dept-05,2012-03-30,Clothing,Premium,SPLR-002,583322.2,19,30701.17,650417.98,44.99,3.75,197.4133259,8.256
7,Dept-03,2012-06-04,Clothing,New,SPLR-004,621425.98,4,155356.5,730867.59,44.29,3.854,197.5971285,8.09
7,Dept-07,2012-04-13,Pharmacy,Premium,SPLR-006,517420.23,10,51742.02,574098.33,41.43,3.901,197.780931,8.09
7,Dept-04,2012-04-20,Electronics,Premium,SPLR-007,457340.06,1,457340.06,508061.9,39.3,3.936,197.7227385,8.09
7,Dept-02,2012-04-27,Grocery,Regular,SPLR-001,467827.75,49,9547.51,544589.74,51.49,3.927,197.664546,8.09
7,Dept-10,2012-04-05,Electronics,Premium,SPLR-005,465198.89,8,58149.86,519307.54,45.38,3.903,197.6063534,8.09
7,Dept-10,2012-11-05,Home Essentials,Regular,SPLR-003,460397.41,48,9591.61,526707.0,48.54,3.87,197.5481609,8.09
7,Dept-09,2012-05-18,Home Essentials,Premium,SPLR-007,468428.3,39,12010.98,526365.21,49.41,3.837,197.5553137,8.09
7,Dept-01,2012-05-25,Grocery,Regular,SPLR-009,532739.77,31,17185.15,634205.29,50.6,3.804,197.5886046,8.09
7,Dept-05,2012-01-06,Clothing,Premium,SPLR-002,598495.02,40,14962.38,715292.76,55.06,3.764,197.6218954,8.09
7,Dept-01,2012-08-06,Home Essentials,Regular,SPLR-010,642963.75,35,18370.39,754862.58,63.07,3.741,197.6551863,8.09
7,Dept-01,2012-06-15,Grocery,New,SPLR-010,666942.02,9,74104.67,771275.18,59.33,3.723,197.692292,8.09
7,Dept-03,2012-06-22,Electronics,Regular,SPLR-005,687344.68,5,137468.94,814580.87,63.69,3.735,197.7389345,8.09
7,Dept-05,2012-06-29,Clothing,Regular,SPLR-008,704335.41,39,18059.88,834617.7,68.84,3.693,197.785577,8.09
7,Dept-03,2012-06-07,Pharmacy,Regular,SPLR-010,805642.61,17,47390.74,908442.79,64.67,3.646,197.8322195,7.872
7,Dept-08,2012-07-13,Electronics,Regular,SPLR-010,694150.89,19,36534.26,809881.14,64.21,3.613,197.8788621,7.872
7,Dept-08,2012-07-20,Clothing,Premium,SPLR-001,686345.69,22,31197.53,773444.18,62.87,3.585,197.9290378,7.872
7,Dept-10,2012-07-27,Grocery,Regular,SPLR-010,686365.4,47,14603.52,763596.37,64.6,3.57,197.9792136,7.872
7,Dept-01,2012-03-08,Pharmacy,Regular,SPLR-003,680954.81,21,32426.42,777028.57,61.83,3.528,198.0293893,7.872
7,Dept-05,2012-10-08,Electronics,Regular,SPLR-008,675926.3,42,16093.48,792241.68,63.41,3.509,198.0795651,7.872
7,Dept-07,2012-08-17,Clothing,New,SPLR-003,642450.4,2,321225.2,734415.27,59.66,3.545,198.1001057,7.872
7,Dept-09,2012-08-24,Home Essentials,New,SPLR-003,609099.37,20,30454.97,699228.08,59.27,3.558,198.0984199,7.872
7,Dept-05,2012-08-31,Grocery,Regular,SPLR-008,586467.16,35,16756.2,647881.36,60.46,3.556,198.0967341,7.872
7,Dept-09,2012-07-09,Pharmacy,Premium,SPLR-004,597876.55,26,22995.25,702073.31,57.84,3.596,198.0950484,7.872
7,Dept-09,2012-09-14,Pharmacy,Premium,SPLR-006,541120.2,27,20041.49,617607.86,53.66,3.659,198.1267184,7.872
7,Dept-08,2012-09-21,Pharmacy,Regular,SPLR-010,530842.25,23,23080.1,623125.57,51.77,3.765,198.358523,7.872
7,Dept-02,2012-09-28,Grocery,Regular,SPLR-003,525545.76,22,23888.44,581028.12,50.64,3.789,198.5903276,7.872
7,Dept-08,2012-05-10,Home Essentials,Premium,SPLR-001,505830.56,39,12970.01,604969.96,48.43,3.779,198.8221322,7.557
7,Dept-09,2012-12-10,Pharmacy,Premium,SPLR-003,503463.93,4,125865.98,576628.42,41.43,3.76,199.0539368,7.557
7,Dept-07,2012-10-19,Home Essentials,New,SPLR-010,516424.83,25,20656.99,595155.04,43.01,3.75,199.1481963,7.557
7,Dept-03,2012-10-26,Pharmacy,Regular,SPLR-007,495543.28,42,11798.65,570558.08,42.53,3.686,199.2195317,7.557
8,Dept-10,2010-05-02,Pharmacy,Regular,SPLR-003,1004137.09,43,23352.03,1201761.75,34.14,2.572,214.4714512,6.299
8,Dept-09,2010-12-02,Home Essentials,Regular,SPLR-006,994801.4,21,47371.5,1182863.45,33.34,2.548,214.6214189,6.299
8,Dept-10,2010-02-19,Electronics,Premium,SPLR-010,963960.37,37,26052.98,1135289.65,39.1,2.514,214.6664878,6.299
8,Dept-07,2010-02-26,Clothing,Regular,SPLR-007,847592.11,38,22305.06,1011177.12,37.91,2.561,214.6940735,6.299
8,Dept-10,2010-05-03,Clothing,New,SPLR-002,881503.95,24,36729.33,1056478.84,45.64,2.625,214.7216592,6.299
8,Dept-09,2010-12-03,Pharmacy,Regular,SPLR-004,860336.16,32,26885.5,992640.72,49.76,2.667,214.7492449,6.299
8,Dept-08,2010-03-19,Pharmacy,Regular,SPLR-006,839911.0,46,18258.93,984990.66,47.26,2.72,214.5764954,6.299
8,Dept-05,2010-03-26,Grocery,Regular,SPLR-005,772539.12,3,257513.04,893440.25,46.51,2.732,214.3703567,6.299
8,Dept-04,2010-02-04,Home Essentials,Premium,SPLR-009,914500.91,47,19457.47,1033687.15,60.18,2.719,214.164218,6.29
8,Dept-07,2010-09-04,Clothing,Regular,SPLR-010,916033.92,17,53884.35,1056116.37,59.25,2.77,213.9580793,6.29
8,Dept-02,2010-04-16,Home Essentials,Premium,SPLR-010,882917.12,9,98101.9,998169.15,62.66,2.808,213.8186357,6.29
8,Dept-01,2010-04-23,Clothing,Regular,SPLR-008,850440.26,23,36975.66,977995.54,56.1,2.795,213.768119,6.29
8,Dept-01,2010-04-30,Clothing,Premium,SPLR-010,778672.64,23,33855.33,866318.52,61.01,2.78,213.7176024,6.29
8,Dept-09,2010-07-05,Electronics,Premium,SPLR-003,916820.96,25,36672.84,1091564.27,62.68,2.835,213.6670857,6.29
8,Dept-05,2010-05-14,Clothing,Regular,SPLR-006,873337.84,22,39697.17,1013701.36,61.35,2.854,213.6655355,6.29
8,Dept-02,2010-05-21,Electronics,Regular,SPLR-002,818333.21,11,74393.93,939406.98,66.03,2.826,213.9577839,6.29
8,Dept-06,2010-05-28,Electronics,Regular,SPLR-007,868041.56,18,48224.53,954976.72,74.71,2.759,214.2500323,6.29
8,Dept-09,2010-04-06,Clothing,Regular,SPLR-006,958225.41,30,31940.85,1083232.03,75.71,2.705,214.5422806,6.29
8,Dept-04,2010-11-06,Pharmacy,Premium,SPLR-001,914835.86,27,33882.81,1067026.43,82.21,2.668,214.834529,6.29
8,Dept-08,2010-06-18,Grocery,Regular,SPLR-010,869922.56,43,20230.76,1003423.59,78.79,2.637,214.8324452,6.29
8,Dept-02,2010-06-25,Home Essentials,Premium,SPLR-006,814919.11,41,19876.08,923240.99,81.78,2.653,214.7126286,6.29
8,Dept-05,2010-02-07,Home Essentials,Regular,SPLR-003,852333.75,7,121761.96,968003.38,74.78,2.669,214.5928119,6.315
8,Dept-09,2010-09-07,Electronics,Premium,SPLR-007,845289.77,8,105661.22,968904.79,72.49,2.642,214.4729952,6.315
8,Dept-04,2010-07-16,Clothing,Premium,SPLR-007,848630.57,47,18055.97,950410.35,77.49,2.623,214.4640599,6.315
8,Dept-04,2010-07-23,Grocery,Regular,SPLR-004,785515.88,42,18702.76,895223.94,78.29,2.608,214.6029664,6.315
8,Dept-02,2010-07-30,Home Essentials,New,SPLR-007,787295.09,40,19682.38,912054.37,76.02,2.64,214.7418728,6.315
8,Dept-03,2010-06-08,Grocery,Premium,SPLR-010,893399.77,34,26276.46,1013753.6,80.37,2.627,214.8807793,6.315
8,Dept-06,2010-08-13,Electronics,New,SPLR-005,867919.21,2,433959.6,966004.81,80.11,2.692,215.0196857,6.315
8,Dept-07,2010-08-20,Pharmacy,Regular,SPLR-005,870676.44,46,18927.75,1021890.49,79.36,2.664,214.9779825,6.315
8,Dept-05,2010-08-27,Pharmacy,New,SPLR-001,888816.78,3,296272.26,1001079.09,74.92,2.619,214.9362793,6.315
8,Dept-01,2010-03-09,Pharmacy,Regular,SPLR-003,899036.47,39,23052.22,1045216.76,76.14,2.577,214.894576,6.315
8,Dept-03,2010-10-09,Pharmacy,Regular,SPLR-006,831425.2,27,30793.53,918805.03,74.34,2.565,214.8528728,6.315
8,Dept-08,2010-09-17,Grocery,Regular,SPLR-009,836707.85,46,18189.3,963503.93,75.32,2.582,214.8785562,6.315
8,Dept-04,2010-09-24,Electronics,Premium,SPLR-007,773725.08,14,55266.08,913522.6,72.21,2.624,214.9547795,6.315
8,Dept-10,2010-01-10,Electronics,Regular,SPLR-003,804105.49,26,30927.13,942931.44,68.7,2.603,215.0310029,6.433
8,Dept-03,2010-08-10,Clothing,New,SPLR-008,870349.86,43,20240.69,1032957.08,62.94,2.633,215.1072262,6.433
8,Dept-04,2010-10-15,Home Essentials,Premium,SPLR-010,826546.96,5,165309.39,946070.04,62.59,2.72,215.1757,6.433
8,Dept-04,2010-10-22,Home Essentials,New,SPLR-005,836419.14,45,18587.09,927063.23,62.86,2.725,215.2248,6.433
8,Dept-10,2010-10-29,Electronics,Premium,SPLR-001,830756.76,18,46153.15,934168.25,57.93,2.716,215.2739,6.433
8,Dept-05,2010-05-11,Clothing,Regular,SPLR-003,927266.34,43,21564.33,1021847.69,55.76,2.689,215.323,6.433
8,Dept-10,2010-12-11,Electronics,Regular,SPLR-001,911538.98,4,227884.74,1006569.45,54.89,2.728,215.3721,6.433
8,Dept-04,2010-11-19,Pharmacy,Regular,SPLR-003,885608.04,19,46610.95,993390.12,43.86,2.771,215.2538714,6.433
8,Dept-08,2010-11-26,Clothing,Premium,SPLR-010,1261693.16,9,140188.13,1451566.25,51.07,2.735,215.1077548,6.433
8,Dept-02,2010-03-12,Grocery,New,SPLR-010,952766.93,13,73289.76,1087232.8,42.85,2.708,214.9616381,6.433
8,Dept-01,2010-10-12,Electronics,Regular,SPLR-001,1069061.63,30,35635.39,1210785.06,42.47,2.843,214.8155214,6.433
8,Dept-01,2010-12-17,Clothing,Regular,SPLR-007,1220579.55,48,25428.74,1405961.58,45.03,2.869,214.7510843,6.433
8,Dept-07,2010-12-24,Grocery,Regular,SPLR-004,1511641.09,24,62985.05,1666863.58,45.67,2.886,214.7479069,6.433
8,Dept-07,2010-12-31,Pharmacy,New,SPLR-001,773586.49,34,22752.54,902725.27,41.47,2.943,214.7447295,6.433
8,Dept-05,2011-07-01,Electronics,Regular,SPLR-004,873065.23,34,25678.39,1001243.24,35.77,2.976,214.7415521,6.262
8,Dept-01,2011-01-14,Home Essentials,Regular,SPLR-006,809646.66,15,53976.44,927788.27,31.62,2.983,214.7930991,6.262
8,Dept-08,2011-01-21,Pharmacy,Premium,SPLR-010,822668.23,18,45703.79,986781.46,42.06,3.016,215.1729926,6.262
8,Dept-08,2011-01-28,Grocery,Premium,SPLR-007,782256.66,39,20057.86,899990.88,39.26,3.01,215.5528862,6.262
8,Dept-07,2011-04-02,Pharmacy,New,SPLR-001,944594.78,21,44980.7,1112232.49,24.48,2.989,215.9327797,6.262
8,Dept-09,2011-11-02,Clothing,New,SPLR-006,996147.39,30,33204.91,1110889.94,28.26,3.022,216.3126733,6.262
8,Dept-05,2011-02-18,Clothing,Regular,SPLR-010,1065108.64,37,28786.72,1218108.81,50.64,3.045,216.6310383,6.262
8,Dept-04,2011-02-25,Clothing,Regular,SPLR-007,917317.15,38,24139.92,1065197.68,51.29,3.065,216.9247918,6.262
8,Dept-09,2011-04-03,Electronics,Regular,SPLR-010,935266.43,29,32250.57,1070043.56,53.18,3.288,217.2185454,6.262
8,Dept-03,2011-11-03,Electronics,Premium,SPLR-002,900387.29,31,29044.75,1031341.41,49.14,3.459,217.512299,6.262
8,Dept-01,2011-03-18,Clothing,Regular,SPLR-007,898289.14,7,128327.02,1026125.57,56.68,3.488,217.7705442,6.262
8,Dept-04,2011-03-25,Home Essentials,Regular,SPLR-006,827968.36,25,33118.73,936578.66,59.74,3.473,218.0145862,6.262
8,Dept-03,2011-01-04,Electronics,Regular,SPLR-001,878762.3,43,20436.33,976454.19,49.86,3.524,218.2586281,6.297
8,Dept-08,2011-08-04,Grocery,New,SPLR-004,949825.83,20,47491.29,1104749.42,65.62,3.622,218.50267,6.297
8,Dept-07,2011-04-15,Electronics,New,SPLR-007,908278.74,37,24548.07,1032245.04,63.55,3.743,218.7262524,6.297
8,Dept-05,2011-04-22,Pharmacy,Regular,SPLR-005,937473.13,40,23436.83,1124929.92,65.11,3.807,218.8986857,6.297
8,Dept-06,2011-04-29,Pharmacy,Regular,SPLR-010,855014.77,18,47500.82,984385.6,62.29,3.81,219.071119,6.297
8,Dept-03,2011-06-05,Clothing,New,SPLR-005,941457.34,45,20921.27,1068998.43,58.92,3.906,219.2435524,6.297
8,Dept-10,2011-05-13,Electronics,Regular,SPLR-001,895763.41,49,18280.89,992683.53,72.96,3.899,219.4159857,6.297
8,Dept-01,2011-05-20,Clothing,New,SPLR-005,836049.89,5,167209.98,934899.21,65.54,3.907,219.1746922,6.297
8,Dept-07,2011-05-27,Clothing,Regular,SPLR-002,857939.41,15,57195.96,1026049.3,73.14,3.786,218.9333986,6.297
8,Dept-06,2011-03-06,Pharmacy,New,SPLR-005,929222.16,12,77435.18,1027457.42,82.05,3.699,218.6921051,6.297
8,Dept-08,2011-10-06,Grocery,Regular,SPLR-001,897309.41,21,42729.02,990611.84,82.21,3.648,218.4508115,6.297
8,Dept-06,2011-06-17,Pharmacy,Regular,SPLR-002,922048.41,3,307349.47,1052915.25,84.73,3.637,218.4021448,6.297
8,Dept-04,2011-06-24,Electronics,New,SPLR-006,864881.24,8,108110.16,979437.43,83.94,3.594,218.4979481,6.297
8,Dept-01,2011-01-07,Electronics,Regular,SPLR-002,883683.35,47,18801.77,1045818.44,87.26,3.524,218.5937514,6.425
8,Dept-01,2011-08-07,Clothing,Premium,SPLR-006,861965.12,30,28732.17,1007001.63,83.57,3.48,218.6895548,6.425
8,Dept-09,2011-07-15,Pharmacy,New,SPLR-008,849925.37,23,36953.28,996378.49,84.26,3.575,218.7746217,6.425
8,Dept-04,2011-07-22,Clothing,Regular,SPLR-003,829902.42,37,22429.8,919645.72,85.46,3.651,218.8328475,6.425
8,Dept-10,2011-07-29,Grocery,Regular,SPLR-006,807082.19,5,161416.44,913616.05,86.46,3.682,218.8910733,6.425
8,Dept-01,2011-05-08,Grocery,Regular,SPLR-004,892393.77,41,21765.7,1011751.64,85.15,3.684,218.9492991,6.425
8,Dept-10,2011-12-08,Pharmacy,Regular,SPLR-004,856796.1,24,35699.84,1020712.87,86.05,3.638,219.0075249,6.425
8,Dept-06,2011-08-19,Clothing,New,SPLR-004,895066.5,17,52650.97,1038484.1,82.92,3.554,219.0701968,6.425
8,Dept-01,2011-08-26,Grocery,New,SPLR-006,912542.82,46,19837.89,1073068.81,84.69,3.523,219.1336097,6.425
8,Dept-07,2011-02-09,Electronics,New,SPLR-003,891387.14,13,68568.24,1013851.16,84.77,3.533,219.1970226,6.425
8,Dept-03,2011-09-09,Pharmacy,Regular,SPLR-003,848358.09,27,31420.67,960275.2,69.01,3.546,219.2604355,6.425
8,Dept-07,2011-09-16,Pharmacy,Regular,SPLR-004,870971.82,3,290323.94,990411.8,69.09,3.526,219.4442443,6.425
8,Dept-10,2011-09-23,Grocery,Premium,SPLR-002,806444.29,28,28801.58,891979.18,68.72,3.467,219.788581,6.425
8,Dept-05,2011-09-30,Clothing,Premium,SPLR-001,809049.37,37,21866.2,925388.0,72.2,3.355,220.1329176,6.425
8,Dept-07,2011-07-10,Pharmacy,Regular,SPLR-002,929976.55,43,21627.36,1031290.33,67.61,3.285,220.4772543,6.123
8,Dept-09,2011-10-14,Home Essentials,Regular,SPLR-007,863188.26,34,25387.89,950937.46,61.74,3.274,220.7960935,6.123
8,Dept-04,2011-10-21,Electronics,Regular,SPLR-010,905984.49,45,20132.99,1065694.94,59.97,3.353,220.9619484,6.123
8,Dept-07,2011-10-28,Pharmacy,Premium,SPLR-007,876712.31,17,51571.31,972644.73,56.86,3.372,221.1278032,6.123
8,Dept-10,2011-04-11,Grocery,Regular,SPLR-003,947815.05,24,39492.29,1100152.46,49.68,3.332,221.2936581,6.123
8,Dept-08,2011-11-11,Grocery,New,SPLR-010,917088.48,20,45854.42,1010544.5,50.56,3.297,221.4595129,6.123
8,Dept-07,2011-11-18,Home Essentials,Regular,SPLR-003,897032.19,28,32036.86,998882.39,51.72,3.308,221.6911738,6.123
8,Dept-06,2011-11-25,Home Essentials,Regular,SPLR-010,1235163.86,26,47506.3,1413869.47,49.61,3.236,221.9491571,6.123
8,Dept-09,2011-02-12,Grocery,Regular,SPLR-001,986601.46,43,22944.22,1130295.53,40.82,3.172,222.2071405,6.123
8,Dept-05,2011-09-12,Grocery,New,SPLR-004,1051922.95,45,23376.07,1181395.34,30.51,3.158,222.4651238,6.123
8,Dept-09,2011-12-16,Home Essentials,New,SPLR-009,1118163.94,1,1118163.94,1273534.81,39.79,3.159,222.6910959,6.123
8,Dept-02,2011-12-23,Pharmacy,Regular,SPLR-002,1462254.05,49,29841.92,1664129.14,38.16,3.112,222.8743862,6.123
8,Dept-07,2011-12-30,Electronics,Regular,SPLR-009,858572.22,31,27695.88,965711.71,36.33,3.129,223.0576765,6.123
8,Dept-07,2012-06-01,Pharmacy,Regular,SPLR-005,872113.23,2,436056.62,1021781.13,43.47,3.157,223.2409668,5.825
8,Dept-04,2012-01-13,Home Essentials,Regular,SPLR-007,817661.76,8,102207.72,933728.78,36.46,3.261,223.4242571,5.825
8,Dept-03,2012-01-20,Clothing,Regular,SPLR-003,813954.82,16,50872.18,950621.5,46.81,3.268,223.5188055,5.825
8,Dept-03,2012-01-27,Pharmacy,Premium,SPLR-008,778178.53,29,26833.74,857084.86,45.52,3.29,223.6133539,5.825
8,Dept-09,2012-03-02,Electronics,Regular,SPLR-010,927610.69,23,40330.9,1104946.77,45.56,3.36,223.7079023,5.825
8,Dept-05,2012-10-02,Pharmacy,Premium,SPLR-006,1021400.42,11,92854.58,1143140.02,35.71,3.409,223.8024507,5.825
8,Dept-09,2012-02-17,Grocery,Premium,SPLR-008,1096232.89,19,57696.47,1272835.76,37.51,3.51,223.9658621,5.825
8,Dept-03,2012-02-24,Pharmacy,Premium,SPLR-009,928537.54,27,34390.28,1053172.65,46.33,3.555,224.1809207,5.825
8,Dept-07,2012-02-03,Pharmacy,Regular,SPLR-006,952264.91,18,52903.61,1102950.21,50.95,3.63,224.3959793,5.825
8,Dept-05,2012-09-03,Pharmacy,New,SPLR-005,960115.56,30,32003.85,1060726.5,49.59,3.669,224.6110379,5.825
8,Dept-10,2012-03-16,Electronics,Premium,SPLR-009,921178.39,12,76764.87,1097808.05,56.63,3.734,224.7657327,5.825
8,Dept-09,2012-03-23,Home Essentials,Regular,SPLR-005,874223.25,27,32378.64,1045815.92,52.9,3.787,224.8399424,5.825
8,Dept-10,2012-03-30,Pharmacy,Regular,SPLR-002,905935.29,11,82357.75,1042373.31,66.69,3.845,224.9141521,5.825
8,Dept-04,2012-06-04,Home Essentials,Premium,SPLR-001,1046816.59,36,29078.24,1228008.35,62.18,3.891,224.9883618,5.679
8,Dept-02,2012-04-13,Clothing,Premium,SPLR-004,909989.45,42,21666.42,1074600.07,65.19,3.891,225.0625714,5.679
8,Dept-02,2012-04-20,Clothing,Regular,SPLR-002,872288.46,24,36345.35,1034149.7,63.59,3.877,225.1179914,5.679
8,Dept-03,2012-04-27,Grocery,Premium,SPLR-006,879448.25,36,24429.12,1014045.24,70.34,3.814,225.1734114,5.679
8,Dept-06,2012-04-05,Home Essentials,Regular,SPLR-007,937232.09,43,21796.1,1041972.86,73.96,3.749,225.2288314,5.679
8,Dept-01,2012-11-05,Clothing,Regular,SPLR-007,920128.89,40,23003.22,1079162.66,64.96,3.688,225.2842514,5.679
8,Dept-04,2012-05-18,Clothing,New,SPLR-007,913922.01,1,913922.01,1011962.22,64.16,3.63,225.3002908,5.679
8,Dept-09,2012-05-25,Electronics,Regular,SPLR-010,895157.44,49,18268.52,1013601.22,76.11,3.561,225.3005779,5.679
8,Dept-04,2012-01-06,Home Essentials,Regular,SPLR-002,921161.2,45,20470.25,1056173.44,78.31,3.501,225.300865,5.679
8,Dept-09,2012-08-06,Pharmacy,Regular,SPLR-005,928820.0,7,132688.57,1098263.41,74.28,3.452,225.3011521,5.679
8,Dept-06,2012-06-15,Home Essentials,New,SPLR-001,916918.7,49,18712.63,1062738.69,77.14,3.393,225.3134743,5.679
8,Dept-02,2012-06-22,Grocery,Regular,SPLR-006,899449.65,33,27256.05,1005231.04,78.85,3.346,225.3558843,5.679
8,Dept-03,2012-06-29,Grocery,Regular,SPLR-003,878298.22,17,51664.6,1021281.28,84.47,3.286,225.3982943,5.679
8,Dept-09,2012-06-07,Grocery,Regular,SPLR-002,936205.5,41,22834.28,1107295.91,81.24,3.227,225.4407043,5.401
8,Dept-05,2012-07-13,Pharmacy,Regular,SPLR-005,890488.01,6,148414.67,1019916.51,78.46,3.256,225.4831143,5.401
8,Dept-02,2012-07-20,Home Essentials,Regular,SPLR-007,888834.07,47,18911.36,1009957.18,79.94,3.311,225.4930078,5.401
8,Dept-04,2012-07-27,Pharmacy,Regular,SPLR-005,838227.52,10,83822.75,959502.11,81.71,3.407,225.5029014,5.401
8,Dept-10,2012-03-08,Clothing,Regular,SPLR-008,897076.73,23,39003.34,1002023.13,85.06,3.417,225.5127949,5.401
8,Dept-10,2012-10-08,Pharmacy,Regular,SPLR-006,930745.69,28,33240.92,1030302.75,83.74,3.494,225.5226885,5.401
8,Dept-06,2012-08-17,Pharmacy,Regular,SPLR-004,896613.19,13,68970.25,993868.03,81.21,3.571,225.6050797,5.401
8,Dept-01,2012-08-24,Electronics,New,SPLR-001,936373.65,29,32288.75,1085209.11,73.77,3.62,225.7418442,5.401
8,Dept-07,2012-08-31,Grocery,Regular,SPLR-006,976137.73,45,21691.95,1150264.61,75.33,3.638,225.8786088,5.401
8,Dept-05,2012-07-09,Home Essentials,New,SPLR-010,932160.37,38,24530.54,1034602.14,80.87,3.73,226.0153733,5.401
8,Dept-08,2012-09-14,Clothing,Regular,SPLR-007,883569.38,10,88356.94,990946.65,67.21,3.717,226.1615981,5.401
8,Dept-08,2012-09-21,Electronics,Premium,SPLR-002,857796.45,13,65984.34,1020270.24,66.96,3.721,226.3645848,5.401
8,Dept-01,2012-09-28,Grocery,Regular,SPLR-010,884724.41,30,29490.81,1045381.1,71.1,3.666,226.5675714,5.401
8,Dept-03,2012-05-10,Clothing,Regular,SPLR-006,976436.02,44,22191.73,1094259.61,61.41,3.617,226.7705581,5.124
8,Dept-01,2012-12-10,Grocery,Regular,SPLR-002,927511.99,28,33125.43,1024543.51,55.03,3.601,226.9735448,5.124
8,Dept-05,2012-10-19,Pharmacy,Premium,SPLR-009,900309.75,2,450154.88,991355.34,62.99,3.594,227.0184166,5.124
8,Dept-04,2012-10-26,Pharmacy,Regular,SPLR-003,891671.44,18,49537.3,1048851.15,64.74,3.506,227.0369359,5.124
9,Dept-05,2010-05-02,Grocery,Regular,SPLR-007,549505.55,11,49955.05,637111.61,38.01,2.572,214.6554591,6.415
9,Dept-09,2010-12-02,Home Essentials,Regular,SPLR-010,552677.48,22,25121.7,651347.88,37.08,2.548,214.8056534,6.415
9,Dept-10,2010-02-19,Pharmacy,Regular,SPLR-001,511327.9,11,46484.35,572763.9,43.06,2.514,214.8506185,6.415
9,Dept-06,2010-02-26,Pharmacy,Regular,SPLR-002,473773.27,37,12804.68,563330.64,43.83,2.561,214.8780453,6.415
9,Dept-06,2010-05-03,Electronics,Regular,SPLR-001,507297.88,8,63412.24,562845.6,48.43,2.625,214.9054721,6.415
9,Dept-03,2010-12-03,Electronics,Premium,SPLR-008,494145.8,8,61768.22,544225.68,55.76,2.667,214.932899,6.415
9,Dept-09,2010-03-19,Clothing,Regular,SPLR-003,485744.61,38,12782.75,548786.57,53.15,2.72,214.7597274,6.415
9,Dept-01,2010-03-26,Pharmacy,Regular,SPLR-006,484946.56,5,96989.31,542729.71,51.8,2.732,214.5531227,6.415
9,Dept-02,2010-02-04,Electronics,Premium,SPLR-003,545206.32,13,41938.95,635508.02,65.21,2.719,214.3465181,6.384
9,Dept-03,2010-09-04,Grocery,Regular,SPLR-005,529384.31,16,33086.52,599188.13,64.95,2.77,214.1399135,6.384
9,Dept-08,2010-04-16,Clothing,Regular,SPLR-009,485764.32,19,25566.54,558280.87,66.09,2.808,214.0001817,6.384
9,Dept-01,2010-04-23,Grocery,Regular,SPLR-008,488683.57,22,22212.89,550013.71,61.26,2.795,213.9496138,6.384
9,Dept-03,2010-04-30,Grocery,Regular,SPLR-007,491723.42,14,35123.1,543598.37,66.07,2.78,213.8990459,6.384
9,Dept-06,2010-07-05,Home Essentials,Regular,SPLR-009,526128.61,4,131532.15,596675.61,68.58,2.835,213.848478,6.384
9,Dept-02,2010-05-14,Electronics,Regular,SPLR-007,492792.8,26,18953.57,572449.4,70.53,2.854,213.8469819,6.384
9,Dept-06,2010-05-21,Pharmacy,Regular,SPLR-007,506274.94,10,50627.49,572907.39,71.5,2.826,214.1399162,6.384
9,Dept-10,2010-05-28,Grocery,Regular,SPLR-002,558143.53,14,39867.4,617292.84,77.12,2.759,214.4328505,6.384
9,Dept-05,2010-04-06,Home Essentials,Premium,SPLR-003,586061.46,31,18905.21,693254.84,79.65,2.705,214.7257848,6.384
9,Dept-03,2010-11-06,Home Essentials,Regular,SPLR-003,522715.68,2,261357.84,598109.18,83.75,2.668,215.0187191,6.384
9,Dept-10,2010-06-18,Electronics,Regular,SPLR-003,513073.87,37,13866.86,600200.87,82.99,2.637,215.0166484,6.384
9,Dept-05,2010-06-25,Pharmacy,New,SPLR-006,509263.28,13,39174.1,572062.29,85.02,2.653,214.8965756,6.384
9,Dept-09,2010-02-07,Pharmacy,Regular,SPLR-009,528832.54,23,22992.72,632220.07,78.55,2.669,214.7765028,6.442
9,Dept-05,2010-09-07,Clothing,New,SPLR-001,485389.15,4,121347.29,555423.37,78.51,2.642,214.6564301,6.442
9,Dept-09,2010-07-16,Home Essentials,New,SPLR-009,474030.51,33,14364.56,549910.52,82.93,2.623,214.6474453,6.442
9,Dept-01,2010-07-23,Grocery,Premium,SPLR-001,462676.5,40,11566.91,516147.7,84.49,2.608,214.7865779,6.442
9,Dept-05,2010-07-30,Home Essentials,Regular,SPLR-003,468675.19,38,12333.56,529036.88,79.83,2.64,214.9257105,6.442
9,Dept-05,2010-06-08,Clothing,Regular,SPLR-001,522815.45,29,18028.12,620232.23,87.09,2.627,215.064843,6.442
9,Dept-07,2010-08-13,Home Essentials,Regular,SPLR-003,481897.98,17,28346.94,531828.4,86.85,2.692,215.2039756,6.442
9,Dept-08,2010-08-20,Grocery,Regular,SPLR-002,499325.38,26,19204.82,551648.51,86.3,2.664,215.1619646,6.442
9,Dept-06,2010-08-27,Electronics,Regular,SPLR-003,506789.66,44,11517.95,591534.14,84.01,2.619,215.1199536,6.442
9,Dept-06,2010-03-09,Electronics,New,SPLR-008,511049.06,31,16485.45,604561.53,82.47,2.577,215.0779426,6.442
9,Dept-05,2010-10-09,Grocery,Regular,SPLR-002,484835.2,18,26935.29,559841.34,77.7,2.565,215.0359315,6.442
9,Dept-08,2010-09-17,Home Essentials,Regular,SPLR-003,463448.59,24,19310.36,526478.39,81.19,2.582,215.0615285,6.442
9,Dept-02,2010-09-24,Home Essentials,Regular,SPLR-004,452905.22,36,12580.7,530936.48,77.15,2.624,215.1378313,6.442
9,Dept-09,2010-01-10,Home Essentials,Regular,SPLR-009,495692.19,19,26089.06,581209.34,69.08,2.603,215.2141341,6.56
9,Dept-04,2010-08-10,Grocery,Regular,SPLR-007,505069.21,4,126267.3,586655.21,65.35,2.633,215.290437,6.56
9,Dept-07,2010-10-15,Electronics,Regular,SPLR-009,454769.68,36,12632.49,531709.19,67.36,2.72,215.3589917,6.56
9,Dept-03,2010-10-22,Clothing,Regular,SPLR-010,466322.76,30,15544.09,544686.64,69.99,2.725,215.4081762,6.56
9,Dept-09,2010-10-29,Electronics,Premium,SPLR-009,508801.61,48,10600.03,594382.13,64.43,2.716,215.4573607,6.56
9,Dept-02,2010-05-11,Pharmacy,Regular,SPLR-004,517869.97,32,16183.44,582353.76,58.69,2.689,215.5065452,6.56
9,Dept-09,2010-12-11,Clothing,New,SPLR-002,520846.68,31,16801.51,613693.21,61.59,2.728,215.5557297,6.56
9,Dept-05,2010-11-19,Electronics,Regular,SPLR-005,519823.3,44,11814.17,582220.23,49.96,2.771,215.4372854,6.56
9,Dept-01,2010-11-26,Home Essentials,New,SPLR-008,768070.53,6,128011.76,903463.49,60.18,2.735,215.2909028,6.56
9,Dept-04,2010-03-12,Clothing,New,SPLR-002,578164.82,17,34009.7,658709.12,49.89,2.708,215.1445203,6.56
9,Dept-08,2010-10-12,Grocery,New,SPLR-009,618121.82,30,20604.06,736910.73,46.1,2.843,214.9981378,6.56
9,Dept-07,2010-12-17,Home Essentials,Premium,SPLR-004,685243.2,24,28551.8,756324.71,49.7,2.869,214.9334937,6.56
9,Dept-03,2010-12-24,Home Essentials,New,SPLR-008,873347.55,22,39697.62,973001.38,50.93,2.886,214.9301534,6.56
9,Dept-08,2010-12-31,Clothing,Premium,SPLR-010,459770.85,17,27045.34,530653.86,45.92,2.943,214.9268131,6.56
9,Dept-03,2011-07-01,Home Essentials,Regular,SPLR-009,490981.78,25,19639.27,554944.84,41.82,2.976,214.9234729,6.416
9,Dept-04,2011-01-14,Grocery,Regular,SPLR-007,458086.69,44,10411.06,546939.77,36.43,2.983,214.9749587,6.416
9,Dept-05,2011-01-21,Clothing,New,SPLR-001,454021.69,5,90804.34,520378.18,44.72,3.016,215.3554013,6.416
9,Dept-05,2011-01-28,Grocery,Regular,SPLR-003,463561.48,27,17168.94,555190.25,43.9,3.01,215.7358438,6.416
9,Dept-07,2011-04-02,Clothing,Premium,SPLR-004,544612.28,16,34038.27,600083.44,31.82,2.989,216.1162864,6.416
9,Dept-10,2011-11-02,Electronics,Premium,SPLR-007,555279.02,19,29225.21,652837.84,34.13,3.022,216.496729,6.416
9,Dept-08,2011-02-18,Electronics,New,SPLR-007,610985.56,47,12999.69,728615.3,58.5,3.045,216.8154856,6.416
9,Dept-01,2011-02-25,Grocery,Regular,SPLR-004,513107.2,3,171035.73,606627.13,59.01,3.065,217.1095679,6.416
9,Dept-08,2011-04-03,Pharmacy,Regular,SPLR-009,542016.18,18,30112.01,648759.86,60.67,3.288,217.4036503,6.416
9,Dept-05,2011-11-03,Home Essentials,Regular,SPLR-006,517783.5,28,18492.27,619689.4,54.75,3.459,217.6977326,6.416
9,Dept-07,2011-03-18,Pharmacy,Regular,SPLR-007,515226.11,43,11982.0,585593.89,63.82,3.488,217.9563371,6.416
9,Dept-04,2011-03-25,Pharmacy,Premium,SPLR-001,497488.4,33,15075.41,575872.77,68.79,3.473,218.2007506,6.416
9,Dept-01,2011-01-04,Home Essentials,Regular,SPLR-005,520962.14,16,32560.13,592252.53,56.12,3.524,218.445164,6.38
9,Dept-04,2011-08-04,Grocery,New,SPLR-007,561625.92,5,112325.18,653725.9,71.4,3.622,218.6895775,6.38
9,Dept-08,2011-04-15,Home Essentials,New,SPLR-002,528420.28,24,22017.51,601633.98,71.9,3.743,218.9134935,6.38
9,Dept-01,2011-04-22,Clothing,Regular,SPLR-001,549502.11,15,36633.47,651001.23,72.35,3.807,219.0861659,6.38
9,Dept-09,2011-04-29,Grocery,Regular,SPLR-007,532226.2,2,266113.1,597335.95,70.85,3.81,219.2588382,6.38
9,Dept-10,2011-06-05,Clothing,Regular,SPLR-003,545251.1,35,15578.6,643366.37,62.2,3.906,219.4315106,6.38
9,Dept-01,2011-05-13,Pharmacy,Regular,SPLR-009,539126.0,15,35941.73,603313.33,77.66,3.899,219.6041829,6.38
9,Dept-02,2011-05-20,Home Essentials,Regular,SPLR-008,518266.9,41,12640.66,599094.02,70.49,3.907,219.3622809,6.38
9,Dept-04,2011-05-27,Pharmacy,New,SPLR-009,553834.04,21,26373.05,615226.83,80.42,3.786,219.1203788,6.38
9,Dept-10,2011-03-06,Grocery,Regular,SPLR-009,587004.29,36,16305.67,672695.24,85.8,3.699,218.8784768,6.38
9,Dept-03,2011-10-06,Clothing,Regular,SPLR-009,550076.32,30,18335.88,606391.49,85.81,3.648,218.6365747,6.38
9,Dept-10,2011-06-17,Clothing,New,SPLR-004,558671.14,29,19264.52,647599.92,89.15,3.637,218.5877333,6.38
9,Dept-04,2011-06-24,Clothing,New,SPLR-003,538745.93,5,107749.19,642662.11,86.74,3.594,218.6836874,6.38
9,Dept-01,2011-01-07,Home Essentials,Regular,SPLR-005,537064.03,34,15796.0,636982.32,89.14,3.524,218.7796415,6.404
9,Dept-09,2011-08-07,Pharmacy,New,SPLR-008,535983.13,36,14888.42,623715.89,89.04,3.48,218.8755955,6.404
9,Dept-03,2011-07-15,Home Essentials,New,SPLR-003,512834.04,21,24420.67,578918.8,90.45,3.575,218.9607242,6.404
9,Dept-05,2011-07-22,Home Essentials,Regular,SPLR-006,491449.94,35,14041.43,572024.82,89.08,3.651,219.0187895,6.404
9,Dept-02,2011-07-29,Clothing,Regular,SPLR-008,471449.98,36,13095.83,558308.41,91.1,3.682,219.0768548,6.404
9,Dept-02,2011-05-08,Electronics,Regular,SPLR-010,554879.67,37,14996.75,638119.67,91.52,3.684,219.1349201,6.404
9,Dept-04,2011-12-08,Grocery,Regular,SPLR-009,520284.79,18,28904.71,622962.4,91.63,3.638,219.1929854,6.404
9,Dept-02,2011-08-19,Home Essentials,Premium,SPLR-008,540819.44,4,135204.86,647186.98,85.8,3.554,219.2556109,6.404
9,Dept-06,2011-08-26,Grocery,Regular,SPLR-009,542663.53,10,54266.35,645053.29,88.95,3.523,219.3189965,6.404
9,Dept-02,2011-02-09,Electronics,Regular,SPLR-005,544643.33,17,32037.84,646180.4,89.33,3.533,219.382382,6.404
9,Dept-04,2011-09-09,Clothing,New,SPLR-003,528784.86,17,31104.99,587019.11,75.65,3.546,219.4457675,6.404
9,Dept-03,2011-09-16,Grocery,Premium,SPLR-003,500274.03,5,100054.81,557781.38,77.95,3.526,219.6297841,6.404
9,Dept-06,2011-09-23,Clothing,Premium,SPLR-008,506743.78,38,13335.36,605920.3,74.42,3.467,219.9746423,6.404
9,Dept-09,2011-09-30,Home Essentials,Premium,SPLR-008,508567.04,10,50856.7,572664.33,78.45,3.355,220.3195004,6.404
9,Dept-02,2011-07-10,Pharmacy,Regular,SPLR-003,553836.98,32,17307.41,610607.23,72.62,3.285,220.6643585,6.054
9,Dept-07,2011-10-14,Clothing,New,SPLR-010,529515.66,31,17081.15,601904.25,67.27,3.274,220.9836849,6.054
9,Dept-09,2011-10-21,Grocery,Regular,SPLR-006,557075.21,26,21425.97,648604.56,65.46,3.353,221.1498206,6.054
9,Dept-10,2011-10-28,Electronics,New,SPLR-003,548527.49,4,137131.87,654579.08,63.96,3.372,221.3159563,6.054
9,Dept-02,2011-04-11,Electronics,New,SPLR-004,597855.07,47,12720.32,701164.04,54.46,3.332,221.4820921,6.054
9,Dept-07,2011-11-11,Pharmacy,Regular,SPLR-009,594574.12,11,54052.19,678892.79,58.28,3.297,221.6482278,6.054
9,Dept-06,2011-11-18,Clothing,Regular,SPLR-009,542414.27,14,38743.88,648779.07,58.8,3.308,221.8803923,6.054
9,Dept-10,2011-11-25,Grocery,New,SPLR-004,814753.5,45,18105.63,899548.54,54.32,3.236,222.1389683,6.054
9,Dept-08,2011-02-12,Electronics,Regular,SPLR-009,613115.21,15,40874.35,689926.41,46.84,3.172,222.3975443,6.054
9,Dept-01,2011-09-12,Grocery,Regular,SPLR-004,630327.28,38,16587.56,754673.43,37.65,3.158,222.6561203,6.054
9,Dept-05,2011-12-16,Home Essentials,Regular,SPLR-007,705557.97,34,20751.7,806189.73,47.31,3.159,222.8825484,6.054
9,Dept-05,2011-12-23,Pharmacy,Regular,SPLR-010,905324.68,28,32333.02,1003142.99,44.43,3.112,223.0661125,6.054
9,Dept-10,2011-12-30,Home Essentials,Regular,SPLR-006,549788.36,5,109957.67,642502.13,43.41,3.129,223.2496766,6.054
9,Dept-05,2012-06-01,Clothing,Regular,SPLR-010,519585.67,23,22590.68,573904.03,47.54,3.157,223.4332408,5.667
9,Dept-07,2012-01-13,Home Essentials,New,SPLR-007,474964.6,49,9693.16,548719.71,42.44,3.261,223.6168049,5.667
9,Dept-03,2012-01-20,Home Essentials,Regular,SPLR-006,480130.04,43,11165.81,549570.62,51.56,3.268,223.7114288,5.667
9,Dept-02,2012-01-27,Electronics,Premium,SPLR-009,482451.21,20,24122.56,570991.73,49.38,3.29,223.8060527,5.667
9,Dept-01,2012-03-02,Home Essentials,Regular,SPLR-007,549967.89,21,26188.95,657970.84,54.43,3.36,223.9006766,5.667
9,Dept-06,2012-10-02,Clothing,Premium,SPLR-002,609736.12,37,16479.35,683428.38,44.03,3.409,223.9953006,5.667
9,Dept-06,2012-02-17,Pharmacy,Premium,SPLR-004,658965.05,45,14643.67,749717.43,43.81,3.51,224.1588663,5.667
9,Dept-03,2012-02-24,Grocery,Premium,SPLR-010,563578.79,10,56357.88,629784.95,53.67,3.555,224.3741384,5.667
9,Dept-10,2012-02-03,Pharmacy,Regular,SPLR-010,619498.28,2,309749.14,705446.84,57.2,3.63,224.5894104,5.667
9,Dept-02,2012-09-03,Electronics,Regular,SPLR-001,574955.95,26,22113.69,653194.59,54.03,3.669,224.8046825,5.667
9,Dept-04,2012-03-16,Electronics,Premium,SPLR-008,550373.57,16,34398.35,607080.66,59.94,3.734,224.9594902,5.667
9,Dept-04,2012-03-23,Electronics,Regular,SPLR-001,550791.32,8,68848.91,606528.52,58.79,3.787,225.0336786,5.667
9,Dept-04,2012-03-30,Pharmacy,Regular,SPLR-003,574985.37,14,41070.38,654908.84,67.87,3.845,225.107867,5.667
9,Dept-04,2012-06-04,Home Essentials,Regular,SPLR-002,677885.99,42,16140.14,783844.42,68.83,3.891,225.1820555,5.539
9,Dept-06,2012-04-13,Pharmacy,New,SPLR-004,578539.86,8,72317.48,650146.06,69.19,3.891,225.2562439,5.539
9,Dept-02,2012-04-20,Clothing,Regular,SPLR-004,542819.03,48,11308.73,607445.94,68.04,3.877,225.3117488,5.539
9,Dept-05,2012-04-27,Electronics,Regular,SPLR-003,550414.99,46,11965.54,636042.33,73.07,3.814,225.3672537,5.539
9,Dept-10,2012-04-05,Electronics,Regular,SPLR-009,586289.08,25,23451.56,677282.51,78.98,3.749,225.4227585,5.539
9,Dept-09,2012-11-05,Grocery,New,SPLR-003,592572.3,38,15594.01,707608.11,70.94,3.688,225.4782634,5.539
9,Dept-10,2012-05-18,Electronics,Regular,SPLR-004,571463.93,24,23811.0,680235.86,69.52,3.63,225.4942498,5.539
9,Dept-04,2012-05-25,Electronics,Regular,SPLR-001,547226.0,46,11896.22,612260.61,79.69,3.561,225.4944288,5.539
9,Dept-02,2012-01-06,Grocery,Regular,SPLR-003,583648.59,7,83378.37,660257.45,80.26,3.501,225.4946078,5.539
9,Dept-05,2012-08-06,Home Essentials,Regular,SPLR-008,582525.42,13,44809.65,644515.08,78.91,3.452,225.4947868,5.539
9,Dept-06,2012-06-15,Grocery,Regular,SPLR-008,564606.1,12,47050.51,671992.53,82.21,3.393,225.5070634,5.539
9,Dept-05,2012-06-22,Clothing,Regular,SPLR-008,562173.12,41,13711.54,631563.0,81.05,3.346,225.5495841,5.539
9,Dept-09,2012-06-29,Pharmacy,Regular,SPLR-005,544770.7,13,41905.44,614430.59,87.18,3.286,225.5921049,5.539
9,Dept-04,2012-06-07,Home Essentials,Regular,SPLR-001,578790.36,49,11812.05,641807.66,84.15,3.227,225.6346256,5.277
9,Dept-02,2012-07-13,Electronics,Premium,SPLR-006,536537.64,41,13086.28,612514.76,82.39,3.256,225.6771463,5.277
9,Dept-06,2012-07-20,Home Essentials,New,SPLR-010,513991.57,21,24475.79,569469.0,83.39,3.311,225.6871121,5.277
9,Dept-07,2012-07-27,Home Essentials,Regular,SPLR-008,495951.0,41,12096.37,555915.36,86.41,3.407,225.6970779,5.277
9,Dept-05,2012-03-08,Grocery,Regular,SPLR-007,533887.54,17,31405.15,594655.01,90.23,3.417,225.7070437,5.277
9,Dept-10,2012-10-08,Grocery,New,SPLR-009,538713.47,46,11711.16,620922.22,88.66,3.494,225.7170094,5.277
9,Dept-02,2012-08-17,Clothing,New,SPLR-010,535153.47,35,15290.1,633020.14,86.37,3.571,225.7995323,5.277
9,Dept-04,2012-08-24,Clothing,Regular,SPLR-006,572887.78,17,33699.28,681321.87,77.9,3.62,225.9364729,5.277
9,Dept-10,2012-08-31,Clothing,Regular,SPLR-006,576879.15,49,11773.04,650094.18,80.71,3.638,226.0734135,5.277
9,Dept-01,2012-07-09,Clothing,Premium,SPLR-001,565812.29,5,113162.46,660627.01,87.93,3.73,226.2103541,5.277
9,Dept-09,2012-09-14,Clothing,Regular,SPLR-010,523427.35,12,43618.95,617891.3,73.55,3.717,226.3567545,5.277
9,Dept-05,2012-09-21,Pharmacy,Regular,SPLR-008,533756.88,20,26687.84,631206.26,69.92,3.721,226.5599138,5.277
9,Dept-03,2012-09-28,Electronics,Regular,SPLR-009,516361.06,41,12594.17,578700.62,76.8,3.666,226.7630732,5.277
9,Dept-07,2012-05-10,Electronics,New,SPLR-002,606755.3,10,60675.53,684316.58,66.61,3.617,226.9662325,4.954
9,Dept-05,2012-12-10,Clothing,Regular,SPLR-005,558464.8,45,12410.33,624389.65,60.09,3.601,227.1693919,4.954
9,Dept-04,2012-10-19,Electronics,Regular,SPLR-002,542009.46,11,49273.59,620281.9,68.01,3.594,227.214288,4.954
9,Dept-10,2012-10-26,Electronics,Regular,SPLR-004,549731.49,49,11219.01,616598.77,69.52,3.506,227.2328068,4.954
10,Dept-07,2010-05-02,Grocery,Premium,SPLR-002,2193048.75,48,45688.52,2500941.81,54.34,2.962,126.4420645,9.765
10,Dept-01,2010-12-02,Clothing,Regular,SPLR-001,2176028.52,42,51810.2,2414493.25,49.96,2.828,126.4962581,9.765
10,Dept-08,2010-02-19,Pharmacy,Regular,SPLR-007,2113432.58,15,140895.51,2491230.93,58.22,2.915,126.5262857,9.765
10,Dept-05,2010-02-26,Grocery,Regular,SPLR-003,2006774.96,36,55743.75,2239794.21,52.77,2.825,126.5522857,9.765
10,Dept-10,2010-05-03,Grocery,New,SPLR-007,1987090.09,36,55196.95,2294783.03,55.92,2.877,126.5782857,9.765
10,Dept-06,2010-12-03,Clothing,Premium,SPLR-001,1941346.13,38,51088.06,2281198.19,52.33,3.034,126.6042857,9.765
10,Dept-05,2010-03-19,Clothing,Regular,SPLR-005,1946875.06,31,62802.42,2310585.09,61.46,3.054,126.6066452,9.765
10,Dept-09,2010-03-26,Grocery,Regular,SPLR-004,1893532.46,24,78897.19,2125699.78,60.05,2.98,126.6050645,9.765
10,Dept-09,2010-02-04,Home Essentials,New,SPLR-008,2138651.97,17,125803.06,2450299.18,63.66,3.086,126.6034839,9.524
10,Dept-10,2010-09-04,Home Essentials,Regular,SPLR-002,2041069.37,17,120062.9,2400450.01,65.29,3.004,126.6019032,9.524
10,Dept-04,2010-04-16,Home Essentials,New,SPLR-003,1826241.44,48,38046.7,2030555.84,69.74,3.109,126.5621,9.524
10,Dept-09,2010-04-23,Electronics,Regular,SPLR-001,1829521.83,38,48145.31,2116765.6,66.42,3.05,126.4713333,9.524
10,Dept-08,2010-04-30,Home Essentials,New,SPLR-004,1790694.59,16,111918.41,2099925.67,69.76,3.105,126.3805667,9.524
10,Dept-04,2010-07-05,Grocery,New,SPLR-003,1921432.16,45,42698.49,2113586.77,71.06,3.127,126.2898,9.524
10,Dept-09,2010-05-14,Electronics,New,SPLR-010,1808056.41,38,47580.43,2042895.48,73.88,3.145,126.2085484,9.524
10,Dept-04,2010-05-21,Home Essentials,Regular,SPLR-006,1847613.58,49,37706.4,2144963.62,78.32,3.12,126.1843871,9.524
10,Dept-06,2010-05-28,Electronics,New,SPLR-002,1904618.17,17,112036.36,2283238.78,76.67,3.058,126.1602258,9.524
10,Dept-10,2010-04-06,Home Essentials,New,SPLR-006,1931406.28,42,45985.86,2234898.1,82.82,2.941,126.1360645,9.524
10,Dept-08,2010-11-06,Clothing,Regular,SPLR-006,1827521.71,26,70289.3,2075508.3,89.67,3.057,126.1119032,9.524
10,Dept-10,2010-06-18,Electronics,Regular,SPLR-009,1837636.24,7,262519.46,2025928.25,83.49,2.935,126.114,9.524
10,Dept-09,2010-06-25,Pharmacy,Regular,SPLR-003,1768172.31,48,36836.92,2093622.31,90.32,3.084,126.1266,9.524
10,Dept-09,2010-02-07,Clothing,Regular,SPLR-008,1845893.87,10,184589.39,2058053.99,92.89,2.978,126.1392,9.199
10,Dept-02,2010-09-07,Pharmacy,Regular,SPLR-001,1769793.37,25,70791.73,2109879.34,91.03,3.1,126.1518,9.199
10,Dept-10,2010-07-16,Pharmacy,Regular,SPLR-007,1828052.47,31,58969.43,2024992.81,91.8,2.971,126.1498065,9.199
10,Dept-03,2010-07-23,Clothing,Regular,SPLR-008,1831676.03,16,114479.75,2117186.34,88.44,3.112,126.1283548,9.199
10,Dept-06,2010-07-30,Pharmacy,Regular,SPLR-006,1832664.03,14,130904.57,2163770.37,85.03,3.017,126.1069032,9.199
10,Dept-05,2010-06-08,Grocery,Regular,SPLR-004,1949236.09,25,77969.44,2231742.69,86.13,3.123,126.0854516,9.199
10,Dept-04,2010-08-13,Electronics,Premium,SPLR-004,1962996.7,35,56085.62,2280984.02,88.37,3.049,126.064,9.199
10,Dept-06,2010-08-20,Electronics,Regular,SPLR-006,1983190.56,5,396638.11,2211775.59,89.88,3.041,126.0766452,9.199
10,Dept-02,2010-08-27,Clothing,Regular,SPLR-006,1727565.42,14,123397.53,1906429.68,84.99,3.022,126.0892903,9.199
10,Dept-09,2010-03-09,Pharmacy,New,SPLR-001,1766331.45,2,883165.72,1979851.29,83.8,3.087,126.1019355,9.199
10,Dept-03,2010-10-09,Pharmacy,Regular,SPLR-005,1720530.23,4,430132.56,1959237.67,84.04,2.961,126.1145806,9.199
10,Dept-07,2010-09-17,Grocery,Regular,SPLR-002,1716755.78,17,100985.63,1900281.59,85.52,3.028,126.1454667,9.199
10,Dept-09,2010-09-24,Electronics,Premium,SPLR-002,1655036.75,32,51719.9,1857519.07,85.75,2.939,126.1900333,9.199
10,Dept-07,2010-01-10,Electronics,Regular,SPLR-002,1645892.97,18,91438.5,1967302.93,86.01,3.001,126.2346,9.003
10,Dept-02,2010-08-10,Grocery,New,SPLR-009,1772192.42,26,68161.25,1992902.48,77.04,2.924,126.2791667,9.003
10,Dept-09,2010-10-15,Electronics,Regular,SPLR-009,1703850.25,34,50113.24,1913643.79,75.48,3.08,126.3266774,9.003
10,Dept-09,2010-10-22,Grocery,Premium,SPLR-010,1740234.06,7,248604.87,1945764.94,68.12,3.014,126.3815484,9.003
10,Dept-10,2010-10-29,Home Essentials,Premium,SPLR-007,1741308.56,1,1741308.56,2008779.03,68.76,3.13,126.4364194,9.003
10,Dept-08,2010-05-11,Pharmacy,Premium,SPLR-002,1832211.96,25,73288.48,2112592.15,71.04,3.009,126.4912903,9.003
10,Dept-09,2010-12-11,Grocery,Regular,SPLR-004,1895901.59,16,118493.85,2274356.58,61.24,3.13,126.5461613,9.003
10,Dept-10,2010-11-19,Grocery,Regular,SPLR-008,1949177.13,45,43315.05,2265502.87,58.83,3.047,126.6072,9.003
10,Dept-03,2010-11-26,Home Essentials,Regular,SPLR-010,2939946.38,45,65332.14,3278364.41,55.33,3.162,126.6692667,9.003
10,Dept-04,2010-03-12,Grocery,Regular,SPLR-007,2251206.64,46,48939.27,2570400.8,51.17,3.041,126.7313333,9.003
10,Dept-09,2010-10-12,Pharmacy,Premium,SPLR-003,2411790.21,14,172270.73,2723642.78,60.51,3.091,126.7934,9.003
10,Dept-09,2010-12-17,Grocery,New,SPLR-006,2811646.85,27,104135.07,3205400.44,59.15,3.125,126.8794839,9.003
10,Dept-01,2010-12-24,Home Essentials,Premium,SPLR-005,3749057.69,5,749811.54,4227754.91,57.06,3.236,126.9835806,9.003
10,Dept-07,2010-12-31,Home Essentials,New,SPLR-008,1707298.14,32,53353.07,1906273.9,49.67,3.148,127.0876774,9.003
10,Dept-03,2011-07-01,Grocery,Regular,SPLR-007,1714309.9,16,107144.37,1995759.17,43.43,3.287,127.1917742,8.744
10,Dept-01,2011-01-14,Home Essentials,Premium,SPLR-005,1710803.59,7,244400.51,1982662.45,49.98,3.312,127.3009355,8.744
10,Dept-01,2011-01-21,Grocery,New,SPLR-007,1677556.18,36,46598.78,1933442.44,56.75,3.336,127.4404839,8.744
10,Dept-03,2011-01-28,Pharmacy,Premium,SPLR-009,1715769.05,39,43994.08,2037174.23,53.03,3.231,127.5800323,8.744
10,Dept-10,2011-04-02,Pharmacy,Regular,SPLR-005,1968045.91,11,178913.26,2294634.92,44.88,3.348,127.7195806,8.744
10,Dept-05,2011-11-02,Pharmacy,Regular,SPLR-008,2115408.31,30,70513.61,2332794.25,51.51,3.381,127.859129,8.744
10,Dept-06,2011-02-18,Grocery,New,SPLR-001,2106934.55,23,91605.85,2520112.97,61.77,3.43,127.99525,8.744
10,Dept-01,2011-02-25,Pharmacy,Premium,SPLR-008,1967996.71,3,655998.9,2285805.05,53.59,3.398,128.13,8.744
10,Dept-07,2011-04-03,Clothing,Regular,SPLR-006,1958003.19,33,59333.43,2229937.74,56.96,3.674,128.26475,8.744
10,Dept-07,2011-11-03,Electronics,Premium,SPLR-006,1933469.15,14,138104.94,2139452.25,64.22,3.63,128.3995,8.744
10,Dept-06,2011-03-18,Grocery,Regular,SPLR-008,1884734.31,4,471183.58,2235517.25,70.12,3.892,128.5121935,8.744
10,Dept-02,2011-03-25,Grocery,Regular,SPLR-002,1815798.85,47,38634.02,2052948.23,62.53,3.716,128.6160645,8.744
10,Dept-07,2011-01-04,Electronics,Regular,SPLR-008,1827733.18,21,87034.91,2068001.31,67.64,3.772,128.7199355,8.494
10,Dept-02,2011-08-04,Home Essentials,Regular,SPLR-008,1870720.73,4,467680.18,2189764.07,73.03,3.818,128.8238065,8.494
10,Dept-06,2011-04-15,Electronics,New,SPLR-010,1781767.22,36,49493.53,2105429.44,61.05,4.089,128.9107333,8.494
10,Dept-06,2011-04-22,Home Essentials,Regular,SPLR-006,2004831.14,21,95468.15,2373079.63,75.93,3.917,128.9553,8.494
10,Dept-07,2011-04-29,Clothing,Regular,SPLR-002,1873646.34,21,89221.25,2081300.28,73.38,4.151,128.9998667,8.494
10,Dept-10,2011-06-05,Pharmacy,Regular,SPLR-005,1841369.99,4,460342.5,2149365.32,73.56,4.193,129.0444333,8.494
10,Dept-09,2011-05-13,Electronics,Regular,SPLR-008,1712995.44,9,190332.83,1970539.77,74.04,4.202,129.089,8.494
10,Dept-05,2011-05-20,Home Essentials,Premium,SPLR-001,1720908.01,29,59341.66,1952327.68,72.62,3.99,129.0756774,8.494
10,Dept-07,2011-05-27,Clothing,Premium,SPLR-004,1743000.38,47,37085.11,1933976.55,78.62,3.933,129.0623548,8.494
10,Dept-09,2011-03-06,Pharmacy,Regular,SPLR-007,1792210.89,22,81464.13,2039590.84,81.87,3.893,129.0490323,8.494
10,Dept-07,2011-10-06,Grocery,New,SPLR-002,1740063.1,28,62145.11,1998654.35,84.57,3.981,129.0357097,8.494
10,Dept-05,2011-06-17,Home Essentials,Regular,SPLR-002,1817934.76,29,62687.41,2116866.03,87.96,3.935,129.0432,8.494
10,Dept-01,2011-06-24,Clothing,Premium,SPLR-006,1711813.13,12,142651.09,1943426.37,90.69,3.807,129.0663,8.494
10,Dept-09,2011-01-07,Home Essentials,Regular,SPLR-005,1751369.75,17,103021.75,2012344.38,95.36,3.842,129.0894,8.257
10,Dept-09,2011-08-07,Grocery,New,SPLR-006,1699708.38,6,283284.73,1924681.64,88.57,3.793,129.1125,8.257
10,Dept-03,2011-07-15,Grocery,Premium,SPLR-004,1775068.4,28,63395.3,1966789.02,86.01,3.779,129.1338387,8.257
10,Dept-02,2011-07-22,Electronics,Regular,SPLR-003,1774342.61,49,36211.07,2086655.8,88.59,3.697,129.1507742,8.257
10,Dept-09,2011-07-29,Pharmacy,Premium,SPLR-008,1745841.33,17,102696.55,2045201.05,86.75,3.694,129.1677097,8.257
10,Dept-03,2011-05-08,Grocery,Premium,SPLR-002,1886299.98,42,44911.9,2130197.57,89.8,3.803,129.1846452,8.257
10,Dept-09,2011-12-08,Home Essentials,Premium,SPLR-005,1917397.63,17,112788.1,2240235.06,85.61,3.794,129.2015806,8.257
10,Dept-05,2011-08-19,Grocery,Regular,SPLR-002,1954849.68,19,102886.83,2179548.7,87.4,3.743,129.2405806,8.257
10,Dept-08,2011-08-26,Home Essentials,New,SPLR-002,1728399.07,47,36774.45,1950468.91,91.59,3.663,129.2832581,8.257
10,Dept-10,2011-02-09,Clothing,Premium,SPLR-003,1758587.35,48,36637.24,2054653.47,91.61,3.798,129.3259355,8.257
10,Dept-09,2011-09-09,Electronics,Regular,SPLR-008,1670579.82,18,92809.99,1984561.72,89.06,3.771,129.3686129,8.257
10,Dept-06,2011-09-16,Pharmacy,Regular,SPLR-004,1650894.3,18,91716.35,1911068.01,77.49,3.784,129.4306,8.257
10,Dept-06,2011-09-23,Electronics,New,SPLR-001,1685910.53,9,187323.39,1889103.58,82.51,3.789,129.5183333,8.257
10,Dept-07,2011-09-30,Home Essentials,Regular,SPLR-005,1627707.31,22,73986.7,1852598.56,82.27,3.877,129.6060667,8.257
10,Dept-09,2011-07-10,Electronics,Premium,SPLR-003,1788227.6,37,48330.48,2111450.67,75.01,3.827,129.6938,7.874
10,Dept-10,2011-10-14,Home Essentials,Regular,SPLR-005,1704753.02,43,39645.42,2009508.96,70.27,3.698,129.7706452,7.874
10,Dept-10,2011-10-21,Electronics,Regular,SPLR-004,1745928.56,15,116395.24,2081430.53,77.91,3.842,129.7821613,7.874
10,Dept-09,2011-10-28,Clothing,Regular,SPLR-001,1771792.97,12,147649.41,1977951.14,72.79,3.843,129.7936774,7.874
10,Dept-07,2011-04-11,Electronics,Regular,SPLR-006,1904438.59,7,272062.66,2127196.62,68.57,3.828,129.8051935,7.874
10,Dept-04,2011-11-11,Home Essentials,Regular,SPLR-007,2076570.84,49,42379.0,2297167.44,55.28,3.677,129.8167097,7.874
10,Dept-10,2011-11-18,Home Essentials,Premium,SPLR-002,1869087.85,3,623029.28,2143332.63,58.97,3.669,129.8268333,7.874
10,Dept-05,2011-11-25,Electronics,Regular,SPLR-008,2950198.64,20,147509.93,3531079.78,60.68,3.76,129.8364,7.874
10,Dept-09,2011-02-12,Electronics,Regular,SPLR-005,2068097.18,38,54423.61,2416931.55,57.29,3.701,129.8459667,7.874
10,Dept-01,2011-09-12,Pharmacy,Regular,SPLR-002,2429310.9,47,51687.47,2759341.78,42.58,3.644,129.8555333,7.874
10,Dept-10,2011-12-16,Pharmacy,New,SPLR-001,2555031.18,37,69054.9,2826985.14,50.53,3.489,129.8980645,7.874
10,Dept-02,2011-12-23,Electronics,Premium,SPLR-004,3487986.89,32,108999.59,3998412.28,48.36,3.541,129.9845484,7.874
10,Dept-08,2011-12-30,Clothing,Regular,SPLR-006,1930690.37,33,58505.77,2182740.83,48.92,3.428,130.0710323,7.874
10,Dept-01,2012-06-01,Electronics,Regular,SPLR-006,1683401.78,12,140283.48,1956525.83,59.85,3.443,130.1575161,7.545
10,Dept-08,2012-01-13,Home Essentials,Premium,SPLR-007,1711562.73,6,285260.46,2019469.77,51.0,3.477,130.244,7.545
10,Dept-02,2012-01-20,Grocery,Regular,SPLR-005,1675562.94,5,335112.59,1940153.73,54.51,3.66,130.2792258,7.545
10,Dept-08,2012-01-27,Clothing,Regular,SPLR-007,1632406.0,33,49466.85,1925025.39,53.59,3.675,130.3144516,7.545
10,Dept-09,2012-03-02,Home Essentials,Regular,SPLR-004,1867403.01,40,46685.08,2197600.5,56.85,3.543,130.3496774,7.545
10,Dept-04,2012-10-02,Pharmacy,Regular,SPLR-009,2218595.8,45,49302.13,2617833.42,55.73,3.722,130.3849032,7.545
10,Dept-03,2012-02-17,Electronics,Regular,SPLR-003,2168709.76,47,46142.76,2588202.28,54.12,3.781,130.4546207,7.545
10,Dept-06,2012-02-24,Pharmacy,Regular,SPLR-005,2039415.74,46,44335.12,2293582.39,56.02,3.95,130.5502069,7.545
10,Dept-08,2012-02-03,Pharmacy,Premium,SPLR-009,1990371.02,31,64205.52,2360355.03,57.62,3.882,130.6457931,7.545
10,Dept-01,2012-09-03,Electronics,Regular,SPLR-009,1917483.1,30,63916.1,2227929.79,57.65,3.963,130.7413793,7.545
10,Dept-07,2012-03-16,Clothing,Premium,SPLR-008,1930814.66,17,113577.33,2140289.16,62.11,4.273,130.8261935,7.545
10,Dept-01,2012-03-23,Electronics,Regular,SPLR-009,1837457.69,2,918728.84,2035588.83,56.54,4.288,130.8966452,7.545
10,Dept-04,2012-03-30,Home Essentials,Premium,SPLR-006,1815760.42,38,47783.17,2023452.38,67.92,4.294,130.9670968,7.545
10,Dept-05,2012-06-04,Home Essentials,Regular,SPLR-008,2163384.17,2,1081692.08,2502913.43,65.99,4.282,131.0375484,7.382
10,Dept-09,2012-04-13,Electronics,Premium,SPLR-008,1974687.51,8,246835.94,2293729.71,70.28,4.254,131.108,7.382
10,Dept-06,2012-04-20,Home Essentials,Regular,SPLR-007,1777166.53,49,36268.7,2057416.75,67.75,4.111,131.1173333,7.382
10,Dept-01,2012-04-27,Pharmacy,Premium,SPLR-002,1712987.56,41,41780.18,1898194.95,80.11,4.088,131.1266667,7.382
10,Dept-08,2012-04-05,Grocery,Premium,SPLR-008,1821364.42,2,910682.21,2128996.66,77.02,4.058,131.136,7.382
10,Dept-08,2012-11-05,Electronics,Regular,SPLR-010,1792345.3,13,137872.72,2110698.8,76.03,4.186,131.1453333,7.382
10,Dept-08,2012-05-18,Clothing,Regular,SPLR-008,1795152.73,15,119676.85,2152193.53,85.19,4.308,131.0983226,7.382
10,Dept-08,2012-05-25,Grocery,Regular,SPLR-004,1830939.1,29,63135.83,2053100.82,86.03,4.127,131.0287742,7.382
10,Dept-03,2012-01-06,Electronics,Regular,SPLR-002,1767471.48,23,76846.59,1990249.47,80.06,4.277,130.9592258,7.382
10,Dept-06,2012-08-06,Electronics,Regular,SPLR-007,1840491.41,43,42802.13,2091910.51,86.87,4.103,130.8896774,7.382
10,Dept-02,2012-06-15,Grocery,New,SPLR-005,1811562.88,23,78763.6,2036137.65,88.58,4.144,130.8295333,7.382
10,Dept-09,2012-06-22,Clothing,Regular,SPLR-001,1755334.18,7,250762.03,2106132.58,89.92,4.014,130.7929,7.382
10,Dept-05,2012-06-29,Clothing,Regular,SPLR-001,1707481.9,14,121962.99,2001931.8,91.36,3.875,130.7562667,7.382
10,Dept-06,2012-06-07,Clothing,New,SPLR-005,1805999.79,14,128999.98,2009598.2,86.87,3.666,130.7196333,7.17
10,Dept-04,2012-07-13,Pharmacy,Regular,SPLR-008,1765571.91,29,60881.79,2025019.31,89.8,3.723,130.683,7.17
10,Dept-10,2012-07-20,Pharmacy,Premium,SPLR-002,1869967.03,17,109998.06,2235788.96,84.45,3.589,130.7012903,7.17
10,Dept-02,2012-07-27,Electronics,Regular,SPLR-005,1817603.66,4,454400.92,2053147.27,83.98,3.769,130.7195806,7.17
10,Dept-07,2012-03-08,Pharmacy,New,SPLR-001,1939440.09,12,161620.01,2240537.41,84.76,3.595,130.737871,7.17
10,Dept-10,2012-10-08,Electronics,Premium,SPLR-006,1880436.94,23,81758.13,2075273.9,90.78,3.811,130.7561613,7.17
10,Dept-09,2012-08-17,Grocery,Regular,SPLR-010,1827797.4,22,83081.7,2083489.1,88.83,4.002,130.7909677,7.17
10,Dept-09,2012-08-24,Grocery,Regular,SPLR-006,1764984.15,13,135768.01,2022407.41,82.5,4.055,130.8381613,7.17
10,Dept-09,2012-08-31,Clothing,Regular,SPLR-003,1650285.54,16,103142.85,1954845.5,86.97,3.886,130.8853548,7.17
10,Dept-04,2012-07-09,Electronics,Regular,SPLR-006,1708283.28,43,39727.52,2040585.0,83.07,4.124,130.9325484,7.17
10,Dept-07,2012-09-14,Clothing,Regular,SPLR-008,1640168.99,6,273361.5,1923574.41,78.47,3.966,130.9776667,7.17
10,Dept-07,2012-09-21,Home Essentials,Regular,SPLR-005,1671857.57,43,38880.41,1988324.14,81.93,4.125,131.0103333,7.17
10,Dept-01,2012-09-28,Grocery,New,SPLR-009,1694862.41,1,1694862.41,1974310.5,82.52,3.966,131.043,7.17
10,Dept-09,2012-05-10,Electronics,Regular,SPLR-010,1758971.38,40,43974.28,1940602.09,80.88,4.132,131.0756667,6.943
10,Dept-01,2012-12-10,Home Essentials,Regular,SPLR-010,1713889.11,31,55286.75,2040390.1,76.03,4.468,131.1083333,6.943
10,Dept-10,2012-10-19,Grocery,Premium,SPLR-010,1734834.82,30,57827.83,2067553.05,72.71,4.449,131.1499677,6.943
10,Dept-05,2012-10-26,Home Essentials,New,SPLR-002,1744349.05,41,42545.1,1958981.94,70.5,4.301,131.1930968,6.943
11,Dept-09,2010-05-02,Grocery,Regular,SPLR-009,1528008.64,6,254668.11,1722648.16,46.04,2.572,214.4248812,7.368
11,Dept-07,2010-12-02,Clothing,New,SPLR-006,1574684.08,28,56238.72,1842175.89,48.01,2.548,214.5747916,7.368
11,Dept-08,2010-02-19,Electronics,Regular,SPLR-007,1503298.7,48,31318.72,1730754.01,48.3,2.514,214.6198868,7.368
11,Dept-07,2010-02-26,Electronics,New,SPLR-004,1336404.65,32,41762.65,1493228.94,52.79,2.561,214.6475127,7.368
11,Dept-04,2010-05-03,Home Essentials,Premium,SPLR-003,1426622.65,25,57064.91,1597818.05,53.96,2.625,214.6751386,7.368
11,Dept-03,2010-12-03,Clothing,Regular,SPLR-007,1331883.16,46,28953.98,1588364.0,64.1,2.667,214.7027646,7.368
11,Dept-01,2010-03-19,Clothing,Regular,SPLR-002,1364207.0,41,33273.34,1516025.87,61.51,2.72,214.5301219,7.368
11,Dept-01,2010-03-26,Grocery,New,SPLR-010,1245624.27,49,25420.9,1476619.35,58.09,2.732,214.3241011,7.368
11,Dept-07,2010-02-04,Pharmacy,New,SPLR-008,1446210.26,30,48207.01,1678166.69,66.16,2.719,214.1180803,7.343
11,Dept-01,2010-09-04,Home Essentials,Regular,SPLR-004,1470308.32,40,36757.71,1754852.65,69.57,2.77,213.9120595,7.343
11,Dept-09,2010-04-16,Grocery,Regular,SPLR-006,1323243.35,40,33081.08,1511284.27,67.81,2.808,213.7726889,7.343
11,Dept-07,2010-04-23,Clothing,Premium,SPLR-007,1283766.55,41,31311.38,1482462.04,68.37,2.795,213.7221852,7.343
11,Dept-04,2010-04-30,Pharmacy,Regular,SPLR-003,1239766.89,42,29518.26,1377255.2,71.13,2.78,213.6716815,7.343
11,Dept-09,2010-07-05,Electronics,Regular,SPLR-010,1312329.78,46,28528.91,1462200.85,75.57,2.835,213.6211778,7.343
11,Dept-03,2010-05-14,Pharmacy,Regular,SPLR-007,1266796.13,2,633398.06,1456714.32,77.64,2.854,213.6196139,7.343
11,Dept-03,2010-05-21,Pharmacy,Regular,SPLR-006,1271646.62,35,36332.76,1478209.87,76.97,2.826,213.9116886,7.343
11,Dept-10,2010-05-28,Home Essentials,Regular,SPLR-001,1264272.52,49,25801.48,1437014.16,79.69,2.759,214.2037634,7.343
11,Dept-04,2010-04-06,Electronics,Regular,SPLR-009,1396322.19,41,34056.64,1654303.64,79.66,2.705,214.4958382,7.343
11,Dept-04,2010-11-06,Clothing,Premium,SPLR-009,1339570.85,27,49613.74,1515279.63,82.81,2.668,214.787913,7.343
11,Dept-01,2010-06-18,Electronics,Regular,SPLR-006,1336522.92,12,111376.91,1493813.11,84.13,2.637,214.7858259,7.343
11,Dept-03,2010-06-25,Home Essentials,Premium,SPLR-005,1262025.08,6,210337.51,1477431.04,84.5,2.653,214.6660741,7.343
11,Dept-05,2010-02-07,Grocery,New,SPLR-009,1302600.14,1,1302600.14,1517161.82,83.09,2.669,214.5463222,7.346
11,Dept-06,2010-09-07,Home Essentials,Regular,SPLR-009,1280156.47,17,75303.32,1528805.49,83.01,2.642,214.4265704,7.346
11,Dept-04,2010-07-16,Electronics,Regular,SPLR-004,1290609.54,32,40331.55,1492948.46,84.9,2.623,214.4176476,7.346
11,Dept-06,2010-07-23,Grocery,Premium,SPLR-009,1244390.03,40,31109.75,1459884.77,84.57,2.608,214.5564968,7.346
11,Dept-07,2010-07-30,Pharmacy,New,SPLR-004,1250178.89,12,104181.57,1492871.33,83.26,2.64,214.695346,7.346
11,Dept-04,2010-06-08,Electronics,Regular,SPLR-004,1369634.92,6,228272.49,1530705.16,86.54,2.627,214.8341952,7.346
11,Dept-09,2010-08-13,Electronics,New,SPLR-004,1384339.1,19,72859.95,1595512.46,87.73,2.692,214.9730444,7.346
11,Dept-05,2010-08-20,Clothing,Regular,SPLR-005,1430192.37,24,59591.35,1651706.33,88.93,2.664,214.9314191,7.346
11,Dept-01,2010-08-27,Home Essentials,New,SPLR-007,1311263.07,45,29139.18,1455726.32,87.7,2.619,214.8897938,7.346
11,Dept-10,2010-03-09,Grocery,New,SPLR-005,1303914.27,25,52156.57,1500741.28,84.94,2.577,214.8481685,7.346
11,Dept-08,2010-10-09,Electronics,New,SPLR-007,1231428.46,39,31575.09,1368115.93,81.93,2.565,214.8065431,7.346
11,Dept-08,2010-09-17,Home Essentials,Premium,SPLR-006,1215676.31,22,55258.01,1345506.8,83.04,2.582,214.8322484,7.346
11,Dept-06,2010-09-24,Home Essentials,Regular,SPLR-004,1170103.25,15,78006.88,1307810.29,77.36,2.624,214.9084516,7.346
11,Dept-08,2010-01-10,Pharmacy,Regular,SPLR-004,1182490.46,12,98540.87,1311623.08,75.11,2.603,214.9846548,7.564
11,Dept-07,2010-08-10,Pharmacy,New,SPLR-005,1293472.8,8,161684.1,1449223.72,68.71,2.633,215.060858,7.564
11,Dept-10,2010-10-15,Pharmacy,Premium,SPLR-002,1175003.67,15,78333.58,1393871.38,71.46,2.72,215.1293114,7.564
11,Dept-02,2010-10-22,Electronics,Regular,SPLR-003,1169831.38,38,30785.04,1369307.19,72.6,2.725,215.17839,7.564
11,Dept-10,2010-10-29,Electronics,Regular,SPLR-008,1195036.0,25,47801.44,1360950.03,74.21,2.716,215.2274686,7.564
11,Dept-05,2010-05-11,Electronics,New,SPLR-004,1332759.13,3,444253.04,1546356.18,64.41,2.689,215.2765472,7.564
11,Dept-05,2010-12-11,Clothing,Premium,SPLR-009,1281675.6,37,34639.88,1498292.42,63.74,2.728,215.3256258,7.564
11,Dept-04,2010-11-19,Pharmacy,Regular,SPLR-007,1292346.57,24,53847.77,1463318.97,58.63,2.771,215.2074519,7.564
11,Dept-05,2010-11-26,Clothing,New,SPLR-008,1757242.51,18,97624.58,1983329.09,69.9,2.735,215.0614025,7.564
11,Dept-05,2010-03-12,Grocery,New,SPLR-001,1380522.64,17,81207.21,1637207.27,55.9,2.708,214.9153531,7.564
11,Dept-02,2010-10-12,Grocery,Regular,SPLR-003,1564516.43,5,312903.29,1732727.44,53.33,2.843,214.7693037,7.564
11,Dept-06,2010-12-17,Grocery,Regular,SPLR-007,1843971.15,40,46099.28,2194682.99,54.63,2.869,214.704919,7.564
11,Dept-04,2010-12-24,Home Essentials,Regular,SPLR-003,2306265.36,43,53634.08,2717864.68,59.33,2.886,214.7017828,7.564
11,Dept-06,2010-12-31,Electronics,New,SPLR-009,1172003.1,20,58600.16,1318133.56,55.03,2.943,214.6986466,7.564
11,Dept-09,2011-07-01,Clothing,Regular,SPLR-004,1178905.44,13,90685.03,1349561.17,54.43,2.976,214.6955104,7.551
11,Dept-01,2011-01-14,Home Essentials,New,SPLR-008,1194449.78,14,85317.84,1352555.59,45.34,2.983,214.7470729,7.551
11,Dept-05,2011-01-21,Home Essentials,Regular,SPLR-005,1187776.19,12,98981.35,1378911.96,51.51,3.016,215.1268275,7.551
11,Dept-08,2011-01-28,Clothing,New,SPLR-005,1100418.69,6,183403.12,1291611.0,51.04,3.01,215.5065821,7.551
11,Dept-01,2011-04-02,Clothing,New,SPLR-006,1422546.05,20,71127.3,1671147.03,47.17,2.989,215.8863367,7.551
11,Dept-02,2011-11-02,Home Essentials,Regular,SPLR-010,1419236.9,2,709618.45,1674894.57,44.61,3.022,216.2660913,7.551
11,Dept-04,2011-02-18,Grocery,Regular,SPLR-001,1554747.15,41,37920.66,1822169.25,61.5,3.045,216.5843571,7.551
11,Dept-04,2011-02-25,Home Essentials,Regular,SPLR-004,1323999.36,17,77882.32,1469528.96,68.74,3.065,216.8780275,7.551
11,Dept-10,2011-04-03,Clothing,New,SPLR-006,1399456.99,7,199922.43,1611610.81,66.5,3.288,217.1716979,7.551
11,Dept-02,2011-11-03,Clothing,Regular,SPLR-005,1314557.31,20,65727.87,1451170.09,63.29,3.459,217.4653683,7.551
11,Dept-03,2011-03-18,Pharmacy,New,SPLR-006,1391813.69,37,37616.59,1589310.13,70.17,3.488,217.7235226,7.551
11,Dept-07,2011-03-25,Home Essentials,Premium,SPLR-002,1229777.24,7,175682.46,1423912.02,73.74,3.473,217.9674705,7.551
11,Dept-01,2011-01-04,Clothing,Premium,SPLR-009,1258674.12,7,179810.59,1483769.2,69.1,3.524,218.2114184,7.574
11,Dept-04,2011-08-04,Electronics,New,SPLR-007,1327401.06,42,31604.79,1517734.88,73.57,3.622,218.4553663,7.574
11,Dept-09,2011-04-15,Grocery,Regular,SPLR-007,1312905.8,11,119355.07,1575235.66,76.64,3.743,218.6788642,7.574
11,Dept-10,2011-04-22,Pharmacy,Regular,SPLR-008,1388118.53,35,39660.53,1537602.47,78.31,3.807,218.851237,7.574
11,Dept-09,2011-04-29,Pharmacy,Regular,SPLR-008,1357589.89,33,41139.09,1589790.97,79.97,3.81,219.0236099,7.574
11,Dept-04,2011-06-05,Pharmacy,Regular,SPLR-003,1331453.41,3,443817.8,1541219.4,71.39,3.906,219.1959827,7.574
11,Dept-07,2011-05-13,Grocery,Premium,SPLR-004,1277959.42,36,35498.87,1456011.26,80.93,3.899,219.3683556,7.574
11,Dept-07,2011-05-20,Pharmacy,Regular,SPLR-009,1239466.97,34,36454.91,1407829.3,76.97,3.907,219.127216,7.574
11,Dept-05,2011-05-27,Home Essentials,New,SPLR-007,1216876.52,7,173839.5,1404837.45,85.61,3.786,218.8860765,7.574
11,Dept-10,2011-03-06,Clothing,Regular,SPLR-007,1343637.0,42,31991.36,1507428.12,86.14,3.699,218.6449369,7.574
11,Dept-04,2011-10-06,Pharmacy,Premium,SPLR-006,1314626.75,45,29213.93,1481070.89,85.79,3.648,218.4037974,7.574
11,Dept-07,2011-06-17,Clothing,Regular,SPLR-002,1337506.74,18,74305.93,1595905.24,87.9,3.637,218.3551748,7.574
11,Dept-05,2011-06-24,Clothing,New,SPLR-004,1254587.84,20,62729.39,1490911.7,86.13,3.594,218.45094,7.574
11,Dept-08,2011-01-07,Pharmacy,Regular,SPLR-002,1297472.06,31,41853.94,1512450.24,86.43,3.524,218.5467052,7.567
11,Dept-01,2011-08-07,Clothing,Premium,SPLR-007,1334627.96,36,37073.0,1491349.37,87.17,3.48,218.6424704,7.567
11,Dept-10,2011-07-15,Grocery,New,SPLR-001,1266546.73,30,42218.22,1484701.39,88.3,3.575,218.7275216,7.567
11,Dept-02,2011-07-22,Home Essentials,New,SPLR-006,1290576.44,12,107548.04,1472690.95,87.8,3.651,218.7857881,7.567
11,Dept-01,2011-07-29,Pharmacy,New,SPLR-003,1212938.67,32,37904.33,1345696.63,89.46,3.682,218.8440545,7.567
11,Dept-04,2011-05-08,Grocery,New,SPLR-004,1403198.94,39,35979.46,1646048.83,90.04,3.684,218.9023209,7.567
11,Dept-09,2011-12-08,Home Essentials,Regular,SPLR-005,1354188.43,1,1354188.43,1523653.8,90.3,3.638,218.9605873,7.567
11,Dept-08,2011-08-19,Clothing,Regular,SPLR-008,1484169.74,5,296833.95,1739249.75,89.51,3.554,219.023271,7.567
11,Dept-10,2011-08-26,Clothing,Premium,SPLR-004,1304706.75,26,50181.03,1541452.04,89.09,3.523,219.0866908,7.567
11,Dept-07,2011-02-09,Home Essentials,Regular,SPLR-006,1297792.41,25,51911.7,1480220.76,91.44,3.533,219.1501106,7.567
11,Dept-10,2011-09-09,Grocery,Regular,SPLR-005,1249439.95,38,32880.0,1428939.9,84.91,3.546,219.2135305,7.567
11,Dept-01,2011-09-16,Grocery,Regular,SPLR-003,1270816.01,6,211802.67,1500873.57,85.11,3.526,219.3972867,7.567
11,Dept-03,2011-09-23,Electronics,Regular,SPLR-008,1235775.15,17,72692.66,1478495.11,82.14,3.467,219.7414914,7.567
11,Dept-07,2011-09-30,Pharmacy,Premium,SPLR-008,1190515.83,47,25330.12,1396927.63,84.4,3.355,220.085696,7.567
11,Dept-07,2011-07-10,Home Essentials,Regular,SPLR-008,1346271.06,41,32835.88,1532440.72,76.97,3.285,220.4299007,7.197
11,Dept-01,2011-10-14,Grocery,Regular,SPLR-008,1286388.96,24,53599.54,1466928.97,75.56,3.274,220.7486167,7.197
11,Dept-05,2011-10-21,Home Essentials,Premium,SPLR-001,1325107.53,2,662553.76,1508454.28,70.91,3.353,220.9144005,7.197
11,Dept-08,2011-10-28,Electronics,Regular,SPLR-007,1310684.1,10,131068.41,1535700.72,72.66,3.372,221.0801842,7.197
11,Dept-03,2011-04-11,Electronics,New,SPLR-008,1458287.38,12,121523.95,1633911.34,61.13,3.332,221.245968,7.197
11,Dept-08,2011-11-11,Home Essentials,Regular,SPLR-003,1366053.69,40,34151.34,1520965.44,64.2,3.297,221.4117517,7.197
11,Dept-10,2011-11-18,Home Essentials,New,SPLR-002,1315091.63,36,36530.32,1532363.34,66.17,3.308,221.6432852,7.197
11,Dept-03,2011-11-25,Clothing,Regular,SPLR-008,1848953.48,44,42021.67,2197832.19,70.03,3.236,221.9011185,7.197
11,Dept-06,2011-02-12,Home Essentials,Regular,SPLR-001,1399322.44,42,33317.2,1553880.99,56.89,3.172,222.1589519,7.197
11,Dept-03,2011-09-12,Home Essentials,Regular,SPLR-010,1646655.94,28,58809.14,1838127.98,50.63,3.158,222.4167852,7.197
11,Dept-06,2011-12-16,Home Essentials,Regular,SPLR-005,1783910.06,24,74329.59,2004521.59,59.69,3.159,222.6426418,7.197
11,Dept-06,2011-12-23,Electronics,Regular,SPLR-009,2213518.5,25,88540.74,2553052.96,54.29,3.112,222.8258628,7.197
11,Dept-07,2011-12-30,Home Essentials,New,SPLR-005,1352084.21,5,270416.84,1586924.95,48.86,3.129,223.0090839,7.197
11,Dept-02,2012-06-01,Home Essentials,Premium,SPLR-003,1283885.55,22,58358.43,1444195.02,54.44,3.157,223.1923049,6.833
11,Dept-09,2012-01-13,Clothing,Regular,SPLR-001,1264736.59,47,26909.29,1505534.22,53.1,3.261,223.3755259,6.833
11,Dept-02,2012-01-20,Grocery,Premium,SPLR-002,1207303.29,28,43117.97,1426273.45,56.43,3.268,223.4700552,6.833
11,Dept-10,2012-01-27,Pharmacy,New,SPLR-008,1162675.85,18,64593.1,1314290.73,58.36,3.29,223.5645845,6.833
11,Dept-05,2012-03-02,Pharmacy,Regular,SPLR-010,1376732.18,30,45891.07,1647086.18,60.24,3.36,223.6591137,6.833
11,Dept-04,2012-10-02,Clothing,New,SPLR-003,1574287.76,32,49196.49,1736326.19,52.23,3.409,223.753643,6.833
11,Dept-04,2012-02-17,Clothing,Regular,SPLR-005,1569607.94,48,32700.17,1803386.67,52.77,3.51,223.9170153,6.833
11,Dept-01,2012-02-24,Grocery,Premium,SPLR-007,1379473.03,9,153274.78,1543117.64,61.11,3.555,224.1320199,6.833
11,Dept-10,2012-02-03,Home Essentials,Premium,SPLR-003,1438383.44,12,119865.29,1664486.38,62.61,3.63,224.3470245,6.833
11,Dept-06,2012-09-03,Electronics,New,SPLR-009,1413382.76,6,235563.79,1681348.23,61.44,3.669,224.5620291,6.833
11,Dept-08,2012-03-16,Electronics,Premium,SPLR-010,1441884.28,49,29426.21,1599838.82,64.21,3.734,224.7166953,6.833
11,Dept-07,2012-03-23,Electronics,Regular,SPLR-004,1300593.61,7,185799.09,1535825.79,67.16,3.787,224.7909104,6.833
11,Dept-02,2012-03-30,Pharmacy,Regular,SPLR-005,1300104.03,16,81256.5,1477328.86,70.23,3.845,224.8651254,6.833
11,Dept-04,2012-06-04,Pharmacy,New,SPLR-006,1596325.01,12,133027.08,1871440.08,74.19,3.891,224.9393405,6.664
11,Dept-01,2012-04-13,Clothing,Regular,SPLR-001,1472752.01,3,490917.34,1680846.92,72.74,3.891,225.0135556,6.664
11,Dept-06,2012-04-20,Home Essentials,Regular,SPLR-005,1315356.99,8,164419.62,1536387.39,71.97,3.877,225.0689541,6.664
11,Dept-04,2012-04-27,Home Essentials,Regular,SPLR-002,1236238.29,17,72719.9,1408361.29,73.4,3.814,225.1243526,6.664
11,Dept-03,2012-04-05,Pharmacy,Regular,SPLR-010,1370251.22,10,137025.12,1591555.04,79.07,3.749,225.1797511,6.664
11,Dept-06,2012-11-05,Clothing,Premium,SPLR-009,1300147.07,7,185735.3,1528838.97,75.13,3.688,225.2351496,6.664
11,Dept-06,2012-05-18,Grocery,New,SPLR-003,1352442.31,13,104034.02,1555506.65,72.53,3.63,225.2512024,6.664
11,Dept-07,2012-05-25,Home Essentials,New,SPLR-008,1297335.87,15,86489.06,1512106.29,78.44,3.561,225.2515168,6.664
11,Dept-07,2012-01-06,Pharmacy,Regular,SPLR-007,1361595.33,29,46951.56,1547909.59,81.67,3.501,225.2518313,6.664
11,Dept-08,2012-08-06,Electronics,Regular,SPLR-008,1414343.53,8,176792.94,1625756.06,82.1,3.452,225.2521458,6.664
11,Dept-01,2012-06-15,Clothing,Regular,SPLR-008,1417875.42,41,34582.33,1698853.01,84.97,3.393,225.2644795,6.664
11,Dept-01,2012-06-22,Grocery,New,SPLR-004,1355680.3,36,37657.79,1591334.82,83.26,3.346,225.3068615,6.664
11,Dept-10,2012-06-29,Pharmacy,Regular,SPLR-008,1297028.6,13,99771.43,1536094.99,87.86,3.286,225.3492435,6.664
11,Dept-10,2012-06-07,Home Essentials,Premium,SPLR-008,1461129.94,28,52183.21,1715017.17,83.44,3.227,225.3916254,6.334
11,Dept-01,2012-07-13,Home Essentials,Regular,SPLR-007,1320239.51,7,188605.64,1543065.6,82.46,3.256,225.4340074,6.334
11,Dept-04,2012-07-20,Pharmacy,Regular,SPLR-009,1344483.81,41,32792.29,1552004.16,82.41,3.311,225.4438827,6.334
11,Dept-08,2012-07-27,Electronics,New,SPLR-007,1272395.02,41,31034.02,1456605.77,85.43,3.407,225.4537579,6.334
11,Dept-04,2012-03-08,Pharmacy,Regular,SPLR-001,1399341.07,11,127212.82,1608566.74,86.94,3.417,225.4636332,6.334
11,Dept-01,2012-10-08,Grocery,Regular,SPLR-005,1388973.65,27,51443.47,1581008.84,86.21,3.494,225.4735085,6.334
11,Dept-02,2012-08-17,Home Essentials,New,SPLR-010,1421307.2,21,67681.3,1612075.49,87.73,3.571,225.5558664,6.334
11,Dept-07,2012-08-24,Clothing,Regular,SPLR-009,1409515.73,23,61283.29,1659466.95,83.17,3.62,225.6925864,6.334
11,Dept-07,2012-08-31,Electronics,Regular,SPLR-006,1372872.35,29,47340.43,1607347.48,86.49,3.638,225.8293063,6.334
11,Dept-04,2012-07-09,Electronics,New,SPLR-007,1304584.4,14,93184.6,1561045.93,85.17,3.73,225.9660263,6.334
11,Dept-09,2012-09-14,Clothing,Regular,SPLR-008,1267675.05,5,253535.01,1463737.41,79.61,3.717,226.1122067,6.334
11,Dept-04,2012-09-21,Grocery,Regular,SPLR-002,1326132.98,14,94723.78,1523054.55,73.64,3.721,226.3151496,6.334
11,Dept-02,2012-09-28,Home Essentials,Regular,SPLR-001,1227430.73,25,49097.23,1371286.98,77.67,3.666,226.5180926,6.334
11,Dept-05,2012-05-10,Pharmacy,Regular,SPLR-006,1422794.26,27,52696.08,1671648.32,73.37,3.617,226.7210356,6.034
11,Dept-03,2012-12-10,Home Essentials,Regular,SPLR-002,1311965.09,34,38587.21,1446715.64,69.94,3.601,226.9239785,6.034
11,Dept-05,2012-10-19,Pharmacy,Premium,SPLR-001,1232073.18,48,25668.19,1384522.7,73.77,3.594,226.9688442,6.034
11,Dept-07,2012-10-26,Home Essentials,Regular,SPLR-006,1200729.45,35,34306.56,1361681.79,74.26,3.506,226.9873637,6.034
12,Dept-10,2010-05-02,Electronics,Premium,SPLR-003,1100046.37,23,47828.1,1304392.81,49.47,2.962,126.4420645,13.975
12,Dept-06,2010-12-02,Electronics,New,SPLR-007,1117863.33,46,24301.38,1273075.32,47.87,2.946,126.4962581,13.975
12,Dept-03,2010-02-19,Home Essentials,Regular,SPLR-003,1095421.65,9,121713.52,1213045.39,54.83,2.915,126.5262857,13.975
12,Dept-06,2010-02-26,Grocery,Regular,SPLR-010,1048617.17,1,1048617.17,1188601.95,50.23,2.825,126.5522857,13.975
12,Dept-07,2010-05-03,Pharmacy,Regular,SPLR-010,1077018.27,40,26925.46,1277994.04,53.77,2.987,126.5782857,13.975
12,Dept-03,2010-12-03,Home Essentials,Regular,SPLR-001,985594.23,28,35199.79,1141841.42,50.11,2.925,126.6042857,13.975
12,Dept-02,2010-03-19,Clothing,Regular,SPLR-002,972088.34,24,40503.68,1147195.35,59.57,3.054,126.6066452,13.975
12,Dept-05,2010-03-26,Clothing,Regular,SPLR-004,981615.81,17,57742.11,1164183.66,60.06,3.083,126.6050645,13.975
12,Dept-03,2010-02-04,Clothing,Premium,SPLR-007,1011822.3,2,505911.15,1148276.94,59.84,3.086,126.6034839,14.099
12,Dept-07,2010-09-04,Home Essentials,New,SPLR-005,1041238.87,23,45271.26,1213120.09,59.25,3.09,126.6019032,14.099
12,Dept-06,2010-04-16,Home Essentials,Premium,SPLR-005,957997.52,40,23949.94,1068435.63,64.95,3.109,126.5621,14.099
12,Dept-10,2010-04-23,Grocery,Regular,SPLR-001,993833.44,45,22085.19,1125663.22,64.55,3.05,126.4713333,14.099
12,Dept-09,2010-04-30,Clothing,Regular,SPLR-002,954220.22,37,25789.74,1139076.8,67.38,3.105,126.3805667,14.099
12,Dept-02,2010-07-05,Electronics,Premium,SPLR-004,1043240.27,31,33652.91,1223298.73,70.15,3.127,126.2898,14.099
12,Dept-06,2010-05-14,Home Essentials,Regular,SPLR-006,966054.97,37,26109.59,1126992.35,68.44,3.145,126.2085484,14.099
12,Dept-07,2010-05-21,Home Essentials,Premium,SPLR-004,958374.56,38,25220.38,1135587.67,76.2,3.12,126.1843871,14.099
12,Dept-10,2010-05-28,Clothing,Regular,SPLR-007,955451.16,14,68246.51,1114322.99,67.84,3.058,126.1602258,14.099
12,Dept-09,2010-04-06,Clothing,New,SPLR-002,1049357.36,21,49969.4,1233153.65,81.39,2.941,126.1360645,14.099
12,Dept-08,2010-11-06,Electronics,Regular,SPLR-004,1016039.71,11,92367.25,1206513.93,90.84,2.949,126.1119032,14.099
12,Dept-08,2010-06-18,Clothing,Regular,SPLR-003,956211.2,31,30845.52,1058740.91,81.06,3.043,126.114,14.099
12,Dept-03,2010-06-25,Pharmacy,Premium,SPLR-009,958007.69,28,34214.56,1085574.12,87.27,3.084,126.1266,14.099
12,Dept-05,2010-02-07,Electronics,Regular,SPLR-006,951957.31,46,20694.72,1105580.03,91.98,3.105,126.1392,14.18
12,Dept-04,2010-09-07,Home Essentials,New,SPLR-006,943506.28,8,117938.28,1130144.22,90.37,3.1,126.1518,14.18
12,Dept-08,2010-07-16,Home Essentials,Premium,SPLR-009,916402.76,32,28637.59,1096389.64,97.18,3.094,126.1498065,14.18
12,Dept-04,2010-07-23,Grocery,Regular,SPLR-003,912403.67,5,182480.73,1040434.92,99.22,3.112,126.1283548,14.18
12,Dept-06,2010-07-30,Grocery,Premium,SPLR-005,913548.25,40,22838.71,1024846.29,96.31,3.017,126.1069032,14.18
12,Dept-05,2010-06-08,Home Essentials,Regular,SPLR-002,967576.95,19,50925.1,1071270.91,92.95,3.123,126.0854516,14.18
12,Dept-04,2010-08-13,Clothing,Regular,SPLR-002,928264.4,37,25088.23,1044450.76,87.01,3.159,126.064,14.18
12,Dept-05,2010-08-20,Clothing,New,SPLR-010,948447.34,7,135492.48,1104730.07,92.81,3.041,126.0766452,14.18
12,Dept-06,2010-08-27,Clothing,Premium,SPLR-009,1004516.46,48,20927.43,1137247.93,93.19,3.129,126.0892903,14.18
12,Dept-04,2010-03-09,Clothing,Regular,SPLR-005,1075758.55,41,26238.01,1209738.63,83.12,3.087,126.1019355,14.18
12,Dept-04,2010-10-09,Clothing,Premium,SPLR-006,903119.03,33,27367.24,1038180.11,83.63,3.044,126.1145806,14.18
12,Dept-05,2010-09-17,Electronics,Regular,SPLR-009,852882.61,16,53305.16,965711.78,82.45,3.028,126.1454667,14.18
12,Dept-02,2010-09-24,Home Essentials,Regular,SPLR-007,851919.34,44,19361.8,950781.28,81.77,2.939,126.1900333,14.18
12,Dept-02,2010-01-10,Clothing,Premium,SPLR-001,850936.26,5,170187.25,978644.68,85.2,3.001,126.2346,14.313
12,Dept-06,2010-08-10,Electronics,Regular,SPLR-006,918335.68,18,51018.65,1064340.86,71.82,3.013,126.2791667,14.313
12,Dept-07,2010-10-15,Pharmacy,New,SPLR-005,862419.84,14,61601.42,1007533.38,75.0,2.976,126.3266774,14.313
12,Dept-01,2010-10-22,Home Essentials,Regular,SPLR-006,857883.46,5,171576.69,1017551.52,68.85,3.014,126.3815484,14.313
12,Dept-08,2010-10-29,Grocery,Regular,SPLR-003,955294.7,33,28948.32,1084255.99,61.09,3.016,126.4364194,14.313
12,Dept-01,2010-05-11,Pharmacy,Regular,SPLR-001,929690.71,6,154948.45,1061086.67,65.49,3.129,126.4912903,14.313
12,Dept-09,2010-12-11,Electronics,Regular,SPLR-007,942475.24,5,188495.05,1045326.2,57.79,3.13,126.5461613,14.313
12,Dept-04,2010-11-19,Grocery,Regular,SPLR-010,894493.7,14,63892.41,1067632.92,58.18,3.161,126.6072,14.313
12,Dept-03,2010-11-26,Pharmacy,Premium,SPLR-008,1601377.41,39,41060.96,1909787.59,47.66,3.162,126.6692667,14.313
12,Dept-05,2010-03-12,Clothing,Regular,SPLR-005,1069533.17,31,34501.07,1245824.42,43.33,3.041,126.7313333,14.313
12,Dept-08,2010-10-12,Home Essentials,Premium,SPLR-010,1121934.15,43,26091.49,1279966.84,50.01,3.203,126.7934,14.313
12,Dept-03,2010-12-17,Grocery,Premium,SPLR-008,1295605.35,37,35016.36,1512932.6,52.77,3.236,126.8794839,14.313
12,Dept-10,2010-12-24,Electronics,Premium,SPLR-009,1768249.89,35,50521.43,2063741.03,52.02,3.236,126.9835806,14.313
12,Dept-09,2010-12-31,Home Essentials,Regular,SPLR-010,891736.91,7,127390.99,1017014.67,45.64,3.148,127.0876774,14.313
12,Dept-01,2011-07-01,Electronics,Regular,SPLR-004,910110.24,9,101123.36,1019890.72,37.64,3.287,127.1917742,14.021
12,Dept-09,2011-01-14,Pharmacy,Regular,SPLR-010,812011.8,49,16571.67,974123.03,43.15,3.312,127.3009355,14.021
12,Dept-09,2011-01-21,Pharmacy,Regular,SPLR-002,802105.5,42,19097.75,910697.05,53.53,3.223,127.4404839,14.021
12,Dept-06,2011-01-28,Electronics,Regular,SPLR-003,873119.06,21,41577.1,1021619.93,50.74,3.342,127.5800323,14.021
12,Dept-10,2011-04-02,Grocery,Premium,SPLR-008,1046068.17,35,29887.66,1229515.56,45.14,3.348,127.7195806,14.021
12,Dept-01,2011-11-02,Pharmacy,Premium,SPLR-008,1086421.57,27,40237.84,1249176.33,51.3,3.381,127.859129,14.021
12,Dept-10,2011-02-18,Electronics,Regular,SPLR-004,1128485.1,1,1128485.1,1242528.02,53.35,3.43,127.99525,14.021
12,Dept-02,2011-02-25,Electronics,New,SPLR-005,1046203.72,25,41848.15,1198264.48,48.45,3.53,128.13,14.021
12,Dept-04,2011-04-03,Electronics,Premium,SPLR-006,1085248.21,9,120583.13,1274025.37,51.72,3.674,128.26475,14.021
12,Dept-03,2011-11-03,Home Essentials,Regular,SPLR-004,997672.62,37,26964.12,1107630.88,57.75,3.818,128.3995,14.021
12,Dept-05,2011-03-18,Clothing,Regular,SPLR-003,1009502.01,6,168250.34,1185817.69,64.21,3.692,128.5121935,14.021
12,Dept-10,2011-03-25,Pharmacy,New,SPLR-009,954107.32,44,21684.26,1057929.81,54.4,3.909,128.6160645,14.021
12,Dept-02,2011-01-04,Clothing,New,SPLR-001,1005463.49,19,52919.13,1161018.78,63.63,3.772,128.7199355,13.736
12,Dept-05,2011-08-04,Grocery,Regular,SPLR-006,998362.05,24,41598.42,1101570.58,64.47,4.003,128.8238065,13.736
12,Dept-03,2011-04-15,Grocery,Premium,SPLR-010,990951.77,23,43084.86,1149527.06,57.63,3.868,128.9107333,13.736
12,Dept-05,2011-04-22,Grocery,Regular,SPLR-004,1016019.47,2,508009.74,1149181.02,72.12,4.134,128.9553,13.736
12,Dept-05,2011-04-29,Home Essentials,Regular,SPLR-004,994966.1,2,497483.05,1167103.93,68.27,4.151,128.9998667,13.736
12,Dept-05,2011-06-05,Electronics,Regular,SPLR-007,1021154.48,24,42548.1,1177244.07,68.4,4.193,129.0444333,13.736
12,Dept-06,2011-05-13,Electronics,New,SPLR-001,977033.5,34,28736.28,1149148.86,70.93,4.202,129.089,13.736
12,Dept-05,2011-05-20,Grocery,New,SPLR-001,924134.99,14,66009.64,1060060.21,66.59,4.169,129.0756774,13.736
12,Dept-07,2011-05-27,Grocery,New,SPLR-009,964332.51,39,24726.47,1110233.79,76.67,4.087,129.0623548,13.736
12,Dept-07,2011-03-06,Grocery,Regular,SPLR-008,970328.68,8,121291.08,1121260.01,71.81,4.031,129.0490323,13.736
12,Dept-01,2011-10-06,Clothing,Regular,SPLR-007,996937.95,2,498468.98,1163578.85,78.72,3.981,129.0357097,13.736
12,Dept-03,2011-06-17,Home Essentials,Regular,SPLR-004,986504.93,33,29894.09,1174188.67,86.84,3.935,129.0432,13.736
12,Dept-08,2011-06-24,Electronics,Premium,SPLR-010,997282.75,22,45331.03,1196143.8,88.95,3.898,129.0663,13.736
12,Dept-03,2011-01-07,Clothing,Regular,SPLR-007,961993.34,42,22904.6,1099433.82,89.85,3.842,129.0894,13.503
12,Dept-09,2011-08-07,Electronics,Regular,SPLR-005,943717.38,32,29491.17,1061130.38,89.9,3.705,129.1125,13.503
12,Dept-01,2011-07-15,Home Essentials,Regular,SPLR-005,936001.98,26,36000.08,1104475.56,88.1,3.692,129.1338387,13.503
12,Dept-03,2011-07-22,Grocery,New,SPLR-002,922231.92,14,65873.71,1057617.72,91.17,3.794,129.1507742,13.503
12,Dept-01,2011-07-29,Grocery,New,SPLR-006,890547.07,37,24068.84,1062339.65,93.29,3.805,129.1677097,13.503
12,Dept-10,2011-05-08,Pharmacy,Regular,SPLR-010,988712.52,29,34093.54,1146867.09,90.61,3.803,129.1846452,13.503
12,Dept-09,2011-12-08,Grocery,Regular,SPLR-001,955913.68,10,95591.37,1114696.33,91.04,3.701,129.2015806,13.503
12,Dept-10,2011-08-19,Grocery,Premium,SPLR-002,966817.24,18,53712.07,1104462.39,91.74,3.743,129.2405806,13.503
12,Dept-02,2011-08-26,Electronics,Regular,SPLR-005,1017593.47,28,36342.62,1150749.16,94.61,3.74,129.2832581,13.503
12,Dept-02,2011-02-09,Electronics,Regular,SPLR-001,1052051.45,43,24466.31,1209445.21,93.66,3.798,129.3259355,13.503
12,Dept-01,2011-09-09,Grocery,New,SPLR-005,922850.57,8,115356.32,1025484.91,88.0,3.913,129.3686129,13.503
12,Dept-07,2011-09-16,Home Essentials,Regular,SPLR-002,889290.23,7,127041.46,1040910.97,76.36,3.918,129.4306,13.503
12,Dept-03,2011-09-23,Grocery,Premium,SPLR-003,871692.74,5,174338.55,973398.74,82.95,3.789,129.5183333,13.503
12,Dept-05,2011-09-30,Pharmacy,Regular,SPLR-005,866401.45,7,123771.64,989808.96,83.26,3.877,129.6060667,13.503
12,Dept-04,2011-07-10,Pharmacy,New,SPLR-004,951244.66,47,20239.25,1079714.15,70.44,3.827,129.6938,12.89
12,Dept-08,2011-10-14,Home Essentials,Regular,SPLR-003,927600.01,17,54564.71,1088043.12,67.31,3.805,129.7706452,12.89
12,Dept-05,2011-10-21,Clothing,Regular,SPLR-005,938604.58,44,21331.92,1126208.34,73.05,3.842,129.7821613,12.89
12,Dept-07,2011-10-28,Pharmacy,Regular,SPLR-008,990926.38,20,49546.32,1175006.26,67.41,3.727,129.7936774,12.89
12,Dept-04,2011-04-11,Electronics,Regular,SPLR-005,1051944.79,1,1051944.79,1204259.13,59.77,3.828,129.8051935,12.89
12,Dept-04,2011-11-11,Clothing,Regular,SPLR-004,1095091.53,20,54754.58,1247959.54,48.76,3.824,129.8167097,12.89
12,Dept-10,2011-11-18,Pharmacy,Regular,SPLR-006,970641.34,11,88240.12,1074510.39,54.2,3.813,129.8268333,12.89
12,Dept-09,2011-11-25,Clothing,Regular,SPLR-008,1591920.42,11,144720.04,1849274.76,53.25,3.622,129.8364,12.89
12,Dept-04,2011-02-12,Home Essentials,Regular,SPLR-004,1071383.1,29,36944.24,1251589.05,52.5,3.701,129.8459667,12.89
12,Dept-10,2011-09-12,Electronics,Regular,SPLR-010,1189646.45,36,33045.73,1349088.0,42.17,3.644,129.8555333,12.89
12,Dept-04,2011-12-16,Electronics,Regular,SPLR-006,1293404.18,10,129340.42,1451673.87,43.29,3.6,129.8980645,12.89
12,Dept-03,2011-12-23,Grocery,Regular,SPLR-007,1617612.03,28,57771.86,1883739.96,45.4,3.541,129.9845484,12.89
12,Dept-03,2011-12-30,Pharmacy,Regular,SPLR-010,1111638.07,47,23651.87,1235235.21,44.64,3.428,130.0710323,12.89
12,Dept-01,2012-06-01,Home Essentials,Regular,SPLR-010,945823.65,16,59113.98,1076171.9,50.43,3.599,130.1575161,12.187
12,Dept-02,2012-01-13,Clothing,Regular,SPLR-008,865467.86,30,28848.93,994994.6,48.07,3.657,130.244,12.187
12,Dept-08,2012-01-20,Pharmacy,Premium,SPLR-008,855922.64,39,21946.73,958981.5,46.2,3.66,130.2792258,12.187
12,Dept-01,2012-01-27,Home Essentials,Regular,SPLR-004,888203.69,11,80745.79,1031202.74,50.43,3.675,130.3144516,12.187
12,Dept-04,2012-03-02,Electronics,Regular,SPLR-001,1058767.95,7,151252.56,1266195.69,50.58,3.702,130.3496774,12.187
12,Dept-04,2012-10-02,Grocery,New,SPLR-009,1199330.85,36,33314.75,1323957.28,52.27,3.722,130.3849032,12.187
12,Dept-08,2012-02-17,Home Essentials,Regular,SPLR-004,1240048.85,31,40001.58,1389464.29,51.8,3.781,130.4546207,12.187
12,Dept-01,2012-02-24,Home Essentials,New,SPLR-003,1112034.72,31,35872.09,1302428.25,53.13,3.95,130.5502069,12.187
12,Dept-04,2012-02-03,Grocery,Regular,SPLR-009,1147636.96,1,1147636.96,1350300.0,52.27,4.178,130.6457931,12.187
12,Dept-08,2012-09-03,Clothing,Regular,SPLR-008,1113208.57,19,58589.92,1285435.41,54.54,4.25,130.7413793,12.187
12,Dept-10,2012-03-16,Grocery,Regular,SPLR-005,1088498.52,45,24188.86,1265408.37,64.44,4.273,130.8261935,12.187
12,Dept-07,2012-03-23,Home Essentials,Regular,SPLR-002,1045419.87,22,47519.08,1221822.25,56.26,4.038,130.8966452,12.187
12,Dept-08,2012-03-30,Electronics,Regular,SPLR-007,1025382.22,49,20926.17,1165571.12,64.36,4.294,130.9670968,12.187
12,Dept-04,2012-06-04,Clothing,Regular,SPLR-004,1128765.71,21,53750.75,1259151.13,64.05,4.121,131.0375484,11.627
12,Dept-01,2012-04-13,Electronics,Premium,SPLR-005,1083811.19,32,33869.1,1250414.78,64.28,4.254,131.108,11.627
12,Dept-09,2012-04-20,Pharmacy,Regular,SPLR-005,1006486.96,6,167747.83,1151703.75,66.73,4.222,131.1173333,11.627
12,Dept-05,2012-04-27,Pharmacy,New,SPLR-004,1004252.38,12,83687.7,1186270.81,77.99,4.193,131.1266667,11.627
12,Dept-02,2012-04-05,Electronics,New,SPLR-002,1073433.69,2,536716.84,1224605.67,76.03,4.171,131.136,11.627
12,Dept-08,2012-11-05,Clothing,Regular,SPLR-002,1041995.22,29,35930.87,1201537.46,77.27,4.186,131.1453333,11.627
12,Dept-07,2012-05-18,Clothing,Regular,SPLR-007,1020486.05,42,24297.29,1165343.97,84.51,4.11,131.0983226,11.627
12,Dept-03,2012-05-25,Electronics,Regular,SPLR-009,991514.21,36,27542.06,1122396.97,83.84,4.293,131.0287742,11.627
12,Dept-04,2012-01-06,Pharmacy,Regular,SPLR-003,981345.2,9,109038.36,1084399.09,78.11,4.277,130.9592258,11.627
12,Dept-04,2012-08-06,Pharmacy,Regular,SPLR-008,1086231.47,18,60346.19,1261749.63,84.83,4.103,130.8896774,11.627
12,Dept-08,2012-06-15,Clothing,New,SPLR-005,1019555.51,33,30895.62,1162178.5,85.94,4.144,130.8295333,11.627
12,Dept-01,2012-06-22,Clothing,Regular,SPLR-004,981386.25,1,981386.25,1165883.3,91.61,4.014,130.7929,11.627
12,Dept-09,2012-06-29,Electronics,Premium,SPLR-010,943124.74,9,104791.64,1114595.72,90.47,3.875,130.7562667,11.627
12,Dept-09,2012-06-07,Clothing,New,SPLR-008,1014898.78,1,1014898.78,1169057.14,89.13,3.765,130.7196333,10.926
12,Dept-02,2012-07-13,Pharmacy,Regular,SPLR-006,960312.75,38,25271.39,1083315.97,95.61,3.723,130.683,10.926
12,Dept-05,2012-07-20,Pharmacy,Premium,SPLR-002,941550.34,1,941550.34,1071467.16,85.53,3.726,130.7012903,10.926
12,Dept-05,2012-07-27,Electronics,New,SPLR-002,916967.92,1,916967.92,1084345.15,93.47,3.769,130.7195806,10.926
12,Dept-07,2012-03-08,Grocery,Regular,SPLR-003,958667.23,33,29050.52,1126904.17,88.16,3.76,130.737871,10.926
12,Dept-06,2012-10-08,Clothing,New,SPLR-007,984689.9,7,140669.99,1089513.98,95.91,3.811,130.7561613,10.926
12,Dept-10,2012-08-17,Home Essentials,Regular,SPLR-008,1005003.12,16,62812.7,1149812.06,94.87,4.002,130.7909677,10.926
12,Dept-03,2012-08-24,Grocery,Regular,SPLR-006,1048101.39,26,40311.59,1250098.28,85.32,4.055,130.8381613,10.926
12,Dept-09,2012-08-31,Electronics,New,SPLR-005,1061943.49,10,106194.35,1244712.49,89.78,4.093,130.8853548,10.926
12,Dept-09,2012-07-09,Home Essentials,Regular,SPLR-005,955146.04,28,34112.36,1138028.21,88.52,4.124,130.9325484,10.926
12,Dept-08,2012-09-14,Pharmacy,Premium,SPLR-008,885892.37,26,34072.78,1056378.61,83.64,4.133,130.9776667,10.926
12,Dept-02,2012-09-21,Pharmacy,Regular,SPLR-002,922735.37,7,131819.34,1030946.29,82.97,4.125,131.0103333,10.926
12,Dept-01,2012-09-28,Pharmacy,Premium,SPLR-006,880415.67,21,41924.56,1025256.32,81.22,3.966,131.043,10.926
12,Dept-04,2012-05-10,Home Essentials,Premium,SPLR-001,979825.92,10,97982.59,1134583.96,81.61,3.966,131.0756667,10.199
12,Dept-05,2012-12-10,Pharmacy,Premium,SPLR-007,934917.47,16,58432.34,1032483.35,71.74,4.468,131.1083333,10.199
12,Dept-08,2012-10-19,Home Essentials,Regular,SPLR-004,960945.43,41,23437.69,1143409.4,68.66,4.449,131.1499677,10.199
12,Dept-03,2012-10-26,Electronics,Regular,SPLR-007,974697.6,20,48734.88,1073061.23,65.95,4.301,131.1930968,10.199
13,Dept-02,2010-05-02,Electronics,New,SPLR-002,1967220.53,36,54645.01,2171503.51,31.53,2.666,126.4420645,8.316
13,Dept-10,2010-12-02,Home Essentials,New,SPLR-003,2030933.46,14,145066.68,2284510.23,33.16,2.671,126.4962581,8.316
13,Dept-06,2010-02-19,Grocery,New,SPLR-007,1970274.64,16,123142.16,2286446.49,35.7,2.654,126.5262857,8.316
13,Dept-01,2010-02-26,Pharmacy,Regular,SPLR-007,1817850.32,30,60595.01,2179338.95,29.98,2.667,126.5522857,8.316
13,Dept-03,2010-05-03,Grocery,New,SPLR-005,1939980.43,17,114116.5,2239802.04,40.65,2.681,126.5782857,8.316
13,Dept-07,2010-12-03,Grocery,Regular,SPLR-003,1840686.94,28,65738.82,2158629.23,37.62,2.733,126.6042857,8.316
13,Dept-07,2010-03-19,Pharmacy,Regular,SPLR-010,1879794.89,11,170890.44,2231590.26,42.49,2.782,126.6066452,8.316
13,Dept-08,2010-03-26,Pharmacy,Regular,SPLR-002,1882095.98,24,78420.67,2121819.01,41.48,2.819,126.6050645,8.316
13,Dept-04,2010-02-04,Home Essentials,Regular,SPLR-002,2142482.14,10,214248.21,2469037.72,42.15,2.842,126.6034839,8.107
13,Dept-03,2010-09-04,Electronics,Regular,SPLR-002,1898321.33,1,1898321.33,2123617.07,38.97,2.877,126.6019032,8.107
13,Dept-02,2010-04-16,Electronics,Regular,SPLR-008,1819660.44,42,43325.25,2101982.21,50.39,2.915,126.5621,8.107
13,Dept-08,2010-04-23,Home Essentials,Regular,SPLR-001,1909330.77,8,238666.35,2192880.18,55.66,2.936,126.4713333,8.107
13,Dept-03,2010-04-30,Pharmacy,Premium,SPLR-006,1785823.37,11,162347.58,2104925.33,48.33,2.941,126.3805667,8.107
13,Dept-08,2010-07-05,Electronics,Regular,SPLR-004,2005478.46,36,55707.74,2395557.26,44.42,2.948,126.2898,8.107
13,Dept-07,2010-05-14,Pharmacy,Premium,SPLR-002,1890273.44,24,78761.39,2203252.2,50.15,2.962,126.2085484,8.107
13,Dept-03,2010-05-21,Clothing,Regular,SPLR-005,1853657.6,8,231707.2,2062691.59,57.71,2.95,126.1843871,8.107
13,Dept-05,2010-05-28,Clothing,New,SPLR-001,1877358.86,22,85334.49,2160360.04,53.11,2.908,126.1602258,8.107
13,Dept-05,2010-04-06,Grocery,Premium,SPLR-002,2022705.22,14,144478.94,2346437.5,59.85,2.871,126.1360645,8.107
13,Dept-10,2010-11-06,Clothing,Regular,SPLR-008,2037880.96,32,63683.78,2414060.6,65.24,2.841,126.1119032,8.107
13,Dept-02,2010-06-18,Electronics,Premium,SPLR-002,2003435.31,37,54146.9,2250799.82,58.41,2.819,126.114,8.107
13,Dept-05,2010-06-25,Pharmacy,New,SPLR-005,1970340.25,1,1970340.25,2199906.94,71.83,2.82,126.1266,8.107
13,Dept-04,2010-02-07,Home Essentials,Premium,SPLR-010,2018314.71,17,118724.39,2307710.52,78.82,2.814,126.1392,7.951
13,Dept-09,2010-09-07,Clothing,New,SPLR-003,1870843.9,7,267263.41,2067406.3,71.33,2.802,126.1518,7.951
13,Dept-05,2010-07-16,Electronics,New,SPLR-005,1932231.05,38,50848.19,2268496.2,77.79,2.791,126.1498065,7.951
13,Dept-07,2010-07-23,Electronics,Regular,SPLR-007,1907351.2,44,43348.89,2272266.71,82.27,2.797,126.1283548,7.951
13,Dept-01,2010-07-30,Pharmacy,Regular,SPLR-003,1817887.23,38,47839.14,2139570.5,78.94,2.797,126.1069032,7.951
13,Dept-08,2010-06-08,Clothing,Regular,SPLR-003,1969121.45,45,43758.25,2207059.82,81.24,2.802,126.0854516,7.951
13,Dept-07,2010-08-13,Home Essentials,Regular,SPLR-002,1877592.55,42,44704.58,2247683.81,74.93,2.837,126.064,7.951
13,Dept-03,2010-08-20,Electronics,Regular,SPLR-007,1997397.63,5,399479.53,2314691.72,76.34,2.85,126.0766452,7.951
13,Dept-10,2010-08-27,Electronics,New,SPLR-009,1908278.27,14,136305.59,2193066.18,75.31,2.854,126.0892903,7.951
13,Dept-04,2010-03-09,Home Essentials,Regular,SPLR-010,1911852.58,24,79660.52,2285067.87,65.71,2.868,126.1019355,7.951
13,Dept-01,2010-10-09,Electronics,Premium,SPLR-010,1772143.94,18,98452.44,1999903.47,65.74,2.87,126.1145806,7.951
13,Dept-09,2010-09-17,Electronics,Regular,SPLR-007,1790279.74,24,74594.99,2137895.09,66.84,2.875,126.1454667,7.951
13,Dept-10,2010-09-24,Grocery,Regular,SPLR-007,1705655.09,40,42641.38,2019025.05,68.22,2.872,126.1900333,7.951
13,Dept-02,2010-01-10,Home Essentials,New,SPLR-007,1765584.48,48,36783.01,2004506.67,68.74,2.853,126.2346,7.795
13,Dept-03,2010-08-10,Clothing,Regular,SPLR-005,1871924.07,29,64549.11,2210783.78,63.03,2.841,126.2791667,7.795
13,Dept-09,2010-10-15,Home Essentials,Regular,SPLR-005,1851431.06,31,59723.58,2194336.07,54.12,2.845,126.3266774,7.795
13,Dept-04,2010-10-22,Clothing,Regular,SPLR-007,1796949.59,8,224618.7,2112836.56,56.89,2.849,126.3815484,7.795
13,Dept-05,2010-10-29,Home Essentials,New,SPLR-004,1887895.07,12,157324.59,2163207.94,45.12,2.841,126.4364194,7.795
13,Dept-07,2010-05-11,Electronics,Regular,SPLR-008,1854967.66,3,618322.55,2090361.08,49.96,2.831,126.4912903,7.795
13,Dept-09,2010-12-11,Home Essentials,Regular,SPLR-009,1939964.63,29,66895.33,2199394.07,42.55,2.831,126.5461613,7.795
13,Dept-05,2010-11-19,Home Essentials,Regular,SPLR-007,1925393.91,6,320898.98,2213187.65,42.0,2.842,126.6072,7.795
13,Dept-06,2010-11-26,Clothing,Regular,SPLR-008,2766400.05,12,230533.34,3319648.62,28.22,2.83,126.6692667,7.795
13,Dept-08,2010-03-12,Home Essentials,Premium,SPLR-006,2083379.89,30,69446.0,2322784.52,25.8,2.812,126.7313333,7.795
13,Dept-05,2010-10-12,Grocery,Regular,SPLR-002,2461468.35,17,144792.26,2816710.66,36.78,2.817,126.7934,7.795
13,Dept-02,2010-12-17,Home Essentials,Regular,SPLR-010,2771646.81,23,120506.38,3218589.76,35.21,2.842,126.8794839,7.795
13,Dept-02,2010-12-24,Clothing,Regular,SPLR-004,3595903.2,49,73385.78,4216254.43,34.9,2.846,126.9835806,7.795
13,Dept-08,2010-12-31,Home Essentials,Regular,SPLR-009,1675292.0,36,46535.89,1851240.48,26.79,2.868,127.0876774,7.795
13,Dept-02,2011-07-01,Electronics,Premium,SPLR-010,1744544.39,16,109034.02,1922760.87,16.94,2.891,127.1917742,7.47
13,Dept-10,2011-01-14,Clothing,Regular,SPLR-002,1682316.31,3,560772.1,2007602.49,20.6,2.903,127.3009355,7.47
13,Dept-05,2011-01-21,Clothing,Premium,SPLR-007,1770177.37,5,354035.47,1986561.7,34.8,2.934,127.4404839,7.47
13,Dept-01,2011-01-28,Clothing,Regular,SPLR-005,1633663.12,33,49504.94,1875491.81,31.64,2.96,127.5800323,7.47
13,Dept-03,2011-04-02,Electronics,Regular,SPLR-008,1848186.58,23,80355.94,2041144.6,23.35,2.974,127.7195806,7.47
13,Dept-05,2011-11-02,Home Essentials,New,SPLR-009,1944438.9,20,97221.94,2258462.41,30.83,3.034,127.859129,7.47
13,Dept-07,2011-02-18,Home Essentials,Regular,SPLR-007,2003480.59,47,42627.25,2323888.58,40.85,3.062,127.99525,7.47
13,Dept-09,2011-02-25,Pharmacy,New,SPLR-002,1831933.95,47,38977.32,2175112.82,33.17,3.12,128.13,7.47
13,Dept-03,2011-04-03,Grocery,Premium,SPLR-002,1894960.68,8,236870.08,2120818.29,34.23,3.23,128.26475,7.47
13,Dept-10,2011-11-03,Electronics,Regular,SPLR-005,1852432.58,16,115777.04,2083422.82,41.28,3.346,128.3995,7.47
13,Dept-01,2011-03-18,Clothing,Premium,SPLR-001,1852443.78,40,46311.09,2100427.67,44.69,3.407,128.5121935,7.47
13,Dept-03,2011-03-25,Electronics,Regular,SPLR-002,1807545.43,37,48852.58,2047430.44,42.38,3.435,128.6160645,7.47
13,Dept-05,2011-01-04,Clothing,Regular,SPLR-004,1864238.64,32,58257.46,2175764.59,42.49,3.487,128.7199355,7.193
13,Dept-08,2011-08-04,Grocery,Premium,SPLR-010,1887465.04,9,209718.34,2141933.82,42.75,3.547,128.8238065,7.193
13,Dept-09,2011-04-15,Pharmacy,Premium,SPLR-008,1950994.04,9,216777.12,2187055.27,41.72,3.616,128.9107333,7.193
13,Dept-07,2011-04-22,Home Essentials,Regular,SPLR-001,2124316.34,47,45198.22,2452326.11,47.55,3.655,128.9553,7.193
13,Dept-02,2011-04-29,Pharmacy,Regular,SPLR-006,1895583.12,1,1895583.12,2214726.44,43.85,3.683,128.9998667,7.193
13,Dept-02,2011-06-05,Home Essentials,Regular,SPLR-008,1986380.4,16,124148.78,2227113.32,47.75,3.744,129.0444333,7.193
13,Dept-06,2011-05-13,Grocery,Premium,SPLR-003,1958823.56,44,44518.72,2191519.24,52.4,3.77,129.089,7.193
13,Dept-07,2011-05-20,Pharmacy,Premium,SPLR-005,1860923.55,43,43277.29,2162647.32,52.12,3.802,129.0756774,7.193
13,Dept-07,2011-05-27,Home Essentials,Regular,SPLR-002,1866369.93,9,207374.44,2144695.8,54.62,3.778,129.0623548,7.193
13,Dept-05,2011-03-06,Clothing,Premium,SPLR-002,1935593.87,13,148891.84,2145716.7,52.76,3.752,129.0490323,7.193
13,Dept-07,2011-10-06,Home Essentials,Regular,SPLR-002,1997816.98,5,399563.4,2306633.14,61.39,3.732,129.0357097,7.193
13,Dept-10,2011-06-17,Clothing,New,SPLR-008,2086433.49,45,46365.19,2474980.26,63.35,3.704,129.0432,7.193
13,Dept-06,2011-06-24,Home Essentials,Premium,SPLR-002,2009163.08,24,83715.13,2359448.73,66.38,3.668,129.0663,7.193
13,Dept-04,2011-01-07,Clothing,New,SPLR-006,2048035.74,34,60236.35,2262436.36,74.29,3.613,129.0894,6.877
13,Dept-04,2011-08-07,Electronics,Regular,SPLR-006,2021699.38,45,44926.65,2312801.3,77.3,3.563,129.1125,6.877
13,Dept-06,2011-07-15,Clothing,Regular,SPLR-001,1956813.31,24,81533.89,2333251.95,75.59,3.553,129.1338387,6.877
13,Dept-10,2011-07-22,Grocery,Premium,SPLR-010,1987089.36,17,116887.61,2245844.9,78.5,3.563,129.1507742,6.877
13,Dept-08,2011-07-29,Home Essentials,Regular,SPLR-001,1880785.69,23,81773.29,2113437.94,77.62,3.574,129.1677097,6.877
13,Dept-05,2011-05-08,Electronics,New,SPLR-009,2076231.8,10,207623.18,2486925.08,75.56,3.595,129.1846452,6.877
13,Dept-03,2011-12-08,Home Essentials,Regular,SPLR-003,1970341.38,42,46912.89,2210579.87,75.95,3.606,129.2015806,6.877
13,Dept-03,2011-08-19,Home Essentials,Regular,SPLR-003,2090340.98,49,42660.02,2351499.55,76.68,3.578,129.2405806,6.877
13,Dept-10,2011-08-26,Pharmacy,New,SPLR-001,2035244.54,9,226138.28,2324894.05,81.53,3.57,129.2832581,6.877
13,Dept-07,2011-02-09,Pharmacy,Regular,SPLR-008,1953628.82,2,976814.41,2333824.44,77.0,3.58,129.3259355,6.877
13,Dept-04,2011-09-09,Clothing,Premium,SPLR-006,1872921.31,45,41620.47,2163185.38,70.19,3.619,129.3686129,6.877
13,Dept-05,2011-09-16,Grocery,Regular,SPLR-008,1923223.82,40,48080.6,2185861.48,67.54,3.641,129.4306,6.877
13,Dept-06,2011-09-23,Clothing,Regular,SPLR-008,1847430.96,28,65979.68,2209020.44,63.6,3.648,129.5183333,6.877
13,Dept-03,2011-09-30,Grocery,New,SPLR-006,1835662.69,24,76485.95,2175164.42,68.28,3.623,129.6060667,6.877
13,Dept-09,2011-07-10,Pharmacy,Regular,SPLR-008,2067232.56,46,44939.84,2452389.9,60.62,3.592,129.6938,6.392
13,Dept-01,2011-10-14,Grocery,Premium,SPLR-003,1929659.07,37,52152.95,2127139.33,51.74,3.567,129.7706452,6.392
13,Dept-05,2011-10-21,Electronics,New,SPLR-009,1973544.27,49,40276.41,2281134.35,54.66,3.579,129.7821613,6.392
13,Dept-09,2011-10-28,Clothing,New,SPLR-010,1948733.81,37,52668.48,2179636.66,47.41,3.567,129.7936774,6.392
13,Dept-04,2011-04-11,Grocery,Regular,SPLR-007,2036317.54,22,92559.89,2421775.68,43.51,3.538,129.8051935,6.392
13,Dept-05,2011-11-11,Pharmacy,New,SPLR-001,2111592.09,33,63987.64,2479598.1,33.8,3.513,129.8167097,6.392
13,Dept-04,2011-11-18,Pharmacy,Regular,SPLR-009,2016323.51,46,43833.12,2305088.45,40.65,3.489,129.8268333,6.392
13,Dept-07,2011-11-25,Grocery,Regular,SPLR-008,2864170.61,44,65094.79,3213909.32,38.89,3.445,129.8364,6.392
13,Dept-04,2011-02-12,Clothing,Regular,SPLR-005,2051315.66,10,205131.57,2266353.19,33.94,3.389,129.8459667,6.392
13,Dept-02,2011-09-12,Pharmacy,Premium,SPLR-008,2462779.06,5,492555.81,2874648.77,24.82,3.341,129.8555333,6.392
13,Dept-04,2011-12-16,Electronics,Regular,SPLR-006,2760346.71,31,89043.44,3172414.77,27.85,3.282,129.8980645,6.392
13,Dept-09,2011-12-23,Grocery,Regular,SPLR-002,3556766.03,18,197598.11,4116857.62,24.76,3.186,129.9845484,6.392
13,Dept-07,2011-12-30,Grocery,Regular,SPLR-010,1969056.91,12,164088.08,2212002.43,31.53,3.119,130.0710323,6.392
13,Dept-04,2012-06-01,Clothing,Regular,SPLR-001,1865752.78,35,53307.22,2209409.53,33.8,3.08,130.1575161,6.104
13,Dept-07,2012-01-13,Grocery,New,SPLR-006,1794962.64,44,40794.61,2004696.97,25.61,3.056,130.244,6.104
13,Dept-04,2012-01-20,Clothing,Regular,SPLR-002,1811606.21,2,905803.1,2014248.61,32.71,3.047,130.2792258,6.104
13,Dept-02,2012-01-27,Home Essentials,New,SPLR-006,1733983.09,16,108373.94,2053702.93,34.32,3.058,130.3144516,6.104
13,Dept-02,2012-03-02,Grocery,Regular,SPLR-005,1927780.74,11,175252.79,2170845.34,31.39,3.077,130.3496774,6.104
13,Dept-03,2012-10-02,Home Essentials,Regular,SPLR-009,2069284.57,15,137952.3,2338689.96,33.73,3.116,130.3849032,6.104
13,Dept-03,2012-02-17,Grocery,Premium,SPLR-007,2214477.06,19,116551.42,2601181.28,36.57,3.119,130.4546207,6.104
13,Dept-10,2012-02-24,Pharmacy,Regular,SPLR-008,1929768.03,20,96488.4,2310355.12,35.38,3.145,130.5502069,6.104
13,Dept-06,2012-02-03,Grocery,Regular,SPLR-004,1969742.76,22,89533.76,2346531.11,32.36,3.242,130.6457931,6.104
13,Dept-04,2012-09-03,Home Essentials,Regular,SPLR-002,1986445.65,11,180585.97,2216994.25,38.24,3.38,130.7413793,6.104
13,Dept-04,2012-03-16,Clothing,Premium,SPLR-002,2025582.62,1,2025582.62,2304651.77,52.5,3.529,130.8261935,6.104
13,Dept-04,2012-03-23,Pharmacy,Regular,SPLR-009,1904421.74,31,61432.96,2240493.73,47.83,3.671,130.8966452,6.104
13,Dept-02,2012-03-30,Home Essentials,Premium,SPLR-010,1948982.7,46,42369.19,2232711.62,53.2,3.734,130.9670968,6.104
13,Dept-07,2012-06-04,Home Essentials,Regular,SPLR-002,2271614.76,40,56790.37,2682690.28,48.85,3.793,131.0375484,5.965
13,Dept-05,2012-04-13,Home Essentials,Regular,SPLR-003,2057637.86,49,41992.61,2275552.85,51.7,3.833,131.108,5.965
13,Dept-04,2012-04-20,Home Essentials,Regular,SPLR-006,1955689.12,22,88894.96,2275768.15,50.24,3.845,131.1173333,5.965
13,Dept-09,2012-04-27,Home Essentials,New,SPLR-010,1970121.65,2,985060.82,2317888.78,64.8,3.842,131.1266667,5.965
13,Dept-06,2012-04-05,Clothing,Regular,SPLR-007,1995994.51,49,40734.58,2237588.4,54.41,3.831,131.136,5.965
13,Dept-07,2012-11-05,Electronics,New,SPLR-004,2080764.17,18,115598.01,2451399.14,56.47,3.809,131.1453333,5.965
13,Dept-08,2012-05-18,Electronics,Premium,SPLR-004,2131900.55,17,125405.91,2420318.12,65.17,3.808,131.0983226,5.965
13,Dept-09,2012-05-25,Clothing,Regular,SPLR-003,2043349.41,44,46439.76,2414047.41,62.39,3.801,131.0287742,5.965
13,Dept-03,2012-01-06,Electronics,Regular,SPLR-005,2035431.39,45,45231.81,2267425.81,61.11,3.788,130.9592258,5.965
13,Dept-04,2012-08-06,Electronics,New,SPLR-010,2182437.9,10,218243.79,2599955.16,68.4,3.776,130.8896774,5.965
13,Dept-10,2012-06-15,Grocery,Regular,SPLR-003,2152229.11,12,179352.43,2430877.37,65.97,3.756,130.8295333,5.965
13,Dept-07,2012-06-22,Clothing,Premium,SPLR-006,2094373.0,45,46541.62,2486588.5,72.89,3.737,130.7929,5.965
13,Dept-04,2012-06-29,Clothing,Regular,SPLR-010,2037663.71,27,75469.03,2252041.47,82.0,3.681,130.7562667,5.965
13,Dept-02,2012-06-07,Clothing,Premium,SPLR-006,2184980.35,21,104046.68,2569034.85,79.23,3.63,130.7196333,5.765
13,Dept-03,2012-07-13,Grocery,New,SPLR-005,2002750.99,10,200275.1,2206161.13,83.68,3.595,130.683,5.765
13,Dept-01,2012-07-20,Pharmacy,Premium,SPLR-001,2053089.32,23,89264.75,2348753.03,75.69,3.556,130.7012903,5.765
13,Dept-07,2012-07-27,Grocery,Regular,SPLR-007,1914430.53,47,40732.56,2280516.66,80.42,3.537,130.7195806,5.765
13,Dept-03,2012-03-08,Grocery,Regular,SPLR-006,2044148.23,33,61943.89,2359322.94,81.99,3.512,130.737871,5.765
13,Dept-07,2012-10-08,Home Essentials,Regular,SPLR-003,2041019.92,33,61849.09,2332535.58,81.69,3.509,130.7561613,5.765
13,Dept-08,2012-08-17,Electronics,Regular,SPLR-009,2095769.18,48,43661.86,2512161.98,79.4,3.545,130.7909677,5.765
13,Dept-02,2012-08-24,Pharmacy,Regular,SPLR-001,2059458.25,29,71015.8,2307241.85,77.37,3.582,130.8381613,5.765
13,Dept-03,2012-08-31,Pharmacy,Regular,SPLR-006,2073855.42,45,46085.68,2331627.97,79.18,3.624,130.8853548,5.765
13,Dept-07,2012-07-09,Pharmacy,Regular,SPLR-003,2165796.31,36,60161.01,2549626.62,70.65,3.689,130.9325484,5.765
13,Dept-06,2012-09-14,Clothing,New,SPLR-004,1919917.03,11,174537.91,2266182.68,68.55,3.749,130.9776667,5.765
13,Dept-02,2012-09-21,Grocery,Premium,SPLR-002,1938379.66,12,161531.64,2263787.46,67.96,3.821,131.0103333,5.765
13,Dept-02,2012-09-28,Pharmacy,Regular,SPLR-002,1927664.11,33,58414.06,2144269.86,64.8,3.821,131.043,5.765
13,Dept-05,2012-05-10,Home Essentials,New,SPLR-008,2041918.74,23,88779.08,2400937.06,61.79,3.815,131.0756667,5.621
13,Dept-06,2012-12-10,Electronics,Regular,SPLR-001,1999079.44,2,999539.72,2214055.68,55.1,3.797,131.1083333,5.621
13,Dept-05,2012-10-19,Home Essentials,New,SPLR-005,2018010.15,26,77615.77,2391949.01,52.06,3.781,131.1499677,5.621
13,Dept-06,2012-10-26,Clothing,Premium,SPLR-005,2035189.66,17,119717.04,2323874.32,46.97,3.755,131.1930968,5.621
14,Dept-04,2010-05-02,Electronics,Premium,SPLR-002,2623469.95,36,72874.17,2985363.07,27.31,2.784,181.8711898,8.992
14,Dept-08,2010-12-02,Electronics,Regular,SPLR-001,1704218.84,7,243459.83,2011490.1,27.73,2.773,181.982317,8.992
14,Dept-03,2010-02-19,Grocery,Premium,SPLR-007,2204556.7,32,68892.4,2429070.76,31.27,2.745,182.0347816,8.992
14,Dept-05,2010-02-26,Home Essentials,Regular,SPLR-003,2095591.63,26,80599.68,2409032.24,34.89,2.754,182.0774691,8.992
14,Dept-01,2010-05-03,Pharmacy,Premium,SPLR-006,2237544.75,19,117765.51,2491603.15,37.13,2.777,182.1201566,8.992
14,Dept-05,2010-12-03,Pharmacy,Regular,SPLR-009,2156035.06,41,52586.22,2400075.83,45.8,2.818,182.1628441,8.992
14,Dept-05,2010-03-19,Clothing,Premium,SPLR-004,2066219.3,4,516554.82,2347074.01,48.79,2.844,182.0779857,8.992
14,Dept-09,2010-03-26,Electronics,New,SPLR-009,2050396.27,46,44573.83,2441200.96,54.36,2.854,181.9718697,8.992
14,Dept-09,2010-02-04,Clothing,Premium,SPLR-007,2495630.51,41,60869.04,2869379.28,47.74,2.85,181.8657537,8.899
14,Dept-03,2010-09-04,Home Essentials,Regular,SPLR-006,2258781.28,40,56469.53,2530974.95,65.45,2.869,181.7596377,8.899
14,Dept-08,2010-04-16,Clothing,Regular,SPLR-008,2121788.61,41,51750.94,2416700.95,54.28,2.899,181.6924769,8.899
14,Dept-09,2010-04-23,Home Essentials,Regular,SPLR-002,2138144.91,40,53453.62,2422412.72,53.47,2.902,181.6772564,8.899
14,Dept-06,2010-04-30,Clothing,Regular,SPLR-007,2082355.12,20,104117.76,2322370.67,53.15,2.921,181.6620359,8.899
14,Dept-01,2010-07-05,Home Essentials,Regular,SPLR-003,2370116.52,21,112862.69,2751673.49,70.75,2.966,181.6468154,8.899
14,Dept-06,2010-05-14,Grocery,Regular,SPLR-001,2129771.13,17,125280.65,2485227.63,54.26,2.982,181.6612792,8.899
14,Dept-08,2010-05-21,Electronics,New,SPLR-004,2108187.1,28,75292.4,2386261.65,62.62,2.958,181.8538486,8.899
14,Dept-04,2010-05-28,Clothing,Premium,SPLR-004,2227152.16,10,222715.22,2547312.42,69.27,2.899,182.0464181,8.899
14,Dept-06,2010-04-06,Clothing,Regular,SPLR-009,2363601.47,16,147725.09,2696822.4,75.93,2.847,182.2389876,8.899
14,Dept-10,2010-11-06,Home Essentials,Premium,SPLR-005,2249570.04,17,132327.65,2670895.57,69.71,2.809,182.4315571,8.899
14,Dept-09,2010-06-18,Clothing,New,SPLR-008,2248645.59,31,72536.95,2548729.34,72.62,2.78,182.4424199,8.899
14,Dept-09,2010-06-25,Pharmacy,Premium,SPLR-009,2246179.91,43,52236.74,2599777.13,79.32,2.808,182.3806,8.899
14,Dept-04,2010-02-07,Clothing,Regular,SPLR-007,2334788.42,14,166770.6,2648854.04,76.61,2.815,182.3187801,8.743
14,Dept-05,2010-09-07,Pharmacy,Regular,SPLR-002,2236209.13,40,55905.23,2586221.95,82.45,2.793,182.2569603,8.743
14,Dept-04,2010-07-16,Electronics,New,SPLR-004,2130287.27,24,88761.97,2351669.28,77.84,2.783,182.2604411,8.743
14,Dept-01,2010-07-23,Home Essentials,New,SPLR-010,2044155.39,17,120244.43,2415167.63,81.46,2.771,182.3509895,8.743
14,Dept-02,2010-07-30,Clothing,New,SPLR-006,2054843.28,28,73387.26,2414063.46,79.78,2.781,182.4415378,8.743
14,Dept-03,2010-06-08,Grocery,Regular,SPLR-001,2219813.5,26,85377.44,2640550.8,77.17,2.784,182.5320862,8.743
14,Dept-06,2010-08-13,Home Essentials,Regular,SPLR-004,2052984.81,39,52640.64,2293637.12,78.44,2.805,182.6226346,8.743
14,Dept-01,2010-08-20,Home Essentials,Regular,SPLR-002,2057138.31,31,66359.3,2288200.41,76.01,2.779,182.6165205,8.743
14,Dept-10,2010-08-27,Electronics,Premium,SPLR-007,2020332.07,49,41231.27,2342207.87,71.36,2.755,182.6104063,8.743
14,Dept-05,2010-03-09,Clothing,New,SPLR-004,2182563.66,20,109128.18,2536297.56,78.37,2.715,182.6042922,8.743
14,Dept-04,2010-10-09,Home Essentials,Regular,SPLR-006,2191767.76,21,104369.89,2504030.68,70.87,2.699,182.598178,8.743
14,Dept-09,2010-09-17,Grocery,Regular,SPLR-010,1953539.85,45,43412.0,2181945.02,66.55,2.706,182.622509,8.743
14,Dept-04,2010-09-24,Pharmacy,New,SPLR-005,1879891.13,39,48202.34,2202404.3,68.59,2.713,182.6696737,8.743
14,Dept-01,2010-01-10,Grocery,New,SPLR-006,1855703.66,7,265100.52,2048523.12,70.58,2.707,182.7168385,8.724
14,Dept-06,2010-08-10,Pharmacy,Regular,SPLR-007,2091663.2,13,160897.17,2312508.19,56.49,2.764,182.7640032,8.724
14,Dept-10,2010-10-15,Home Essentials,Regular,SPLR-009,1932162.63,10,193216.26,2197327.83,58.61,2.868,182.8106203,8.724
14,Dept-09,2010-10-22,Grocery,Regular,SPLR-010,1936621.09,10,193662.11,2220247.33,53.15,2.917,182.8558685,8.724
14,Dept-08,2010-10-29,Pharmacy,Regular,SPLR-010,1984768.34,45,44105.96,2323009.79,61.3,2.921,182.9011166,8.724
14,Dept-06,2010-05-11,Home Essentials,Premium,SPLR-010,2078417.47,30,69280.58,2444293.57,45.65,2.917,182.9463648,8.724
14,Dept-04,2010-12-11,Grocery,Regular,SPLR-004,2092189.06,1,2092189.06,2463494.86,46.14,2.931,182.9916129,8.724
14,Dept-04,2010-11-19,Home Essentials,Regular,SPLR-010,1968462.58,8,246057.82,2176295.87,50.02,3.0,182.8989385,8.724
14,Dept-10,2010-11-26,Electronics,Regular,SPLR-003,2921709.71,19,153774.2,3492917.75,46.15,3.039,182.7832769,8.724
14,Dept-10,2010-03-12,Pharmacy,Regular,SPLR-010,2258489.63,41,55085.11,2670612.1,40.93,3.046,182.6676154,8.724
14,Dept-08,2010-10-12,Clothing,Regular,SPLR-008,2600519.26,46,56533.03,2951907.42,30.54,3.109,182.5519538,8.724
14,Dept-06,2010-12-17,Grocery,Premium,SPLR-007,2762861.41,20,138143.07,3175640.52,30.51,3.14,182.517732,8.724
14,Dept-03,2010-12-24,Pharmacy,Regular,SPLR-010,3818686.45,14,272763.32,4579246.96,30.59,3.141,182.54459,8.724
14,Dept-08,2010-12-31,Pharmacy,Regular,SPLR-006,1623716.46,15,108247.76,1823857.23,29.67,3.179,182.5714479,8.724
14,Dept-10,2011-07-01,Electronics,Regular,SPLR-009,1864746.1,9,207194.01,2222412.24,34.32,3.193,182.5983058,8.549
14,Dept-08,2011-01-14,Home Essentials,Regular,SPLR-007,1699095.9,22,77231.63,1869423.7,24.78,3.205,182.6585782,8.549
14,Dept-06,2011-01-21,Home Essentials,Regular,SPLR-009,1743188.87,41,42516.8,2038011.77,30.55,3.229,182.9193368,8.549
14,Dept-03,2011-01-28,Pharmacy,Regular,SPLR-010,1613718.38,11,146701.67,1918497.04,24.05,3.237,183.1800955,8.549
14,Dept-02,2011-04-02,Grocery,Regular,SPLR-009,1995891.87,20,99794.59,2389304.66,28.73,3.231,183.4408542,8.549
14,Dept-04,2011-11-02,Home Essentials,Regular,SPLR-003,1980405.03,37,53524.46,2189848.73,30.3,3.239,183.7016129,8.549
14,Dept-05,2011-02-18,Home Essentials,Regular,SPLR-004,2019031.67,31,65130.05,2380009.08,40.7,3.245,183.9371353,8.549
14,Dept-01,2011-02-25,Home Essentials,Regular,SPLR-010,1875708.88,26,72142.65,2242400.04,35.78,3.274,184.1625632,8.549
14,Dept-09,2011-04-03,Pharmacy,Regular,SPLR-005,2041215.61,14,145801.12,2389022.39,38.65,3.433,184.3879911,8.549
14,Dept-06,2011-11-03,Electronics,Regular,SPLR-004,1931104.67,35,55174.42,2267964.41,45.01,3.582,184.613419,8.549
14,Dept-02,2011-03-18,Home Essentials,Premium,SPLR-002,1932491.42,46,42010.68,2250246.73,46.66,3.631,184.809719,8.549
14,Dept-07,2011-03-25,Pharmacy,Regular,SPLR-002,1879451.23,46,40857.64,2092196.46,41.76,3.625,184.9943679,8.549
14,Dept-07,2011-01-04,Grocery,Regular,SPLR-005,1869110.55,36,51919.74,2086515.04,37.27,3.638,185.1790167,8.521
14,Dept-02,2011-08-04,Clothing,Regular,SPLR-007,2037798.88,38,53626.29,2341965.53,48.71,3.72,185.3636656,8.521
14,Dept-01,2011-04-15,Pharmacy,Regular,SPLR-010,1974960.86,28,70534.32,2291329.33,53.69,3.821,185.5339821,8.521
14,Dept-04,2011-04-22,Grocery,New,SPLR-006,2256461.39,21,107450.54,2643661.97,53.04,3.892,185.6684673,8.521
14,Dept-02,2011-04-29,Clothing,Premium,SPLR-004,1930617.64,15,128707.84,2127253.27,66.18,3.962,185.8029526,8.521
14,Dept-04,2011-06-05,Clothing,Regular,SPLR-004,2095599.93,30,69853.33,2389218.11,58.21,4.046,185.9374378,8.521
14,Dept-01,2011-05-13,Pharmacy,New,SPLR-005,2004330.3,27,74234.46,2315490.6,60.38,4.066,186.0719231,8.521
14,Dept-07,2011-05-20,Electronics,Regular,SPLR-009,1959967.8,30,65332.26,2215488.06,62.28,4.062,185.9661154,8.521
14,Dept-03,2011-05-27,Clothing,Regular,SPLR-003,2080694.24,35,59448.41,2492547.43,69.7,3.985,185.8603077,8.521
14,Dept-02,2011-03-06,Grocery,Regular,SPLR-003,2079899.47,17,122347.03,2375545.84,76.38,3.922,185.7545,8.521
14,Dept-10,2011-10-06,Home Essentials,Premium,SPLR-007,2132446.0,2,1066223.0,2499788.73,73.88,3.881,185.6486923,8.521
14,Dept-09,2011-06-17,Grocery,Regular,SPLR-004,2082083.34,42,49573.41,2380646.54,69.32,3.842,185.6719333,8.521
14,Dept-02,2011-06-24,Pharmacy,Regular,SPLR-003,2069523.52,7,295646.22,2425745.11,74.85,3.804,185.7919609,8.521
14,Dept-10,2011-01-07,Grocery,Regular,SPLR-009,2074668.19,48,43222.25,2416379.46,74.04,3.748,185.9119885,8.625
14,Dept-10,2011-08-07,Home Essentials,New,SPLR-004,2063401.06,14,147385.79,2456110.17,77.49,3.711,186.032016,8.625
14,Dept-02,2011-07-15,Home Essentials,Regular,SPLR-009,1953544.76,27,72353.51,2327644.82,78.47,3.76,186.1399808,8.625
14,Dept-02,2011-07-22,Grocery,Regular,SPLR-005,1882070.88,24,78419.62,2227767.2,82.33,3.811,186.2177885,8.625
14,Dept-10,2011-07-29,Home Essentials,Regular,SPLR-006,1871021.01,9,207891.22,2117172.93,81.31,3.829,186.2955962,8.625
14,Dept-07,2011-05-08,Home Essentials,Premium,SPLR-009,2066020.69,40,51650.52,2462461.94,78.22,3.842,186.3734038,8.625
14,Dept-06,2011-12-08,Clothing,Regular,SPLR-002,1928773.82,42,45923.19,2221843.0,77.0,3.812,186.4512115,8.625
14,Dept-05,2011-08-19,Pharmacy,Regular,SPLR-001,1896873.99,28,67745.5,2158697.0,72.98,3.747,186.5093071,8.625
14,Dept-04,2011-08-26,Home Essentials,Regular,SPLR-004,2273470.62,46,49423.27,2710601.4,72.55,3.704,186.5641172,8.625
14,Dept-05,2011-02-09,Home Essentials,New,SPLR-009,1750891.47,7,250127.35,2047988.34,70.63,3.703,186.6189274,8.625
14,Dept-08,2011-09-09,Home Essentials,Regular,SPLR-005,2202742.9,22,100124.68,2625987.77,71.48,3.738,186.6737376,8.625
14,Dept-03,2011-09-16,Pharmacy,Premium,SPLR-005,1864637.89,5,372927.58,2068008.56,69.17,3.742,186.8024,8.625
14,Dept-10,2011-09-23,Grocery,Regular,SPLR-006,1871555.64,18,103975.31,2111851.63,63.75,3.711,187.0295321,8.625
14,Dept-05,2011-09-30,Electronics,Regular,SPLR-004,1809989.29,20,90499.46,2082466.93,70.66,3.645,187.2566641,8.625
14,Dept-05,2011-07-10,Clothing,Regular,SPLR-001,2078796.76,1,2078796.76,2327980.08,55.82,3.583,187.4837962,8.523
14,Dept-06,2011-10-14,Grocery,Regular,SPLR-010,1890870.75,43,43973.74,2220362.6,63.82,3.541,187.6917481,8.523
14,Dept-03,2011-10-21,Home Essentials,Regular,SPLR-004,2009004.59,18,111611.37,2267571.85,59.6,3.57,187.7846197,8.523
14,Dept-02,2011-10-28,Clothing,New,SPLR-004,2056846.12,33,62328.67,2295251.19,51.78,3.569,187.8774913,8.523
14,Dept-01,2011-04-11,Pharmacy,Premium,SPLR-010,2174056.71,44,49410.38,2499307.72,43.92,3.551,187.9703629,8.523
14,Dept-06,2011-11-11,Grocery,Regular,SPLR-006,2081534.65,13,160118.05,2320986.29,47.65,3.53,188.0632345,8.523
14,Dept-09,2011-11-18,Clothing,New,SPLR-007,1969360.72,20,98468.04,2173146.8,51.34,3.53,188.1983654,8.523
14,Dept-06,2011-11-25,Home Essentials,Regular,SPLR-001,2685351.81,16,167834.49,3187373.67,48.71,3.492,188.3504,8.523
14,Dept-03,2011-02-12,Pharmacy,Regular,SPLR-007,2143080.57,19,112793.71,2513662.79,50.19,3.452,188.5024346,8.523
14,Dept-06,2011-09-12,Grocery,New,SPLR-005,2470581.29,41,60258.08,2873658.05,46.57,3.415,188.6544692,8.523
14,Dept-01,2011-12-16,Home Essentials,New,SPLR-001,2594363.09,44,58962.8,3053851.93,39.93,3.413,188.7979349,8.523
14,Dept-04,2011-12-23,Pharmacy,Regular,SPLR-008,3369068.99,20,168453.45,4028799.61,42.27,3.389,188.9299752,8.523
14,Dept-07,2011-12-30,Home Essentials,New,SPLR-009,1914148.89,18,106341.6,2196730.38,37.79,3.389,189.0620155,8.523
14,Dept-02,2012-06-01,Home Essentials,New,SPLR-006,1859144.96,46,40416.19,2156860.6,35.88,3.422,189.1940558,8.424
14,Dept-02,2012-01-13,Clothing,New,SPLR-005,1696248.27,10,169624.83,1971128.33,41.18,3.513,189.3260962,8.424
14,Dept-05,2012-01-20,Grocery,Regular,SPLR-002,1789113.32,45,39758.07,2036139.93,31.85,3.533,189.4214733,8.424
14,Dept-07,2012-01-27,Clothing,Premium,SPLR-002,1595362.27,35,45581.78,1904983.46,37.93,3.567,189.5168505,8.424
14,Dept-08,2012-03-02,Grocery,Regular,SPLR-003,1877410.36,38,49405.54,2168042.9,42.96,3.617,189.6122277,8.424
14,Dept-10,2012-10-02,Clothing,Regular,SPLR-006,2077256.24,46,45157.74,2339732.18,37.0,3.64,189.7076048,8.424
14,Dept-03,2012-02-17,Pharmacy,Regular,SPLR-003,2020550.99,13,155427.0,2396216.14,36.85,3.695,189.8424834,8.424
14,Dept-10,2012-02-24,Pharmacy,New,SPLR-008,1875040.16,44,42614.55,2185545.86,42.86,3.739,190.0069881,8.424
14,Dept-04,2012-02-03,Home Essentials,New,SPLR-007,1926004.99,46,41869.67,2184423.71,41.55,3.816,190.1714927,8.424
14,Dept-04,2012-09-03,Clothing,Regular,SPLR-007,2020839.31,45,44907.54,2376683.72,45.52,3.848,190.3359973,8.424
14,Dept-06,2012-03-16,Grocery,Premium,SPLR-001,1941040.5,40,48526.01,2301222.42,50.56,3.862,190.4618964,8.424
14,Dept-06,2012-03-23,Pharmacy,Regular,SPLR-002,1893447.71,33,57377.2,2221280.13,59.45,3.9,190.5363213,8.424
14,Dept-07,2012-03-30,Pharmacy,Premium,SPLR-010,1905033.01,18,105835.17,2164309.34,50.04,3.953,190.6107463,8.424
14,Dept-02,2012-06-04,Home Essentials,New,SPLR-007,2376022.26,35,67886.35,2804954.64,49.73,3.996,190.6851712,8.567
14,Dept-10,2012-04-13,Grocery,New,SPLR-006,1912909.69,9,212545.52,2219653.68,51.83,4.044,190.7595962,8.567
14,Dept-09,2012-04-20,Home Essentials,Regular,SPLR-003,1875686.44,25,75027.46,2107166.49,63.13,4.027,190.8138013,8.567
14,Dept-02,2012-04-27,Grocery,Premium,SPLR-010,1784029.95,16,111501.87,1990715.3,53.2,4.004,190.8680064,8.567
14,Dept-03,2012-04-05,Home Essentials,Regular,SPLR-005,1949354.29,41,47545.23,2270769.14,55.21,3.951,190.9222115,8.567
14,Dept-01,2012-11-05,Electronics,Regular,SPLR-007,1987531.05,46,43207.2,2277780.82,61.24,3.889,190.9764167,8.567
14,Dept-06,2012-05-18,Pharmacy,Premium,SPLR-008,1932233.17,42,46005.55,2145004.13,66.3,3.848,190.9964479,8.567
14,Dept-03,2012-05-25,Clothing,Regular,SPLR-007,2030869.61,46,44149.34,2304744.39,67.21,3.798,191.0028096,8.567
14,Dept-01,2012-01-06,Electronics,Regular,SPLR-003,2049485.49,24,85395.23,2300268.23,74.48,3.742,191.0091712,8.567
14,Dept-10,2012-08-06,Pharmacy,Premium,SPLR-005,2099615.88,22,95437.09,2470892.63,64.3,3.689,191.0155329,8.567
14,Dept-04,2012-06-15,Electronics,Regular,SPLR-009,1905733.68,39,48864.97,2220894.28,71.93,3.62,191.0299731,8.567
14,Dept-02,2012-06-22,Electronics,Premium,SPLR-010,1660228.88,23,72183.86,1968415.12,74.22,3.564,191.0646096,8.567
14,Dept-03,2012-06-29,Grocery,Regular,SPLR-008,1591835.02,16,99489.69,1896768.23,75.22,3.506,191.0992462,8.567
14,Dept-04,2012-06-07,Grocery,Regular,SPLR-003,1862128.95,26,71620.34,2105132.19,82.99,3.475,191.1338827,8.684
14,Dept-02,2012-07-13,Home Essentials,Premium,SPLR-001,1544422.35,49,31518.82,1708839.72,79.97,3.523,191.1685192,8.684
14,Dept-09,2012-07-20,Grocery,New,SPLR-001,1553250.16,1,1553250.16,1849780.3,78.89,3.567,191.1670428,8.684
14,Dept-09,2012-07-27,Clothing,Regular,SPLR-008,1479514.66,20,73975.73,1734521.29,77.2,3.647,191.1655664,8.684
14,Dept-02,2012-03-08,Electronics,New,SPLR-001,1656886.46,23,72038.54,1855841.78,76.58,3.654,191.16409,8.684
14,Dept-10,2012-10-08,Home Essentials,Regular,SPLR-004,1648570.03,22,74935.0,1815002.14,78.65,3.722,191.1626135,8.684
14,Dept-05,2012-08-17,Clothing,Regular,SPLR-007,1660433.3,34,48836.27,1879747.16,75.71,3.807,191.2284919,8.684
14,Dept-02,2012-08-24,Pharmacy,New,SPLR-007,1621841.33,33,49146.71,1841535.58,72.62,3.834,191.3448865,8.684
14,Dept-07,2012-08-31,Clothing,Regular,SPLR-002,1613342.19,37,43603.84,1907119.14,75.09,3.867,191.461281,8.684
14,Dept-03,2012-07-09,Home Essentials,Premium,SPLR-006,1904512.34,33,57712.5,2126548.15,75.7,3.911,191.5776756,8.684
14,Dept-05,2012-09-14,Electronics,Regular,SPLR-008,1554794.22,48,32391.55,1812663.78,67.87,3.948,191.69985,8.684
14,Dept-08,2012-09-21,Home Essentials,Regular,SPLR-009,1565352.46,47,33305.37,1778873.82,65.32,4.038,191.8567038,8.684
14,Dept-04,2012-09-28,Home Essentials,New,SPLR-008,1522512.2,20,76125.61,1713164.14,64.88,3.997,192.0135577,8.684
14,Dept-04,2012-05-10,Pharmacy,Premium,SPLR-001,1687592.16,44,38354.37,1984274.95,64.89,3.985,192.1704115,8.667
14,Dept-02,2012-12-10,Home Essentials,Regular,SPLR-005,1639585.61,12,136632.13,1925753.09,54.47,4.0,192.3272654,8.667
14,Dept-01,2012-10-19,Clothing,Premium,SPLR-001,1590274.72,23,69142.38,1864017.57,56.47,3.969,192.3308542,8.667
14,Dept-10,2012-10-26,Clothing,Premium,SPLR-007,1704357.62,6,284059.6,1936354.81,58.85,3.882,192.3088989,8.667
15,Dept-06,2010-05-02,Grocery,Regular,SPLR-008,652122.44,5,130424.49,780767.48,19.83,2.954,131.5279032,8.35
15,Dept-08,2010-12-02,Home Essentials,New,SPLR-004,682447.1,5,136489.42,775635.4,22.0,2.94,131.5866129,8.35
15,Dept-09,2010-02-19,Grocery,Regular,SPLR-002,660838.75,14,47202.77,788054.39,27.54,2.909,131.637,8.35
15,Dept-01,2010-02-26,Home Essentials,Regular,SPLR-009,564883.2,15,37658.88,623953.11,29.87,2.91,131.686,8.35
15,Dept-09,2010-05-03,Home Essentials,Regular,SPLR-002,605325.43,5,121065.09,725780.49,31.79,2.919,131.735,8.35
15,Dept-06,2010-12-03,Grocery,Regular,SPLR-010,604173.59,37,16329.02,678961.39,41.39,2.938,131.784,8.35
15,Dept-09,2010-03-19,Grocery,Regular,SPLR-001,593710.67,38,15623.97,669602.92,44.69,2.96,131.8242903,8.35
15,Dept-01,2010-03-26,Pharmacy,Regular,SPLR-004,592111.49,41,14441.74,697875.0,39.53,2.963,131.863129,8.35
15,Dept-01,2010-02-04,Home Essentials,New,SPLR-006,718470.71,28,25659.67,825607.55,45.27,2.957,131.9019677,8.185
15,Dept-04,2010-09-04,Grocery,New,SPLR-003,634605.77,22,28845.72,701138.16,57.77,2.992,131.9408065,8.185
15,Dept-06,2010-04-16,Pharmacy,New,SPLR-007,641208.65,20,32060.43,758309.35,49.63,3.01,131.9809,8.185
15,Dept-07,2010-04-23,Home Essentials,Regular,SPLR-010,643097.6,24,26795.73,727789.89,46.54,3.021,132.0226667,8.185
15,Dept-06,2010-04-30,Pharmacy,Premium,SPLR-001,570791.11,11,51890.1,680145.64,49.09,3.042,132.0644333,8.185
15,Dept-06,2010-07-05,Electronics,Premium,SPLR-005,661348.88,33,20040.88,792874.42,63.16,3.095,132.1062,8.185
15,Dept-08,2010-05-14,Grocery,Regular,SPLR-002,594385.2,29,20496.04,709438.3,47.13,3.112,132.152129,8.185
15,Dept-01,2010-05-21,Electronics,New,SPLR-001,616598.1,38,16226.27,733573.96,59.09,3.096,132.2230323,8.185
15,Dept-08,2010-05-28,Home Essentials,Premium,SPLR-001,744772.88,17,43810.17,856259.6,70.61,3.046,132.2939355,8.185
15,Dept-10,2010-04-06,Home Essentials,Regular,SPLR-003,693192.5,34,20388.01,781908.18,69.99,3.006,132.3648387,8.185
15,Dept-02,2010-11-06,Clothing,New,SPLR-009,619337.29,21,29492.25,726552.41,61.04,2.972,132.4357419,8.185
15,Dept-01,2010-06-18,Pharmacy,Regular,SPLR-002,652329.53,48,13590.2,766504.84,65.83,2.942,132.4733333,8.185
15,Dept-05,2010-06-25,Grocery,New,SPLR-007,672194.03,43,15632.42,753762.22,72.79,2.958,132.4976,8.185
15,Dept-01,2010-02-07,Electronics,Regular,SPLR-007,709337.11,16,44333.57,793782.8,66.13,2.958,132.5218667,8.099
15,Dept-08,2010-09-07,Pharmacy,Regular,SPLR-001,691497.62,31,22306.37,797944.74,77.33,2.94,132.5461333,8.099
15,Dept-04,2010-07-16,Clothing,Regular,SPLR-010,633203.69,48,13191.74,734722.64,72.83,2.933,132.5667742,8.099
15,Dept-08,2010-07-23,Electronics,Regular,SPLR-005,598553.43,21,28502.54,669692.64,73.2,2.924,132.5825806,8.099
15,Dept-05,2010-07-30,Clothing,Regular,SPLR-003,619224.06,8,77403.01,735272.57,72.04,2.932,132.5983871,8.099
15,Dept-01,2010-06-08,Clothing,New,SPLR-005,639651.24,12,53304.27,736484.78,72.7,2.942,132.6141935,8.099
15,Dept-10,2010-08-13,Clothing,Regular,SPLR-006,622437.08,14,44459.79,745753.58,72.17,2.923,132.63,8.099
15,Dept-07,2010-08-20,Clothing,Regular,SPLR-007,637090.44,37,17218.66,703204.51,71.1,2.913,132.6616129,8.099
15,Dept-02,2010-08-27,Pharmacy,New,SPLR-006,649791.15,6,108298.52,764797.48,65.07,2.885,132.6932258,8.099
15,Dept-01,2010-03-09,Electronics,New,SPLR-006,638647.21,13,49126.71,720265.63,73.17,2.86,132.7248387,8.099
15,Dept-05,2010-10-09,Pharmacy,Regular,SPLR-007,641965.2,46,13955.77,708432.54,62.36,2.837,132.7564516,8.099
15,Dept-08,2010-09-17,Pharmacy,Regular,SPLR-006,583210.87,6,97201.81,698087.36,57.94,2.846,132.7670667,8.099
15,Dept-05,2010-09-24,Home Essentials,Regular,SPLR-004,548542.47,48,11427.97,644951.39,62.53,2.837,132.7619333,8.099
15,Dept-08,2010-01-10,Electronics,Premium,SPLR-006,566945.95,31,18288.58,634664.86,59.69,2.84,132.7568,8.067
15,Dept-04,2010-08-10,Home Essentials,Regular,SPLR-003,591603.79,31,19083.99,707900.3,52.19,2.903,132.7516667,8.067
15,Dept-05,2010-10-15,Pharmacy,New,SPLR-008,577011.26,14,41215.09,668652.97,49.96,2.999,132.7633548,8.067
15,Dept-08,2010-10-22,Electronics,Regular,SPLR-003,600395.73,25,24015.83,712243.84,47.1,3.049,132.8170968,8.067
15,Dept-05,2010-10-29,Clothing,New,SPLR-001,598301.5,14,42735.82,668137.42,55.09,3.055,132.8708387,8.067
15,Dept-07,2010-05-11,Pharmacy,New,SPLR-008,612987.64,47,13042.29,728289.25,40.29,3.049,132.9245806,8.067
15,Dept-02,2010-12-11,Electronics,Regular,SPLR-010,619639.74,40,15490.99,686346.34,39.63,3.065,132.9783226,8.067
15,Dept-06,2010-11-19,Pharmacy,Regular,SPLR-006,608200.81,1,608200.81,727665.06,44.1,3.138,132.9172,8.067
15,Dept-01,2010-11-26,Clothing,Regular,SPLR-009,1120018.92,37,30270.78,1262092.19,40.71,3.186,132.8369333,8.067
15,Dept-08,2010-03-12,Pharmacy,Premium,SPLR-006,754134.95,42,17955.59,891874.67,36.0,3.2,132.7566667,8.067
15,Dept-06,2010-10-12,Grocery,Premium,SPLR-009,847294.04,11,77026.73,1000963.87,23.97,3.255,132.6764,8.067
15,Dept-09,2010-12-17,Electronics,Regular,SPLR-004,983825.15,29,33925.01,1166185.21,25.3,3.301,132.6804516,8.067
15,Dept-08,2010-12-24,Pharmacy,Premium,SPLR-010,1368318.17,19,72016.75,1572684.56,25.07,3.309,132.7477419,8.067
15,Dept-02,2010-12-31,Home Essentials,Regular,SPLR-001,543754.17,37,14696.06,630735.56,26.54,3.336,132.8150323,8.067
15,Dept-01,2011-07-01,Grocery,Regular,SPLR-003,509640.77,47,10843.42,561958.08,30.53,3.351,132.8823226,7.771
15,Dept-08,2011-01-14,Pharmacy,Premium,SPLR-005,479424.2,10,47942.42,560025.33,19.53,3.367,132.9510645,7.771
15,Dept-07,2011-01-21,Clothing,Premium,SPLR-001,487311.03,49,9945.12,556317.46,21.84,3.391,133.0285161,7.771
15,Dept-10,2011-01-28,Clothing,Regular,SPLR-010,481119.6,27,17819.24,545269.43,19.61,3.402,133.1059677,7.771
15,Dept-06,2011-04-02,Electronics,Regular,SPLR-001,556550.85,21,26502.42,623912.36,20.69,3.4,133.1834194,7.771
15,Dept-03,2011-11-02,Pharmacy,New,SPLR-007,582864.35,29,20098.77,662863.74,21.64,3.416,133.260871,7.771
15,Dept-07,2011-02-18,Electronics,Premium,SPLR-004,649993.5,31,20967.53,770183.36,33.06,3.42,133.3701429,7.771
15,Dept-08,2011-02-25,Home Essentials,New,SPLR-006,547564.09,19,28819.16,628561.65,20.87,3.452,133.4921429,7.771
15,Dept-01,2011-04-03,Electronics,Regular,SPLR-003,573374.49,49,11701.52,660390.18,28.16,3.605,133.6141429,7.771
15,Dept-01,2011-11-03,Grocery,Regular,SPLR-001,537035.28,24,22376.47,638999.42,34.27,3.752,133.7361429,7.771
15,Dept-10,2011-03-18,Clothing,Regular,SPLR-004,551553.99,18,30641.89,650965.33,40.23,3.796,133.8492258,7.771
15,Dept-04,2011-03-25,Pharmacy,Regular,SPLR-005,527389.28,12,43949.11,619426.92,32.63,3.789,133.9587419,7.771
15,Dept-10,2011-01-04,Home Essentials,Regular,SPLR-003,542556.05,40,13563.9,637066.18,30.34,3.811,134.0682581,7.658
15,Dept-09,2011-08-04,Pharmacy,Premium,SPLR-010,587370.81,28,20977.53,689014.8,40.94,3.895,134.1777742,7.658
15,Dept-10,2011-04-15,Home Essentials,Regular,SPLR-005,607691.36,13,46745.49,675220.29,48.63,3.981,134.2784667,7.658
15,Dept-09,2011-04-22,Grocery,Regular,SPLR-007,655318.26,7,93616.89,722716.28,41.37,4.061,134.3571,7.658
15,Dept-02,2011-04-29,Pharmacy,Premium,SPLR-006,560764.41,11,50978.58,670341.44,55.46,4.117,134.4357333,7.658
15,Dept-09,2011-06-05,Clothing,Premium,SPLR-010,630522.67,35,18014.93,703814.52,49.87,4.192,134.5143667,7.658
15,Dept-10,2011-05-13,Home Essentials,Regular,SPLR-006,630482.91,18,35026.83,728031.57,57.07,4.211,134.593,7.658
15,Dept-01,2011-05-20,Electronics,New,SPLR-002,593941.9,12,49495.16,704706.92,57.19,4.202,134.6803871,7.658
15,Dept-02,2011-05-27,Grocery,New,SPLR-003,636193.24,29,21937.7,760574.9,65.87,4.134,134.7677742,7.658
15,Dept-08,2011-03-06,Pharmacy,Premium,SPLR-002,695396.19,26,26746.01,794494.61,69.8,4.069,134.8551613,7.658
15,Dept-08,2011-10-06,Grocery,Premium,SPLR-002,642679.81,7,91811.4,745050.77,69.86,4.025,134.9425484,7.658
15,Dept-08,2011-06-17,Pharmacy,Regular,SPLR-006,639928.85,13,49225.3,705474.69,63.9,3.989,135.0837333,7.658
15,Dept-04,2011-06-24,Home Essentials,Regular,SPLR-010,656594.95,4,164148.74,722654.1,69.96,3.964,135.2652667,7.658
15,Dept-05,2011-01-07,Electronics,Regular,SPLR-002,674669.16,7,96381.31,799575.24,67.43,3.916,135.4468,7.806
15,Dept-04,2011-08-07,Clothing,Regular,SPLR-001,635118.48,32,19847.45,730832.11,73.47,3.886,135.6283333,7.806
15,Dept-03,2011-07-15,Pharmacy,New,SPLR-001,624114.56,7,89159.22,729197.77,73.34,3.915,135.7837419,7.806
15,Dept-06,2011-07-22,Home Essentials,Premium,SPLR-006,607475.44,42,14463.7,676974.23,79.97,3.972,135.8738387,7.806
15,Dept-02,2011-07-29,Pharmacy,Regular,SPLR-009,577511.02,19,30395.32,657811.53,74.67,4.004,135.9639355,7.806
15,Dept-05,2011-05-08,Electronics,Regular,SPLR-009,607961.21,5,121592.24,694941.45,73.63,4.02,136.0540323,7.806
15,Dept-01,2011-12-08,Home Essentials,Regular,SPLR-004,590836.37,28,21101.3,699450.01,70.63,3.995,136.144129,7.806
15,Dept-02,2011-08-19,Home Essentials,Regular,SPLR-007,599488.98,13,46114.54,704774.75,70.41,3.942,136.183129,7.806
15,Dept-07,2011-08-26,Pharmacy,Premium,SPLR-003,605413.17,19,31863.85,669291.54,69.19,3.906,136.2136129,7.806
15,Dept-10,2011-02-09,Home Essentials,New,SPLR-004,649159.68,37,17544.86,771837.18,67.63,3.879,136.2440968,7.806
15,Dept-09,2011-09-09,Grocery,Regular,SPLR-004,607593.51,11,55235.77,710741.91,67.59,3.93,136.2745806,7.806
15,Dept-02,2011-09-16,Grocery,Regular,SPLR-002,545052.34,3,181684.11,618614.34,62.1,3.937,136.3145,7.806
15,Dept-07,2011-09-23,Grocery,New,SPLR-006,545570.86,12,45464.24,611755.7,59.0,3.899,136.367,7.806
15,Dept-09,2011-09-30,Electronics,New,SPLR-009,521297.31,13,40099.79,622789.78,64.87,3.858,136.4195,7.806
15,Dept-01,2011-07-10,Grocery,Premium,SPLR-004,579068.88,12,48255.74,670223.68,51.24,3.775,136.472,7.866
15,Dept-04,2011-10-14,Clothing,Regular,SPLR-005,537300.94,14,38378.64,642028.84,61.3,3.744,136.5150968,7.866
15,Dept-01,2011-10-21,Grocery,Regular,SPLR-008,603318.89,12,50276.57,697878.97,51.67,3.757,136.5017742,7.866
15,Dept-10,2011-10-28,Pharmacy,Regular,SPLR-010,589842.69,21,28087.75,678848.24,45.54,3.757,136.4884516,7.866
15,Dept-07,2011-04-11,Pharmacy,New,SPLR-006,615121.78,20,30756.09,731235.91,43.39,3.738,136.475129,7.866
15,Dept-07,2011-11-11,Pharmacy,Premium,SPLR-003,618949.82,23,26910.86,707475.41,47.13,3.719,136.4618065,7.866
15,Dept-10,2011-11-18,Electronics,Premium,SPLR-001,597856.51,2,298928.26,683629.46,46.53,3.717,136.4666667,7.866
15,Dept-05,2011-11-25,Clothing,Regular,SPLR-010,1066478.1,16,66654.88,1225329.19,41.1,3.689,136.4788,7.866
15,Dept-08,2011-02-12,Pharmacy,Regular,SPLR-004,699028.66,31,22549.31,838289.21,45.67,3.666,136.4909333,7.866
15,Dept-06,2011-09-12,Home Essentials,Regular,SPLR-008,764565.55,28,27305.91,901375.29,38.53,3.627,136.5030667,7.866
15,Dept-04,2011-12-16,Electronics,Regular,SPLR-007,870415.49,33,26376.23,975713.2,35.49,3.611,136.5335161,7.866
15,Dept-02,2011-12-23,Pharmacy,Premium,SPLR-009,1182691.87,30,39423.06,1349394.01,34.93,3.587,136.5883871,7.866
15,Dept-02,2011-12-30,Electronics,Premium,SPLR-008,603460.79,34,17748.85,693371.64,31.44,3.566,136.6432581,7.866
15,Dept-06,2012-06-01,Grocery,Regular,SPLR-005,516087.65,3,172029.22,571250.98,30.24,3.585,136.698129,7.943
15,Dept-01,2012-01-13,Pharmacy,Regular,SPLR-007,454183.42,20,22709.17,504304.23,36.26,3.666,136.753,7.943
15,Dept-05,2012-01-20,Grocery,Premium,SPLR-009,492721.85,3,164240.62,582334.88,21.39,3.705,136.8564194,7.943
15,Dept-01,2012-01-27,Clothing,Regular,SPLR-010,466045.63,42,11096.32,535732.25,30.87,3.737,136.9598387,7.943
15,Dept-08,2012-03-02,Clothing,New,SPLR-005,523831.64,3,174610.55,621389.16,35.3,3.796,137.0632581,7.943
15,Dept-09,2012-10-02,Pharmacy,Regular,SPLR-009,628218.22,31,20265.1,701377.8,31.91,3.826,137.1666774,7.943
15,Dept-08,2012-02-17,Grocery,Regular,SPLR-006,598502.83,34,17603.02,672626.19,30.26,3.874,137.2583103,7.943
15,Dept-03,2012-02-24,Grocery,New,SPLR-004,561137.06,41,13686.27,668325.43,33.18,3.917,137.3411034,7.943
15,Dept-08,2012-02-03,Clothing,Premium,SPLR-009,541292.64,48,11276.93,633096.68,33.24,3.983,137.4238966,7.943
15,Dept-01,2012-09-03,Clothing,New,SPLR-001,545120.67,31,17584.54,608541.98,36.97,4.021,137.5066897,7.943
15,Dept-06,2012-03-16,Electronics,Premium,SPLR-001,570611.23,15,38040.75,630749.91,47.42,4.021,137.5843871,7.943
15,Dept-08,2012-03-23,Electronics,Regular,SPLR-002,565481.88,15,37698.79,654455.69,58.92,4.054,137.6552903,7.943
15,Dept-09,2012-03-30,Pharmacy,Premium,SPLR-003,557547.25,3,185849.08,635502.08,42.65,4.098,137.7261935,7.943
15,Dept-06,2012-06-04,Clothing,New,SPLR-010,659950.36,21,31426.21,766445.84,40.01,4.143,137.7970968,8.15
15,Dept-05,2012-04-13,Clothing,Regular,SPLR-002,558585.13,31,18018.88,647169.63,43.52,4.187,137.868,8.15
15,Dept-01,2012-04-20,Electronics,New,SPLR-008,534780.57,48,11141.26,593937.58,54.47,4.17,137.9230667,8.15
15,Dept-08,2012-04-27,Electronics,Regular,SPLR-004,527402.62,16,32962.66,590184.35,41.57,4.163,137.9781333,8.15
15,Dept-02,2012-04-05,Pharmacy,Regular,SPLR-001,577868.38,34,16996.13,686929.77,51.04,4.124,138.0332,8.15
15,Dept-08,2012-11-05,Clothing,New,SPLR-008,579539.95,46,12598.69,669647.34,54.23,4.055,138.0882667,8.15
15,Dept-04,2012-05-18,Pharmacy,Regular,SPLR-008,600050.98,6,100008.5,705256.38,58.84,4.029,138.1065806,8.15
15,Dept-04,2012-05-25,Grocery,Regular,SPLR-006,693780.42,3,231260.14,823696.55,67.97,3.979,138.1101935,8.15
15,Dept-07,2012-01-06,Pharmacy,Regular,SPLR-005,663971.26,7,94853.04,735829.97,67.61,3.915,138.1138065,8.15
15,Dept-02,2012-08-06,Home Essentials,Regular,SPLR-005,611390.67,1,611390.67,732190.97,59.35,3.871,138.1174194,8.15
15,Dept-07,2012-06-15,Electronics,Premium,SPLR-002,636737.65,17,37455.16,726291.22,67.7,3.786,138.1295333,8.15
15,Dept-02,2012-06-22,Home Essentials,Regular,SPLR-007,687085.6,9,76342.84,773452.63,74.28,3.722,138.1629,8.15
15,Dept-04,2012-06-29,Pharmacy,Regular,SPLR-004,624099.48,44,14184.08,746064.75,68.91,3.667,138.1962667,8.15
15,Dept-09,2012-06-07,Pharmacy,Premium,SPLR-008,678024.75,35,19372.14,753267.39,74.64,3.646,138.2296333,8.193
15,Dept-08,2012-07-13,Clothing,Regular,SPLR-004,591335.5,7,84476.5,670532.85,72.62,3.689,138.263,8.193
15,Dept-02,2012-07-20,Electronics,Regular,SPLR-008,592369.22,48,12341.03,651649.55,75.31,3.732,138.2331935,8.193
15,Dept-02,2012-07-27,Pharmacy,New,SPLR-006,571190.83,49,11656.96,658395.33,73.9,3.82,138.2033871,8.193
15,Dept-02,2012-03-08,Clothing,Regular,SPLR-009,590739.62,26,22720.75,696962.2,73.13,3.819,138.1735806,8.193
15,Dept-08,2012-10-08,Pharmacy,New,SPLR-010,590453.63,23,25671.9,672374.59,73.99,3.863,138.1437742,8.193
15,Dept-04,2012-08-17,Home Essentials,New,SPLR-008,579738.2,34,17051.12,695042.83,70.29,3.963,138.1857097,8.193
15,Dept-05,2012-08-24,Home Essentials,Premium,SPLR-004,606210.77,25,24248.43,683161.78,66.98,3.997,138.2814516,8.193
15,Dept-10,2012-08-31,Home Essentials,New,SPLR-002,610185.32,1,610185.32,687422.92,71.42,4.026,138.3771935,8.193
15,Dept-09,2012-07-09,Clothing,New,SPLR-006,587259.82,18,32625.55,680005.75,71.61,4.076,138.4729355,8.193
15,Dept-08,2012-09-14,Electronics,Regular,SPLR-003,527509.76,40,13187.74,593723.18,65.44,4.088,138.5673,8.193
15,Dept-02,2012-09-21,Clothing,Regular,SPLR-010,533161.64,41,13003.94,637986.07,60.34,4.203,138.6534,8.193
15,Dept-02,2012-09-28,Grocery,Premium,SPLR-003,553901.97,49,11304.12,656444.9,57.13,4.158,138.7395,8.193
15,Dept-10,2012-05-10,Pharmacy,New,SPLR-001,573498.64,37,15499.96,686562.14,59.57,4.151,138.8256,7.992
15,Dept-05,2012-12-10,Grocery,Regular,SPLR-004,551799.63,49,11261.22,625969.52,49.12,4.186,138.9117,7.992
15,Dept-01,2012-10-19,Pharmacy,Regular,SPLR-001,555652.77,24,23152.2,630356.7,52.89,4.153,138.8336129,7.992
15,Dept-06,2012-10-26,Home Essentials,New,SPLR-006,558473.6,21,26593.98,669487.59,55.75,4.071,138.7281613,7.992
16,Dept-03,2010-05-02,Home Essentials,Regular,SPLR-005,477409.3,19,25126.81,545245.39,19.79,2.58,189.3816974,7.039
16,Dept-02,2010-12-02,Grocery,New,SPLR-004,472044.28,16,29502.77,529395.46,20.87,2.572,189.4642725,7.039
16,Dept-01,2010-02-19,Clothing,Regular,SPLR-010,469868.7,10,46986.87,552336.66,21.13,2.55,189.5340998,7.039
16,Dept-02,2010-02-26,Clothing,Regular,SPLR-009,443242.17,15,29549.48,498428.33,18.12,2.586,189.6018023,7.039
16,Dept-02,2010-05-03,Electronics,Premium,SPLR-007,444181.85,35,12690.91,510771.31,27.92,2.62,189.6695049,7.039
16,Dept-04,2010-12-03,Home Essentials,Regular,SPLR-008,445393.74,5,89078.75,517524.68,28.64,2.684,189.7372075,7.039
16,Dept-06,2010-03-19,Clothing,Premium,SPLR-001,504307.35,3,168102.45,598993.45,33.45,2.692,189.734262,7.039
16,Dept-01,2010-03-26,Grocery,Regular,SPLR-010,483177.2,39,12389.16,539396.44,29.88,2.717,189.7195417,7.039
16,Dept-06,2010-02-04,Grocery,Regular,SPLR-009,490503.69,49,10010.28,570633.38,36.19,2.725,189.7048215,6.842
16,Dept-10,2010-09-04,Pharmacy,Regular,SPLR-002,424083.99,26,16310.92,505427.56,34.21,2.75,189.6901012,6.842
16,Dept-10,2010-04-16,Clothing,Regular,SPLR-008,436312.41,4,109078.1,498990.75,45.69,2.765,189.6628845,6.842
16,Dept-09,2010-04-23,Home Essentials,New,SPLR-010,370230.94,36,10284.19,418073.83,44.9,2.776,189.6190057,6.842
16,Dept-04,2010-04-30,Clothing,New,SPLR-002,383550.93,19,20186.89,453948.36,37.75,2.766,189.575127,6.842
16,Dept-04,2010-07-05,Pharmacy,Regular,SPLR-010,403217.22,16,25201.08,454240.41,37.43,2.771,189.5312483,6.842
16,Dept-03,2010-05-14,Clothing,Regular,SPLR-009,401770.9,16,25110.68,472333.47,41.26,2.788,189.4904116,6.842
16,Dept-10,2010-05-21,Clothing,Regular,SPLR-005,435300.51,10,43530.05,515574.07,47.34,2.776,189.467827,6.842
16,Dept-05,2010-05-28,Clothing,New,SPLR-005,479430.0,1,479430.0,539922.37,52.08,2.737,189.4452425,6.842
16,Dept-02,2010-04-06,Pharmacy,Regular,SPLR-010,516295.81,35,14751.31,578828.53,53.76,2.7,189.422658,6.842
16,Dept-09,2010-11-06,Clothing,Regular,SPLR-007,535587.31,23,23286.4,640952.86,62.63,2.684,189.4000734,6.842
16,Dept-01,2010-06-18,Electronics,Regular,SPLR-009,540149.85,10,54014.98,604349.3,52.4,2.674,189.4185259,6.842
16,Dept-04,2010-06-25,Pharmacy,Premium,SPLR-005,546554.96,27,20242.78,631024.57,62.37,2.715,189.4533931,6.842
16,Dept-07,2010-02-07,Grocery,Premium,SPLR-006,610641.42,25,24425.66,688616.48,64.44,2.728,189.4882603,6.868
16,Dept-04,2010-09-07,Electronics,Regular,SPLR-010,614253.33,29,21181.15,677990.64,61.79,2.711,189.5231276,6.868
16,Dept-01,2010-07-16,Home Essentials,Regular,SPLR-005,586583.69,9,65175.97,656098.23,67.68,2.699,189.6125456,6.868
16,Dept-03,2010-07-23,Pharmacy,New,SPLR-010,588344.18,31,18978.84,694114.95,70.67,2.691,189.774698,6.868
16,Dept-08,2010-07-30,Clothing,New,SPLR-009,562633.67,38,14806.15,619140.02,70.71,2.69,189.9368504,6.868
16,Dept-09,2010-06-08,Clothing,Premium,SPLR-005,586936.45,40,14673.41,697281.28,67.42,2.69,190.0990028,6.868
16,Dept-08,2010-08-13,Grocery,Regular,SPLR-010,543757.97,42,12946.62,638214.29,63.91,2.723,190.2611552,6.868
16,Dept-04,2010-08-20,Clothing,Regular,SPLR-008,521516.96,10,52151.7,621052.63,63.59,2.732,190.2948237,6.868
16,Dept-02,2010-08-27,Pharmacy,Regular,SPLR-008,581010.52,15,38734.03,642975.38,65.66,2.731,190.3284922,6.868
16,Dept-10,2010-03-09,Home Essentials,New,SPLR-009,542087.89,27,20077.33,621818.65,58.02,2.773,190.3621607,6.868
16,Dept-06,2010-10-09,Pharmacy,Regular,SPLR-008,537518.57,42,12798.06,626658.18,57.24,2.78,190.3958293,6.868
16,Dept-10,2010-09-17,Pharmacy,Regular,SPLR-010,522049.52,15,34803.3,607076.38,56.55,2.8,190.4688287,6.868
16,Dept-09,2010-09-24,Grocery,Regular,SPLR-001,511330.32,29,17632.08,566648.24,58.19,2.793,190.5713264,6.868
16,Dept-03,2010-01-10,Home Essentials,Regular,SPLR-010,463977.54,41,11316.53,519375.89,59.39,2.759,190.6738241,6.986
16,Dept-06,2010-08-10,Grocery,Regular,SPLR-004,442894.2,4,110723.55,511520.03,54.29,2.745,190.7763218,6.986
16,Dept-07,2010-10-15,Pharmacy,Regular,SPLR-006,452169.28,21,21531.87,540980.88,45.0,2.762,190.8623087,6.986
16,Dept-02,2010-10-22,Home Essentials,Regular,SPLR-009,541216.92,45,12027.04,643927.55,45.85,2.762,190.9070184,6.986
16,Dept-09,2010-10-29,Grocery,Regular,SPLR-003,495022.51,36,13750.63,593785.41,35.76,2.748,190.951728,6.986
16,Dept-10,2010-05-11,Pharmacy,New,SPLR-010,446905.02,48,9310.52,512407.06,39.94,2.729,190.9964377,6.986
16,Dept-05,2010-12-11,Electronics,Regular,SPLR-007,453632.76,43,10549.6,535237.52,34.04,2.737,191.0411474,6.986
16,Dept-05,2010-11-19,Home Essentials,New,SPLR-008,458634.68,42,10919.87,526459.82,27.26,2.758,191.0312172,6.986
16,Dept-04,2010-11-26,Grocery,Regular,SPLR-002,651837.77,11,59257.98,752644.07,23.46,2.742,191.0121805,6.986
16,Dept-06,2010-03-12,Electronics,Premium,SPLR-010,512260.59,15,34150.71,591941.34,23.68,2.712,190.9931437,6.986
16,Dept-06,2010-10-12,Clothing,New,SPLR-003,570103.64,5,114020.73,649494.67,32.02,2.728,190.9741069,6.986
16,Dept-01,2010-12-17,Home Essentials,Premium,SPLR-009,648652.01,39,16632.1,773840.25,26.01,2.778,191.0303376,6.986
16,Dept-07,2010-12-24,Clothing,Regular,SPLR-009,1004730.69,46,21841.97,1152258.56,32.46,2.781,191.1430189,6.986
16,Dept-04,2010-12-31,Electronics,Regular,SPLR-010,575317.38,46,12506.9,655545.78,19.66,2.829,191.2557002,6.986
16,Dept-09,2011-07-01,Pharmacy,New,SPLR-007,573545.96,36,15931.83,657567.56,12.39,2.882,191.3683815,6.614
16,Dept-07,2011-01-14,Electronics,Premium,SPLR-001,470365.59,43,10938.73,555804.02,17.46,2.911,191.4784939,6.614
16,Dept-07,2011-01-21,Electronics,Premium,SPLR-003,462888.13,15,30859.21,530606.78,28.6,2.973,191.5731924,6.614
16,Dept-04,2011-01-28,Clothing,Premium,SPLR-005,448391.99,16,28024.5,529072.3,20.8,3.008,191.667891,6.614
16,Dept-09,2011-04-02,Electronics,Regular,SPLR-007,479263.15,4,119815.79,572102.75,13.64,3.011,191.7625895,6.614
16,Dept-04,2011-11-02,Grocery,New,SPLR-002,466806.89,17,27459.23,533229.88,15.02,3.037,191.8572881,6.614
16,Dept-02,2011-02-18,Clothing,Premium,SPLR-006,491179.79,16,30698.74,583438.23,27.18,3.051,191.9178331,6.614
16,Dept-08,2011-02-25,Grocery,Premium,SPLR-001,475201.64,7,67885.95,566416.67,26.15,3.101,191.9647167,6.614
16,Dept-03,2011-04-03,Pharmacy,Regular,SPLR-004,484829.07,1,484829.07,536303.46,31.77,3.232,192.0116004,6.614
16,Dept-06,2011-11-03,Home Essentials,New,SPLR-005,457504.35,21,21785.92,546048.83,29.36,3.372,192.058484,6.614
16,Dept-08,2011-03-18,Pharmacy,Regular,SPLR-007,497373.49,40,12434.34,557285.27,36.5,3.406,192.1237981,6.614
16,Dept-06,2011-03-25,Pharmacy,Regular,SPLR-002,465279.68,31,15009.02,512509.54,32.61,3.414,192.1964844,6.614
16,Dept-07,2011-01-04,Electronics,Premium,SPLR-006,459756.11,34,13522.24,511801.88,35.75,3.461,192.2691707,6.339
16,Dept-07,2011-08-04,Grocery,Regular,SPLR-004,439276.5,26,16895.25,483219.03,38.04,3.532,192.3418571,6.339
16,Dept-10,2011-04-15,Home Essentials,Regular,SPLR-005,427855.24,40,10696.38,475222.18,34.59,3.611,192.4225954,6.339
16,Dept-03,2011-04-22,Pharmacy,New,SPLR-009,368600.0,26,14176.92,420780.19,40.74,3.636,192.5234638,6.339
16,Dept-10,2011-04-29,Clothing,Regular,SPLR-010,378100.31,6,63016.72,429637.44,37.77,3.663,192.6243322,6.339
16,Dept-07,2011-06-05,Electronics,Regular,SPLR-006,423805.22,40,10595.13,474292.41,38.64,3.735,192.7252006,6.339
16,Dept-07,2011-05-13,Grocery,Regular,SPLR-010,410406.95,31,13238.93,481875.26,43.29,3.767,192.826069,6.339
16,Dept-06,2011-05-20,Pharmacy,Regular,SPLR-005,435397.19,11,39581.56,502663.17,43.95,3.828,192.831317,6.339
16,Dept-09,2011-05-27,Home Essentials,Premium,SPLR-005,444718.68,34,13079.96,490024.02,45.17,3.795,192.8365651,6.339
16,Dept-01,2011-03-06,Pharmacy,Regular,SPLR-004,531080.31,30,17702.68,637009.11,54.08,3.763,192.8418131,6.339
16,Dept-09,2011-10-06,Pharmacy,Regular,SPLR-005,600952.06,35,17170.06,670814.43,55.78,3.735,192.8470612,6.339
16,Dept-07,2011-06-17,Electronics,Regular,SPLR-001,581546.23,5,116309.25,697286.26,58.34,3.697,192.9034759,6.339
16,Dept-06,2011-06-24,Clothing,Regular,SPLR-006,569105.03,20,28455.25,674515.79,54.36,3.661,192.9982655,6.339
16,Dept-10,2011-01-07,Pharmacy,Regular,SPLR-008,608737.56,25,24349.5,728066.08,63.59,3.597,193.0930552,6.338
16,Dept-06,2011-08-07,Pharmacy,New,SPLR-003,634634.66,17,37331.45,748816.77,65.0,3.54,193.1878448,6.338
16,Dept-02,2011-07-15,Grocery,Regular,SPLR-003,586841.77,37,15860.59,658632.01,65.16,3.532,193.3125484,6.338
16,Dept-06,2011-07-22,Clothing,Regular,SPLR-005,581758.22,18,32319.9,691310.85,65.36,3.545,193.5120367,6.338
16,Dept-09,2011-07-29,Home Essentials,Regular,SPLR-006,582381.95,21,27732.47,680719.52,66.84,3.547,193.711525,6.338
16,Dept-10,2011-05-08,Pharmacy,Premium,SPLR-006,592981.33,17,34881.25,699316.29,63.96,3.554,193.9110133,6.338
16,Dept-08,2011-12-08,Pharmacy,Premium,SPLR-004,563884.47,7,80554.92,635565.85,67.09,3.542,194.1105017,6.338
16,Dept-05,2011-08-19,Grocery,Regular,SPLR-005,554630.42,22,25210.47,624556.86,68.83,3.499,194.2500634,6.338
16,Dept-04,2011-08-26,Clothing,New,SPLR-003,557312.01,43,12960.74,656491.23,67.51,3.485,194.3796374,6.338
16,Dept-10,2011-02-09,Grocery,Regular,SPLR-001,580805.33,30,19360.18,692513.38,63.44,3.511,194.5092113,6.338
16,Dept-10,2011-09-09,Grocery,Regular,SPLR-007,574622.56,1,574622.56,646335.88,56.99,3.566,194.6387853,6.338
16,Dept-05,2011-09-16,Home Essentials,Regular,SPLR-001,539081.09,22,24503.69,603394.44,53.68,3.596,194.7419707,6.338
16,Dept-03,2011-09-23,Clothing,New,SPLR-002,504856.97,25,20194.28,572932.87,50.39,3.581,194.8099713,6.338
16,Dept-07,2011-09-30,Clothing,New,SPLR-003,450075.31,30,15002.51,504576.95,57.61,3.538,194.8779718,6.338
16,Dept-06,2011-07-10,Clothing,Regular,SPLR-007,482926.93,49,9855.65,575037.82,48.91,3.498,194.9459724,6.232
16,Dept-01,2011-10-14,Clothing,Regular,SPLR-001,498241.06,10,49824.11,567498.83,39.97,3.491,195.0261012,6.232
16,Dept-07,2011-10-21,Clothing,Regular,SPLR-007,560104.16,44,12729.64,642808.0,46.99,3.548,195.1789994,6.232
16,Dept-10,2011-10-28,Pharmacy,Regular,SPLR-003,505918.21,42,12045.67,579290.34,41.97,3.55,195.3318977,6.232
16,Dept-09,2011-04-11,Clothing,Premium,SPLR-007,511059.95,26,19656.15,587074.34,33.43,3.527,195.4847959,6.232
16,Dept-02,2011-11-11,Grocery,Premium,SPLR-004,513181.31,8,64147.66,588143.9,29.56,3.505,195.6376941,6.232
16,Dept-06,2011-11-18,Pharmacy,Regular,SPLR-007,480353.64,1,480353.64,549091.94,31.73,3.479,195.7184713,6.232
16,Dept-06,2011-11-25,Clothing,Regular,SPLR-007,712422.4,8,89052.8,843482.67,31.39,3.424,195.7704,6.232
16,Dept-09,2011-02-12,Grocery,Premium,SPLR-001,530492.84,18,29471.82,617213.59,27.83,3.378,195.8223287,6.232
16,Dept-07,2011-09-12,Pharmacy,Regular,SPLR-010,574798.86,49,11730.59,655006.09,14.44,3.331,195.8742575,6.232
16,Dept-06,2011-12-16,Home Essentials,New,SPLR-009,679481.9,3,226493.97,794596.16,22.5,3.266,195.9841685,6.232
16,Dept-07,2011-12-23,Grocery,Regular,SPLR-002,950691.96,18,52816.22,1112613.44,20.79,3.173,196.1713893,6.232
16,Dept-04,2011-12-30,Clothing,Regular,SPLR-005,665861.06,21,31707.67,766420.79,23.91,3.119,196.3586101,6.232
16,Dept-06,2012-06-01,Home Essentials,Regular,SPLR-008,564538.07,8,70567.26,633027.42,26.49,3.095,196.5458309,6.162
16,Dept-10,2012-01-13,Clothing,Regular,SPLR-002,508520.09,40,12713.0,608240.67,19.55,3.077,196.7330517,6.162
16,Dept-10,2012-01-20,Clothing,Regular,SPLR-006,474389.75,14,33884.98,556921.2,29.3,3.055,196.7796652,6.162
16,Dept-03,2012-01-27,Electronics,Regular,SPLR-008,453979.19,26,17460.74,535696.03,28.17,3.038,196.8262786,6.162
16,Dept-02,2012-03-02,Grocery,Premium,SPLR-003,475905.1,3,158635.03,567348.33,25.53,3.031,196.8728921,6.162
16,Dept-02,2012-10-02,Clothing,Regular,SPLR-006,473766.97,37,12804.51,541120.4,23.69,3.103,196.9195056,6.162
16,Dept-08,2012-02-17,Electronics,Regular,SPLR-002,494069.49,23,21481.28,573644.07,31.19,3.113,196.9432711,6.162
16,Dept-08,2012-02-24,Grocery,Regular,SPLR-002,495720.3,11,45065.48,554787.15,26.21,3.129,196.9499007,6.162
16,Dept-04,2012-02-03,Clothing,Premium,SPLR-002,464189.09,17,27305.24,517643.19,23.4,3.191,196.9565303,6.162
16,Dept-05,2012-09-03,Electronics,Premium,SPLR-004,495951.66,46,10781.56,563511.02,28.16,3.286,196.9631599,6.162
16,Dept-01,2012-03-16,Grocery,Regular,SPLR-003,520850.71,38,13706.6,596568.52,38.02,3.486,197.0457208,6.162
16,Dept-04,2012-03-23,Home Essentials,New,SPLR-001,493503.89,6,82250.65,589769.62,38.7,3.664,197.2295234,6.162
16,Dept-09,2012-03-30,Electronics,New,SPLR-008,485095.41,2,242547.7,566417.48,48.29,3.75,197.4133259,6.162
16,Dept-04,2012-06-04,Clothing,Regular,SPLR-004,502662.07,45,11170.27,561036.56,48.93,3.854,197.5971285,6.169
16,Dept-08,2012-04-13,Pharmacy,Regular,SPLR-003,450756.71,3,150252.24,526683.68,45.83,3.901,197.780931,6.169
16,Dept-01,2012-04-20,Grocery,Regular,SPLR-006,436221.26,42,10386.22,508576.08,43.61,3.936,197.7227385,6.169
16,Dept-05,2012-04-27,Home Essentials,New,SPLR-001,398445.15,18,22135.84,440545.98,59.69,3.927,197.664546,6.169
16,Dept-04,2012-04-05,Clothing,New,SPLR-003,426959.62,48,8894.99,481439.74,51.34,3.903,197.6063534,6.169
16,Dept-04,2012-11-05,Grocery,New,SPLR-003,479855.0,23,20863.26,528044.52,53.57,3.87,197.5481609,6.169
16,Dept-06,2012-05-18,Pharmacy,Regular,SPLR-002,493506.47,3,164502.16,579906.32,56.74,3.837,197.5553137,6.169
16,Dept-04,2012-05-25,Clothing,Premium,SPLR-002,518045.09,29,17863.62,612973.04,57.36,3.804,197.5886046,6.169
16,Dept-09,2012-01-06,Clothing,Regular,SPLR-001,532311.93,38,14008.21,626825.78,58.97,3.764,197.6218954,6.169
16,Dept-10,2012-08-06,Grocery,Regular,SPLR-004,603618.89,39,15477.41,684444.15,65.43,3.741,197.6551863,6.169
16,Dept-02,2012-06-15,Clothing,New,SPLR-004,570045.79,16,35627.86,647182.83,65.36,3.723,197.692292,6.169
16,Dept-10,2012-06-22,Clothing,Regular,SPLR-006,581745.72,15,38783.05,684263.83,70.41,3.735,197.7389345,6.169
16,Dept-06,2012-06-29,Home Essentials,Regular,SPLR-008,570162.28,14,40725.88,636853.56,77.31,3.693,197.785577,6.169
16,Dept-08,2012-06-07,Grocery,Premium,SPLR-007,641763.53,1,641763.53,751963.49,70.49,3.646,197.8322195,6.061
16,Dept-03,2012-07-13,Pharmacy,Regular,SPLR-003,569005.06,13,43769.62,659440.51,70.29,3.613,197.8788621,6.061
16,Dept-01,2012-07-20,Clothing,Premium,SPLR-003,565297.54,49,11536.68,655486.29,68.43,3.585,197.9290378,6.061
16,Dept-09,2012-07-27,Electronics,Regular,SPLR-003,539337.87,9,59926.43,615710.5,69.0,3.57,197.9792136,6.061
16,Dept-03,2012-03-08,Home Essentials,New,SPLR-007,584000.71,2,292000.36,661527.9,68.59,3.528,198.0293893,6.061
16,Dept-01,2012-10-08,Grocery,Premium,SPLR-003,554036.84,25,22161.47,625965.42,70.24,3.509,198.0795651,6.061
16,Dept-09,2012-08-17,Pharmacy,Regular,SPLR-007,521896.6,42,12426.11,619965.67,62.07,3.545,198.1001057,6.061
16,Dept-03,2012-08-24,Clothing,Regular,SPLR-002,551152.15,13,42396.32,647489.93,61.44,3.558,198.0984199,6.061
16,Dept-09,2012-08-31,Grocery,New,SPLR-005,551837.31,35,15766.78,631351.24,64.19,3.556,198.0967341,6.061
16,Dept-10,2012-07-09,Clothing,Premium,SPLR-009,537138.58,10,53713.86,603357.9,60.09,3.596,198.0950484,6.061
16,Dept-06,2012-09-14,Pharmacy,New,SPLR-007,526525.16,22,23932.96,609802.93,56.69,3.659,198.1267184,6.061
16,Dept-03,2012-09-21,Clothing,Regular,SPLR-006,509942.56,42,12141.49,610822.42,56.48,3.765,198.358523,6.061
16,Dept-07,2012-09-28,Pharmacy,Premium,SPLR-002,469607.73,44,10672.9,535492.1,51.4,3.789,198.5903276,6.061
16,Dept-08,2012-05-10,Clothing,Regular,SPLR-008,471281.68,38,12402.15,535456.83,50.46,3.779,198.8221322,5.847
16,Dept-06,2012-12-10,Clothing,Regular,SPLR-002,491817.19,29,16959.21,551904.68,43.26,3.76,199.0539368,5.847
16,Dept-04,2012-10-19,Grocery,New,SPLR-007,577198.97,16,36074.94,659400.88,40.59,3.75,199.1481963,5.847
16,Dept-01,2012-10-26,Clothing,Regular,SPLR-004,475770.14,38,12520.27,546714.41,40.99,3.686,199.2195317,5.847
17,Dept-06,2010-05-02,Home Essentials,New,SPLR-001,789036.02,41,19244.78,926494.03,23.11,2.666,126.4420645,6.548
17,Dept-09,2010-12-02,Clothing,Premium,SPLR-007,841951.91,40,21048.8,953591.42,18.36,2.671,126.4962581,6.548
17,Dept-02,2010-02-19,Home Essentials,New,SPLR-008,800714.0,35,22877.54,915639.5,25.06,2.654,126.5262857,6.548
17,Dept-07,2010-02-26,Home Essentials,Regular,SPLR-007,749549.55,49,15296.93,842595.92,15.64,2.667,126.5522857,6.548
17,Dept-10,2010-05-03,Pharmacy,Premium,SPLR-002,783300.05,31,25267.74,931097.42,31.58,2.681,126.5782857,6.548
17,Dept-03,2010-12-03,Clothing,Premium,SPLR-007,763961.82,42,18189.57,889429.22,29.71,2.733,126.6042857,6.548
17,Dept-04,2010-03-19,Grocery,Regular,SPLR-007,752034.52,29,25932.22,859672.64,33.96,2.782,126.6066452,6.548
17,Dept-03,2010-03-26,Home Essentials,Regular,SPLR-002,793097.64,41,19343.84,930761.48,35.59,2.819,126.6050645,6.548
17,Dept-03,2010-02-04,Home Essentials,New,SPLR-005,848521.17,6,141420.2,933558.87,36.94,2.842,126.6034839,6.635
17,Dept-03,2010-09-04,Pharmacy,Regular,SPLR-004,770228.02,19,40538.32,917893.95,34.05,2.877,126.6019032,6.635
17,Dept-01,2010-04-16,Electronics,New,SPLR-010,757738.76,18,42096.6,877573.32,45.22,2.915,126.5621,6.635
17,Dept-03,2010-04-23,Electronics,Regular,SPLR-008,977790.83,18,54321.71,1088145.24,52.25,2.936,126.4713333,6.635
17,Dept-10,2010-04-30,Home Essentials,Regular,SPLR-004,807798.73,24,33658.28,895453.67,43.82,2.941,126.3805667,6.635
17,Dept-10,2010-07-05,Grocery,Regular,SPLR-004,843848.65,35,24109.96,1010251.36,40.26,2.948,126.2898,6.635
17,Dept-05,2010-05-14,Home Essentials,Premium,SPLR-009,813756.09,37,21993.41,942157.58,47.28,2.962,126.2085484,6.635
17,Dept-09,2010-05-21,Pharmacy,New,SPLR-005,826626.5,16,51664.16,955425.59,53.94,2.95,126.1843871,6.635
17,Dept-08,2010-05-28,Home Essentials,Regular,SPLR-008,872817.62,45,19395.95,1038202.4,48.19,2.908,126.1602258,6.635
17,Dept-10,2010-04-06,Electronics,Regular,SPLR-005,876902.87,23,38126.21,979564.73,53.79,2.871,126.1360645,6.635
17,Dept-08,2010-11-06,Pharmacy,New,SPLR-010,845252.21,34,24860.36,978647.35,57.14,2.841,126.1119032,6.635
17,Dept-02,2010-06-18,Home Essentials,Premium,SPLR-007,877996.27,48,18291.59,1052902.81,54.94,2.819,126.114,6.635
17,Dept-01,2010-06-25,Pharmacy,Regular,SPLR-005,893995.44,31,28838.56,1031330.01,62.64,2.82,126.1266,6.635
17,Dept-05,2010-02-07,Clothing,Regular,SPLR-006,958875.37,35,27396.44,1073682.13,68.98,2.814,126.1392,6.697
17,Dept-02,2010-09-07,Grocery,Regular,SPLR-004,836915.92,44,19020.82,971430.84,62.41,2.802,126.1518,6.697
17,Dept-07,2010-07-16,Home Essentials,Regular,SPLR-008,876591.41,17,51564.2,1013407.4,65.66,2.791,126.1498065,6.697
17,Dept-04,2010-07-23,Electronics,Regular,SPLR-009,893504.87,47,19010.74,1015623.67,69.66,2.797,126.1283548,6.697
17,Dept-09,2010-07-30,Electronics,Regular,SPLR-006,833517.19,45,18522.6,985985.43,69.96,2.797,126.1069032,6.697
17,Dept-06,2010-06-08,Grocery,Regular,SPLR-002,795301.17,42,18935.74,881953.58,70.53,2.802,126.0854516,6.697
17,Dept-06,2010-08-13,Clothing,New,SPLR-007,759995.18,34,22352.8,897951.23,65.17,2.837,126.064,6.697
17,Dept-08,2010-08-20,Grocery,Regular,SPLR-008,783929.7,9,87103.3,912452.6,67.04,2.85,126.0766452,6.697
17,Dept-09,2010-08-27,Grocery,Regular,SPLR-010,802583.89,25,32103.36,950199.18,65.03,2.854,126.0892903,6.697
17,Dept-07,2010-03-09,Grocery,Regular,SPLR-003,834373.73,25,33374.95,943965.27,57.86,2.868,126.1019355,6.697
17,Dept-04,2010-10-09,Clothing,Regular,SPLR-004,1200888.28,13,92376.02,1328090.05,56.28,2.87,126.1145806,6.697
17,Dept-03,2010-09-17,Clothing,Regular,SPLR-005,871264.25,4,217816.06,990151.43,58.53,2.875,126.1454667,6.697
17,Dept-07,2010-09-24,Electronics,Regular,SPLR-007,852876.29,27,31588.01,1013699.4,58.39,2.872,126.1900333,6.697
17,Dept-09,2010-01-10,Pharmacy,Regular,SPLR-006,829207.27,28,29614.55,941046.43,60.07,2.853,126.2346,6.885
17,Dept-09,2010-08-10,Grocery,New,SPLR-002,827738.06,25,33109.52,952933.02,58.06,2.841,126.2791667,6.885
17,Dept-02,2010-10-15,Electronics,Regular,SPLR-005,838297.32,8,104787.16,944861.99,47.35,2.845,126.3266774,6.885
17,Dept-10,2010-10-22,Clothing,Regular,SPLR-006,815093.76,5,163018.75,967640.47,47.95,2.849,126.3815484,6.885
17,Dept-04,2010-10-29,Home Essentials,Regular,SPLR-001,861941.25,24,35914.22,1010605.92,39.87,2.841,126.4364194,6.885
17,Dept-09,2010-05-11,Electronics,New,SPLR-003,818434.49,30,27281.15,942017.57,42.54,2.831,126.4912903,6.885
17,Dept-02,2010-12-11,Electronics,Regular,SPLR-007,855459.96,3,285153.32,1002451.87,36.32,2.831,126.5461613,6.885
17,Dept-06,2010-11-19,Clothing,Regular,SPLR-007,782252.57,23,34010.98,904770.04,36.31,2.842,126.6072,6.885
17,Dept-04,2010-11-26,Pharmacy,Premium,SPLR-006,1005448.76,2,502724.38,1139295.24,19.03,2.83,126.6692667,6.885
17,Dept-05,2010-03-12,Grocery,Regular,SPLR-004,926573.81,26,35637.45,1058310.25,22.47,2.812,126.7313333,6.885
17,Dept-09,2010-10-12,Home Essentials,Regular,SPLR-009,962475.55,15,64165.04,1078577.4,31.64,2.817,126.7934,6.885
17,Dept-06,2010-12-17,Home Essentials,Regular,SPLR-007,1049372.38,34,30863.89,1217365.84,25.13,2.842,126.8794839,6.885
17,Dept-04,2010-12-24,Electronics,Premium,SPLR-005,1309226.79,9,145469.64,1512228.76,26.58,2.846,126.9835806,6.885
17,Dept-06,2010-12-31,Clothing,Premium,SPLR-007,635862.55,44,14451.42,742978.95,20.79,2.868,127.0876774,6.885
17,Dept-06,2011-07-01,Electronics,New,SPLR-005,1083071.14,25,43322.85,1192997.16,6.23,2.891,127.1917742,6.866
17,Dept-01,2011-01-14,Grocery,Premium,SPLR-004,758510.36,45,16855.79,904959.19,16.57,2.903,127.3009355,6.866
17,Dept-10,2011-01-21,Grocery,Regular,SPLR-004,755804.37,45,16795.65,878208.69,26.62,2.934,127.4404839,6.866
17,Dept-09,2011-01-28,Clothing,Premium,SPLR-010,736335.69,22,33469.8,834524.96,22.16,2.96,127.5800323,6.866
17,Dept-09,2011-04-02,Pharmacy,Regular,SPLR-004,816603.05,22,37118.32,958642.54,11.29,2.974,127.7195806,6.866
17,Dept-06,2011-11-02,Pharmacy,New,SPLR-005,813211.46,6,135535.24,916509.22,14.19,3.034,127.859129,6.866
17,Dept-07,2011-02-18,Clothing,Regular,SPLR-007,860962.91,43,20022.39,1026820.81,26.86,3.062,127.99525,6.866
17,Dept-01,2011-02-25,Grocery,New,SPLR-001,767256.53,12,63938.04,889589.97,24.36,3.12,128.13,6.866
17,Dept-10,2011-04-03,Grocery,Regular,SPLR-008,816138.33,34,24004.07,943250.55,24.21,3.23,128.26475,6.866
17,Dept-10,2011-11-03,Electronics,Regular,SPLR-007,779602.36,25,31184.09,928261.93,32.42,3.346,128.3995,6.866
17,Dept-10,2011-03-18,Electronics,Premium,SPLR-005,778436.81,6,129739.47,887832.07,34.48,3.407,128.5121935,6.866
17,Dept-03,2011-03-25,Electronics,Regular,SPLR-006,781267.76,30,26042.26,897137.1,36.71,3.435,128.6160645,6.866
17,Dept-01,2011-01-04,Electronics,Regular,SPLR-007,795859.23,29,27443.42,878729.12,39.38,3.487,128.7199355,6.774
17,Dept-06,2011-08-04,Electronics,Premium,SPLR-004,811855.72,25,32474.23,947123.8,39.16,3.547,128.8238065,6.774
17,Dept-03,2011-04-15,Clothing,New,SPLR-008,825283.43,8,103160.43,966835.1,39.98,3.616,128.9107333,6.774
17,Dept-10,2011-04-22,Pharmacy,Regular,SPLR-009,1060770.11,13,81597.7,1230941.95,42.24,3.655,128.9553,6.774
17,Dept-09,2011-04-29,Clothing,New,SPLR-002,806979.15,46,17543.03,892547.2,40.14,3.683,128.9998667,6.774
17,Dept-05,2011-06-05,Grocery,New,SPLR-003,882132.28,40,22053.31,1047377.5,45.66,3.744,129.0444333,6.774
17,Dept-02,2011-05-13,Clothing,Premium,SPLR-004,870625.49,34,25606.63,973634.84,49.26,3.77,129.089,6.774
17,Dept-09,2011-05-20,Home Essentials,Regular,SPLR-002,844443.35,13,64957.18,1010000.14,51.93,3.802,129.0756774,6.774
17,Dept-07,2011-05-27,Electronics,New,SPLR-005,892056.64,12,74338.05,984052.19,51.04,3.778,129.0623548,6.774
17,Dept-07,2011-03-06,Electronics,Regular,SPLR-008,895020.48,48,18646.26,995015.16,49.61,3.752,129.0490323,6.774
17,Dept-03,2011-10-06,Clothing,Regular,SPLR-007,881190.46,16,55074.4,979963.52,54.57,3.732,129.0357097,6.774
17,Dept-02,2011-06-17,Grocery,Regular,SPLR-002,894686.67,22,40667.58,1034636.53,56.61,3.704,129.0432,6.774
17,Dept-09,2011-06-24,Pharmacy,Premium,SPLR-006,920719.98,37,24884.32,1032842.27,60.99,3.668,129.0663,6.774
17,Dept-08,2011-01-07,Electronics,Regular,SPLR-001,940554.34,40,23513.86,1101013.78,67.39,3.613,129.0894,6.745
17,Dept-07,2011-08-07,Electronics,Regular,SPLR-010,915064.22,46,19892.7,1094610.81,70.6,3.563,129.1125,6.745
17,Dept-09,2011-07-15,Pharmacy,Regular,SPLR-003,902727.76,41,22017.75,1028480.56,67.93,3.553,129.1338387,6.745
17,Dept-08,2011-07-22,Grocery,New,SPLR-005,899044.34,29,31001.53,1069813.86,69.82,3.563,129.1507742,6.745
17,Dept-06,2011-07-29,Clothing,New,SPLR-004,861894.77,12,71824.56,961511.35,68.59,3.574,129.1677097,6.745
17,Dept-06,2011-05-08,Electronics,Regular,SPLR-009,866184.92,24,36091.04,1019039.52,65.71,3.595,129.1846452,6.745
17,Dept-01,2011-12-08,Home Essentials,Regular,SPLR-004,800819.79,1,800819.79,903474.94,64.79,3.606,129.2015806,6.745
17,Dept-06,2011-08-19,Pharmacy,Regular,SPLR-008,797523.04,11,72502.09,890143.27,67.59,3.578,129.2405806,6.745
17,Dept-02,2011-08-26,Pharmacy,Regular,SPLR-003,837390.79,46,18204.15,993231.67,72.04,3.57,129.2832581,6.745
17,Dept-07,2011-02-09,Clothing,Regular,SPLR-008,847380.07,44,19258.64,1009427.32,69.31,3.58,129.3259355,6.745
17,Dept-05,2011-09-09,Electronics,Regular,SPLR-010,1161900.18,39,29792.31,1332988.79,61.94,3.619,129.3686129,6.745
17,Dept-05,2011-09-16,Electronics,Premium,SPLR-004,1051116.95,15,70074.46,1240711.72,61.48,3.641,129.4306,6.745
17,Dept-08,2011-09-23,Grocery,Regular,SPLR-006,895535.31,13,68887.33,1028846.35,56.96,3.648,129.5183333,6.745
17,Dept-02,2011-09-30,Electronics,Regular,SPLR-007,868191.05,45,19293.13,961408.1,61.4,3.623,129.6060667,6.745
17,Dept-06,2011-07-10,Home Essentials,Regular,SPLR-002,918006.9,5,183601.38,1095222.99,54.4,3.592,129.6938,6.617
17,Dept-10,2011-10-14,Home Essentials,Regular,SPLR-003,884042.63,11,80367.51,1024102.42,47.69,3.567,129.7706452,6.617
17,Dept-01,2011-10-21,Pharmacy,Regular,SPLR-010,877380.22,17,51610.6,987078.37,47.27,3.579,129.7821613,6.617
17,Dept-09,2011-10-28,Pharmacy,Regular,SPLR-005,936508.43,27,34685.5,1102109.65,41.89,3.567,129.7936774,6.617
17,Dept-10,2011-04-11,Electronics,Regular,SPLR-008,927657.63,10,92765.76,1111008.75,37.52,3.538,129.8051935,6.617
17,Dept-08,2011-11-11,Grocery,Regular,SPLR-001,914759.2,48,19057.48,1082531.47,27.61,3.513,129.8167097,6.617
17,Dept-05,2011-11-18,Clothing,Premium,SPLR-002,877724.31,43,20412.19,972191.13,32.93,3.489,129.8268333,6.617
17,Dept-01,2011-11-25,Clothing,New,SPLR-008,1225700.28,28,43775.01,1426261.51,32.81,3.445,129.8364,6.617
17,Dept-07,2011-02-12,Home Essentials,Regular,SPLR-004,945267.68,24,39386.15,1064015.8,26.47,3.389,129.8459667,6.617
17,Dept-10,2011-09-12,Home Essentials,New,SPLR-005,976522.93,37,26392.51,1127311.02,17.56,3.341,129.8555333,6.617
17,Dept-04,2011-12-16,Electronics,Regular,SPLR-004,1067754.06,39,27378.31,1263447.12,21.07,3.282,129.8980645,6.617
17,Dept-05,2011-12-23,Grocery,Regular,SPLR-009,1289156.9,45,28647.93,1440494.01,18.76,3.186,129.9845484,6.617
17,Dept-01,2011-12-30,Pharmacy,Regular,SPLR-001,777207.3,9,86356.37,913454.54,26.73,3.119,130.0710323,6.617
17,Dept-07,2012-06-01,Home Essentials,Regular,SPLR-005,1198104.22,47,25491.58,1404442.34,27.64,3.08,130.1575161,6.403
17,Dept-09,2012-01-13,Pharmacy,Regular,SPLR-010,873576.96,1,873576.96,1018536.75,20.28,3.056,130.244,6.403
17,Dept-01,2012-01-20,Home Essentials,Premium,SPLR-006,809272.65,34,23802.14,935917.52,27.26,3.047,130.2792258,6.403
17,Dept-02,2012-01-27,Home Essentials,Regular,SPLR-003,769522.33,47,16372.82,898947.74,29.99,3.058,130.3144516,6.403
17,Dept-06,2012-03-02,Grocery,Regular,SPLR-004,864852.85,48,18017.77,1009960.99,26.26,3.077,130.3496774,6.403
17,Dept-02,2012-10-02,Grocery,Regular,SPLR-009,880165.7,38,23162.26,978350.88,23.63,3.116,130.3849032,6.403
17,Dept-05,2012-02-17,Pharmacy,Premium,SPLR-002,927084.65,12,77257.05,1085961.89,30.76,3.119,130.4546207,6.403
17,Dept-06,2012-02-24,Pharmacy,Premium,SPLR-006,843864.43,5,168772.89,979660.27,30.01,3.145,130.5502069,6.403
17,Dept-09,2012-02-03,Grocery,New,SPLR-007,856178.47,43,19911.13,1012526.16,26.28,3.242,130.6457931,6.403
17,Dept-09,2012-09-03,Grocery,Premium,SPLR-003,860224.98,42,20481.55,960626.45,32.02,3.38,130.7413793,6.403
17,Dept-08,2012-03-16,Home Essentials,Regular,SPLR-010,853136.46,33,25852.62,970998.6,43.69,3.529,130.8261935,6.403
17,Dept-06,2012-03-23,Electronics,New,SPLR-003,851762.28,21,40560.11,956824.87,40.69,3.671,130.8966452,6.403
17,Dept-10,2012-03-30,Grocery,Regular,SPLR-003,872469.03,16,54529.31,1016396.07,45.29,3.734,130.9670968,6.403
17,Dept-01,2012-06-04,Electronics,Regular,SPLR-005,986922.62,38,25971.65,1086230.9,43.92,3.793,131.0375484,6.235
17,Dept-05,2012-04-13,Home Essentials,New,SPLR-008,877055.32,47,18660.75,997853.37,46.94,3.833,131.108,6.235
17,Dept-03,2012-04-20,Clothing,Premium,SPLR-010,1119979.98,25,44799.2,1309532.86,47.69,3.845,131.1173333,6.235
17,Dept-07,2012-04-27,Clothing,Regular,SPLR-001,925916.65,39,23741.45,1065126.69,59.11,3.842,131.1266667,6.235
17,Dept-05,2012-04-05,Pharmacy,Premium,SPLR-003,930121.14,34,27356.5,1080199.79,48.86,3.831,131.136,6.235
17,Dept-04,2012-11-05,Home Essentials,Regular,SPLR-004,944100.3,46,20523.92,1089397.69,49.96,3.809,131.1453333,6.235
17,Dept-04,2012-05-18,Electronics,Premium,SPLR-009,968816.33,19,50990.33,1119469.42,59.67,3.808,131.0983226,6.235
17,Dept-03,2012-05-25,Electronics,Regular,SPLR-009,984881.59,11,89534.69,1161481.03,55.69,3.801,131.0287742,6.235
17,Dept-09,2012-01-06,Pharmacy,Regular,SPLR-006,938914.28,38,24708.27,1034170.34,54.13,3.788,130.9592258,6.235
17,Dept-08,2012-08-06,Electronics,Premium,SPLR-009,987990.24,23,42956.1,1099798.66,60.51,3.776,130.8896774,6.235
17,Dept-09,2012-06-15,Clothing,Regular,SPLR-004,964169.67,17,56715.86,1125554.43,56.67,3.756,130.8295333,6.235
17,Dept-07,2012-06-22,Clothing,Regular,SPLR-005,981210.57,31,31651.95,1100940.78,62.9,3.737,130.7929,6.235
17,Dept-07,2012-06-29,Pharmacy,Premium,SPLR-002,982322.24,33,29767.34,1088032.27,71.14,3.681,130.7562667,6.235
17,Dept-10,2012-06-07,Grocery,Premium,SPLR-008,1046782.52,43,24343.78,1153210.69,68.91,3.63,130.7196333,5.936
17,Dept-05,2012-07-13,Home Essentials,New,SPLR-009,960746.04,9,106749.56,1064702.08,72.94,3.595,130.683,5.936
17,Dept-09,2012-07-20,Grocery,Premium,SPLR-004,944698.7,1,944698.7,1048899.99,70.59,3.556,130.7012903,5.936
17,Dept-02,2012-07-27,Clothing,Regular,SPLR-006,907493.24,32,28359.16,1041274.63,74.2,3.537,130.7195806,5.936
17,Dept-02,2012-03-08,Clothing,Regular,SPLR-007,877813.33,1,877813.33,1022634.96,72.94,3.512,130.737871,5.936
17,Dept-06,2012-10-08,Home Essentials,Regular,SPLR-003,849074.04,12,70756.17,969839.34,73.29,3.509,130.7561613,5.936
17,Dept-02,2012-08-17,Pharmacy,Regular,SPLR-007,844928.17,20,42246.41,951437.44,70.98,3.545,130.7909677,5.936
17,Dept-07,2012-08-24,Pharmacy,Regular,SPLR-010,924299.78,27,34233.33,1097815.97,68.89,3.582,130.8381613,5.936
17,Dept-07,2012-08-31,Grocery,Regular,SPLR-009,865924.2,1,865924.2,1008294.64,68.07,3.624,130.8853548,5.936
17,Dept-02,2012-07-09,Grocery,Premium,SPLR-001,1255633.29,33,38049.49,1450863.65,61.99,3.689,130.9325484,5.936
17,Dept-08,2012-09-14,Grocery,Regular,SPLR-009,1071040.22,8,133880.03,1214512.58,59.64,3.749,130.9776667,5.936
17,Dept-06,2012-09-21,Electronics,Premium,SPLR-008,938303.28,25,37532.13,1125467.38,58.43,3.821,131.0103333,5.936
17,Dept-10,2012-09-28,Clothing,Premium,SPLR-003,972716.24,46,21146.01,1144154.33,57.77,3.821,131.043,5.936
17,Dept-08,2012-05-10,Clothing,Regular,SPLR-006,952609.17,3,317536.39,1108042.56,52.81,3.815,131.0756667,5.527
17,Dept-06,2012-12-10,Clothing,Premium,SPLR-009,919878.34,8,114984.79,1030096.99,44.82,3.797,131.1083333,5.527
17,Dept-01,2012-10-19,Grocery,Regular,SPLR-008,957356.84,37,25874.51,1134072.4,48.16,3.781,131.1499677,5.527
17,Dept-06,2012-10-26,Clothing,Regular,SPLR-001,943465.29,25,37738.61,1125648.9,39.94,3.755,131.1930968,5.527
18,Dept-10,2010-05-02,Grocery,Regular,SPLR-009,1205307.5,49,24598.11,1441190.03,21.33,2.788,131.5279032,9.202
18,Dept-03,2010-12-02,Pharmacy,Regular,SPLR-002,1187880.7,48,24747.51,1372051.54,26.41,2.771,131.5866129,9.202
18,Dept-02,2010-02-19,Electronics,Regular,SPLR-003,1150663.42,18,63925.75,1317645.89,30.91,2.747,131.637,9.202
18,Dept-09,2010-02-26,Home Essentials,Regular,SPLR-001,1068157.45,29,36833.02,1254307.98,35.42,2.753,131.686,9.202
18,Dept-02,2010-05-03,Clothing,Premium,SPLR-008,1179738.5,38,31045.75,1298197.41,37.17,2.766,131.735,9.202
18,Dept-10,2010-12-03,Grocery,New,SPLR-009,1138800.32,33,34509.1,1325555.5,42.39,2.805,131.784,9.202
18,Dept-10,2010-03-19,Grocery,Regular,SPLR-001,1087507.47,29,37500.26,1268222.42,45.42,2.834,131.8242903,9.202
18,Dept-03,2010-03-26,Electronics,New,SPLR-002,1092704.09,22,49668.37,1215287.4,47.55,2.831,131.863129,9.202
18,Dept-02,2010-02-04,Pharmacy,Regular,SPLR-006,1254107.84,4,313526.96,1424965.52,45.63,2.826,131.9019677,9.269
18,Dept-10,2010-09-04,Electronics,Premium,SPLR-004,1174447.55,41,28645.06,1292174.56,59.91,2.849,131.9408065,9.269
18,Dept-03,2010-04-16,Grocery,New,SPLR-004,1135577.62,24,47315.73,1297133.52,50.26,2.885,131.9809,9.269
18,Dept-01,2010-04-23,Grocery,Regular,SPLR-007,1132433.55,33,34316.17,1312592.93,50.3,2.895,132.0226667,9.269
18,Dept-09,2010-04-30,Clothing,Regular,SPLR-001,1060446.16,6,176741.03,1183154.39,51.12,2.935,132.0644333,9.269
18,Dept-01,2010-07-05,Grocery,Regular,SPLR-004,1222255.47,17,71897.38,1347912.73,65.64,2.981,132.1062,9.269
18,Dept-05,2010-05-14,Pharmacy,Regular,SPLR-003,1092616.49,27,40467.28,1218630.82,49.9,2.983,132.152129,9.269
18,Dept-04,2010-05-21,Electronics,Premium,SPLR-004,1101621.36,44,25036.85,1296424.48,60.27,2.961,132.2230323,9.269
18,Dept-08,2010-05-28,Clothing,New,SPLR-002,1256282.79,32,39258.84,1486753.26,69.12,2.906,132.2939355,9.269
18,Dept-09,2010-04-06,Pharmacy,Regular,SPLR-002,1271311.76,49,25945.14,1497401.27,70.28,2.857,132.3648387,9.269
18,Dept-04,2010-11-06,Clothing,Regular,SPLR-002,1173521.82,16,73345.11,1323466.69,64.08,2.83,132.4357419,9.269
18,Dept-08,2010-06-18,Pharmacy,Regular,SPLR-007,1183225.92,6,197204.32,1370138.28,65.96,2.805,132.4733333,9.269
18,Dept-09,2010-06-25,Clothing,Premium,SPLR-001,1220983.17,12,101748.6,1458837.5,74.04,2.81,132.4976,9.269
18,Dept-01,2010-02-07,Grocery,Premium,SPLR-002,1257928.35,49,25672.01,1458626.85,71.22,2.815,132.5218667,9.342
18,Dept-04,2010-09-07,Pharmacy,New,SPLR-010,1171391.41,1,1171391.41,1319568.31,79.75,2.806,132.5461333,9.342
18,Dept-08,2010-07-16,Electronics,Premium,SPLR-010,1115514.61,25,44620.58,1232537.44,76.9,2.796,132.5667742,9.342
18,Dept-03,2010-07-23,Electronics,Regular,SPLR-009,1032908.23,34,30379.65,1194295.35,75.71,2.784,132.5825806,9.342
18,Dept-10,2010-07-30,Home Essentials,Regular,SPLR-008,1078557.62,12,89879.8,1245874.36,75.79,2.792,132.5983871,9.342
18,Dept-04,2010-06-08,Grocery,Regular,SPLR-008,1166117.85,17,68595.17,1348250.91,73.67,2.792,132.6141935,9.342
18,Dept-07,2010-08-13,Pharmacy,New,SPLR-001,1084722.78,43,25226.11,1293030.83,74.19,2.81,132.63,9.342
18,Dept-06,2010-08-20,Clothing,New,SPLR-008,1141860.67,41,27850.26,1293765.3,71.76,2.796,132.6616129,9.342
18,Dept-04,2010-08-27,Grocery,Premium,SPLR-008,1214302.76,24,50595.95,1380185.36,67.05,2.77,132.6932258,9.342
18,Dept-02,2010-03-09,Electronics,Regular,SPLR-006,1187359.77,34,34922.35,1405821.95,75.42,2.735,132.7248387,9.342
18,Dept-02,2010-10-09,Clothing,Regular,SPLR-010,1011201.12,37,27329.76,1114255.01,67.09,2.717,132.7564516,9.342
18,Dept-07,2010-09-17,Grocery,Regular,SPLR-007,997998.21,13,76769.09,1181592.55,60.94,2.716,132.7670667,9.342
18,Dept-01,2010-09-24,Clothing,Regular,SPLR-003,950862.92,48,19809.64,1128035.62,64.82,2.718,132.7619333,9.342
18,Dept-04,2010-01-10,Clothing,New,SPLR-008,948977.5,1,948977.5,1115117.46,67.76,2.717,132.7568,9.331
18,Dept-09,2010-08-10,Pharmacy,Regular,SPLR-004,1107432.71,29,38187.33,1300493.16,54.73,2.776,132.7516667,9.331
18,Dept-06,2010-10-15,Home Essentials,Regular,SPLR-004,1029618.1,31,33213.49,1137044.62,52.02,2.878,132.7633548,9.331
18,Dept-03,2010-10-22,Clothing,Regular,SPLR-007,1052120.43,16,65757.53,1226529.01,47.12,2.919,132.8170968,9.331
18,Dept-03,2010-10-29,Electronics,New,SPLR-005,1038576.54,20,51928.83,1215133.24,55.85,2.938,132.8708387,9.331
18,Dept-03,2010-05-11,Home Essentials,Premium,SPLR-005,1089530.94,9,121058.99,1297351.54,42.05,2.938,132.9245806,9.331
18,Dept-10,2010-12-11,Clothing,Regular,SPLR-002,1081322.12,27,40048.97,1228780.57,43.17,2.961,132.9783226,9.331
18,Dept-01,2010-11-19,Clothing,New,SPLR-002,1045722.37,12,87143.53,1187858.38,45.26,3.03,132.9172,9.331
18,Dept-08,2010-11-26,Clothing,Premium,SPLR-002,1653759.36,7,236251.34,1864031.28,40.81,3.07,132.8369333,9.331
18,Dept-06,2010-03-12,Clothing,Regular,SPLR-004,1211026.13,18,67279.23,1333791.18,37.09,3.065,132.7566667,9.331
18,Dept-10,2010-10-12,Home Essentials,Premium,SPLR-004,1416168.98,44,32185.66,1572404.01,25.64,3.132,132.6764,9.331
18,Dept-07,2010-12-17,Home Essentials,Premium,SPLR-009,1588430.71,7,226918.67,1879750.15,27.4,3.139,132.6804516,9.331
18,Dept-02,2010-12-24,Grocery,Regular,SPLR-010,2027507.15,47,43138.45,2250625.71,28.16,3.15,132.7477419,9.331
18,Dept-06,2010-12-31,Pharmacy,Premium,SPLR-007,887907.01,44,20179.7,982572.72,26.1,3.177,132.8150323,9.331
18,Dept-09,2011-07-01,Grocery,Regular,SPLR-006,933960.3,25,37358.41,1089082.04,30.1,3.193,132.8823226,9.131
18,Dept-09,2011-01-14,Electronics,Regular,SPLR-004,777175.28,27,28784.27,891686.92,22.69,3.215,132.9510645,9.131
18,Dept-02,2011-01-21,Clothing,Regular,SPLR-007,891148.55,31,28746.73,1035617.45,22.55,3.232,133.0285161,9.131
18,Dept-08,2011-01-28,Home Essentials,Premium,SPLR-001,849540.85,39,21783.1,949655.14,14.84,3.243,133.1059677,9.131
18,Dept-07,2011-04-02,Grocery,Regular,SPLR-002,1055841.24,22,47992.78,1181971.66,20.79,3.24,133.1834194,9.131
18,Dept-07,2011-11-02,Pharmacy,Regular,SPLR-009,1122053.58,21,53431.12,1262958.09,24.3,3.255,133.260871,9.131
18,Dept-05,2011-02-18,Clothing,Regular,SPLR-010,1095058.57,47,23299.12,1291770.7,31.59,3.263,133.3701429,9.131
18,Dept-10,2011-02-25,Pharmacy,Regular,SPLR-006,1005983.31,44,22863.26,1134621.42,26.15,3.281,133.4921429,9.131
18,Dept-01,2011-04-03,Home Essentials,Regular,SPLR-006,1063310.62,38,27981.86,1216553.82,28.49,3.437,133.6141429,9.131
18,Dept-09,2011-11-03,Grocery,Regular,SPLR-005,1002714.25,5,200542.85,1120789.28,38.4,3.6,133.7361429,9.131
18,Dept-10,2011-03-18,Clothing,New,SPLR-005,945889.59,7,135127.08,1045193.62,41.12,3.634,133.8492258,9.131
18,Dept-04,2011-03-25,Grocery,Regular,SPLR-010,944523.3,34,27780.1,1074732.62,36.65,3.624,133.9587419,9.131
18,Dept-02,2011-01-04,Clothing,Regular,SPLR-010,938083.17,5,187616.63,1071966.6,35.06,3.638,134.0682581,8.975
18,Dept-07,2011-08-04,Clothing,New,SPLR-005,1018541.3,27,37723.75,1203765.75,43.32,3.72,134.1777742,8.975
18,Dept-04,2011-04-15,Home Essentials,Premium,SPLR-009,988157.72,14,70582.69,1124626.84,49.91,3.823,134.2784667,8.975
18,Dept-05,2011-04-22,Electronics,Regular,SPLR-007,1105860.06,42,26330.0,1242762.07,45.99,3.919,134.3571,8.975
18,Dept-05,2011-04-29,Clothing,New,SPLR-005,974114.39,43,22653.82,1074090.61,58.82,3.988,134.4357333,8.975
18,Dept-01,2011-06-05,Grocery,Premium,SPLR-010,1065427.37,20,53271.37,1210107.5,54.17,4.078,134.5143667,8.975
18,Dept-10,2011-05-13,Grocery,Regular,SPLR-005,993172.98,20,49658.65,1139965.6,58.48,4.095,134.593,8.975
18,Dept-07,2011-05-20,Home Essentials,Regular,SPLR-008,994610.43,28,35521.8,1173605.91,57.55,4.101,134.6803871,8.975
18,Dept-10,2011-05-27,Clothing,New,SPLR-007,1065214.14,3,355071.38,1260669.83,64.6,4.034,134.7677742,8.975
18,Dept-10,2011-03-06,Grocery,Regular,SPLR-008,1178039.0,28,42072.82,1300115.31,70.9,3.973,134.8551613,8.975
18,Dept-06,2011-10-06,Clothing,Regular,SPLR-002,1044079.2,10,104407.92,1188537.34,69.49,3.924,134.9425484,8.975
18,Dept-08,2011-06-17,Clothing,Regular,SPLR-009,1045859.39,38,27522.62,1166360.64,63.23,3.873,135.0837333,8.975
18,Dept-04,2011-06-24,Clothing,Regular,SPLR-001,1056478.65,32,33014.96,1249483.57,67.41,3.851,135.2652667,8.975
18,Dept-07,2011-01-07,Electronics,Regular,SPLR-007,1087051.26,19,57213.22,1199008.16,69.75,3.815,135.4468,8.89
18,Dept-09,2011-08-07,Grocery,Premium,SPLR-010,1048802.62,32,32775.08,1193374.26,73.12,3.784,135.6283333,8.89
18,Dept-05,2011-07-15,Electronics,Premium,SPLR-009,974916.13,16,60932.26,1127808.11,74.36,3.827,135.7837419,8.89
18,Dept-04,2011-07-22,Clothing,Regular,SPLR-006,991262.46,12,82605.2,1103000.92,78.68,3.882,135.8738387,8.89
18,Dept-07,2011-07-29,Grocery,Regular,SPLR-006,954148.64,39,24465.35,1070367.17,73.85,3.898,135.9639355,8.89
18,Dept-04,2011-05-08,Clothing,Premium,SPLR-005,1002806.39,32,31337.7,1161369.03,74.58,3.903,136.0540323,8.89
18,Dept-04,2011-12-08,Clothing,New,SPLR-003,928470.83,31,29950.67,1096381.34,73.57,3.88,136.144129,8.89
18,Dept-02,2011-08-19,Electronics,New,SPLR-009,932679.79,17,54863.52,1094015.2,69.24,3.82,136.183129,8.89
18,Dept-10,2011-08-26,Electronics,Regular,SPLR-009,1147906.46,44,26088.78,1356625.98,70.32,3.796,136.2136129,8.89
18,Dept-03,2011-02-09,Home Essentials,Regular,SPLR-002,540922.94,9,60102.55,626618.66,68.23,3.784,136.2440968,8.89
18,Dept-08,2011-09-09,Pharmacy,New,SPLR-002,951549.61,10,95154.96,1078049.35,68.11,3.809,136.2745806,8.89
18,Dept-01,2011-09-16,Home Essentials,Premium,SPLR-009,845715.37,26,32527.51,971467.62,66.23,3.809,136.3145,8.89
18,Dept-08,2011-09-23,Clothing,Regular,SPLR-009,853073.17,7,121867.6,966953.71,60.44,3.758,136.367,8.89
18,Dept-04,2011-09-30,Grocery,Regular,SPLR-010,847348.08,13,65180.62,963416.33,69.01,3.684,136.4195,8.89
18,Dept-01,2011-07-10,Pharmacy,Regular,SPLR-003,1019741.1,10,101974.11,1150798.64,54.65,3.633,136.472,8.471
18,Dept-10,2011-10-14,Home Essentials,New,SPLR-003,953533.95,46,20729.0,1081430.89,60.26,3.583,136.5150968,8.471
18,Dept-06,2011-10-21,Clothing,New,SPLR-007,1048212.62,17,61659.57,1159289.16,55.83,3.618,136.5017742,8.471
18,Dept-07,2011-10-28,Clothing,Regular,SPLR-003,1106642.63,36,30740.07,1239772.2,45.61,3.604,136.4884516,8.471
18,Dept-05,2011-04-11,Grocery,Regular,SPLR-008,1100625.06,29,37952.59,1219950.95,38.29,3.586,136.475129,8.471
18,Dept-09,2011-11-11,Grocery,Premium,SPLR-006,1079931.63,5,215986.33,1286531.01,45.69,3.57,136.4618065,8.471
18,Dept-10,2011-11-18,Home Essentials,Regular,SPLR-005,1056992.18,34,31088.01,1196554.33,47.88,3.571,136.4666667,8.471
18,Dept-08,2011-11-25,Electronics,Regular,SPLR-004,1624170.99,32,50755.34,1883002.96,41.97,3.536,136.4788,8.471
18,Dept-05,2011-02-12,Grocery,New,SPLR-001,1188047.61,23,51654.24,1331066.52,46.25,3.501,136.4909333,8.471
18,Dept-05,2011-09-12,Grocery,Regular,SPLR-005,1368471.23,30,45615.71,1577329.08,42.36,3.47,136.5030667,8.471
18,Dept-03,2011-12-16,Pharmacy,Regular,SPLR-005,1516924.23,5,303384.85,1744734.4,35.52,3.445,136.5335161,8.471
18,Dept-05,2011-12-23,Grocery,Regular,SPLR-007,1882393.4,36,52288.71,2237196.61,35.78,3.413,136.5883871,8.471
18,Dept-02,2011-12-30,Clothing,Regular,SPLR-003,1010562.49,37,27312.5,1193416.13,32.36,3.402,136.6432581,8.471
18,Dept-02,2012-06-01,Grocery,Regular,SPLR-007,977286.07,3,325762.02,1109278.32,31.27,3.439,136.698129,8.075
18,Dept-08,2012-01-13,Clothing,Regular,SPLR-008,890130.25,30,29671.01,1055863.55,35.25,3.523,136.753,8.075
18,Dept-01,2012-01-20,Pharmacy,New,SPLR-006,937522.77,19,49343.3,1058575.4,24.2,3.542,136.8564194,8.075
18,Dept-08,2012-01-27,Pharmacy,Regular,SPLR-008,825584.22,43,19199.63,939646.84,30.44,3.568,136.9598387,8.075
18,Dept-09,2012-03-02,Home Essentials,Regular,SPLR-005,1049772.04,17,61751.3,1177347.32,37.62,3.633,137.0632581,8.075
18,Dept-05,2012-10-02,Pharmacy,Regular,SPLR-007,1161615.51,33,35200.47,1333735.58,32.83,3.655,137.1666774,8.075
18,Dept-01,2012-02-17,Grocery,Premium,SPLR-007,1115985.81,23,48521.12,1333950.93,32.87,3.703,137.2583103,8.075
18,Dept-07,2012-02-24,Clothing,Regular,SPLR-006,1037861.11,7,148265.87,1154054.26,36.34,3.751,137.3411034,8.075
18,Dept-04,2012-02-03,Home Essentials,Regular,SPLR-007,1047178.91,17,61598.76,1253592.23,33.59,3.827,137.4238966,8.075
18,Dept-03,2012-09-03,Grocery,Regular,SPLR-002,1084894.47,39,27817.81,1277234.37,38.1,3.876,137.5066897,8.075
18,Dept-09,2012-03-16,Electronics,Regular,SPLR-003,1022018.43,23,44435.58,1204424.14,45.84,3.867,137.5843871,8.075
18,Dept-08,2012-03-23,Clothing,Regular,SPLR-003,1031139.3,14,73652.81,1218754.76,58.06,3.889,137.6552903,8.075
18,Dept-07,2012-03-30,Electronics,Regular,SPLR-006,1009121.2,41,24612.71,1133722.71,45.35,3.921,137.7261935,8.075
18,Dept-08,2012-06-04,Clothing,New,SPLR-008,1200815.3,46,26104.68,1412585.85,43.8,3.957,137.7970968,8.304
18,Dept-06,2012-04-13,Home Essentials,New,SPLR-001,998443.5,9,110938.17,1129538.12,47.75,4.025,137.868,8.304
18,Dept-06,2012-04-20,Grocery,Regular,SPLR-003,1025813.8,6,170968.97,1195292.42,60.88,4.046,137.9230667,8.304
18,Dept-09,2012-04-27,Pharmacy,Regular,SPLR-010,961186.23,22,43690.28,1113756.04,50.43,4.023,137.9781333,8.304
18,Dept-05,2012-04-05,Electronics,Regular,SPLR-001,1050027.89,49,21429.14,1170750.91,49.66,3.991,138.0332,8.304
18,Dept-06,2012-11-05,Grocery,Regular,SPLR-006,1060433.1,5,212086.62,1230632.01,57.44,3.947,138.0882667,8.304
18,Dept-04,2012-05-18,Clothing,Regular,SPLR-009,1047444.59,24,43643.52,1213630.88,62.31,3.899,138.1065806,8.304
18,Dept-03,2012-05-25,Grocery,New,SPLR-005,1088446.58,3,362815.53,1213440.6,65.48,3.85,138.1101935,8.304
18,Dept-09,2012-01-06,Pharmacy,Regular,SPLR-004,1118313.7,31,36074.64,1238421.12,71.42,3.798,138.1138065,8.304
18,Dept-02,2012-08-06,Pharmacy,Regular,SPLR-006,1110479.94,16,69405.0,1318288.64,59.1,3.746,138.1174194,8.304
18,Dept-09,2012-06-15,Home Essentials,Premium,SPLR-004,1057425.83,8,132178.23,1267373.55,66.58,3.683,138.1295333,8.304
18,Dept-10,2012-06-22,Clothing,Premium,SPLR-005,1080357.89,48,22507.46,1191693.56,70.92,3.629,138.1629,8.304
18,Dept-05,2012-06-29,Electronics,Regular,SPLR-006,1097006.3,17,64529.78,1217501.48,70.17,3.577,138.1962667,8.304
18,Dept-06,2012-06-07,Electronics,Regular,SPLR-003,1158247.31,5,231649.46,1325025.65,76.08,3.538,138.2296333,8.535
18,Dept-06,2012-07-13,Home Essentials,New,SPLR-002,1024784.92,43,23832.21,1201903.0,75.09,3.561,138.263,8.535
18,Dept-05,2012-07-20,Pharmacy,New,SPLR-010,1033543.56,46,22468.34,1223249.1,77.43,3.61,138.2331935,8.535
18,Dept-10,2012-07-27,Pharmacy,Regular,SPLR-009,924506.26,40,23112.66,1062654.12,72.97,3.701,138.2033871,8.535
18,Dept-05,2012-03-08,Clothing,New,SPLR-002,1052066.58,22,47821.21,1185682.49,72.67,3.698,138.1735806,8.535
18,Dept-06,2012-10-08,Pharmacy,Premium,SPLR-005,967304.07,40,24182.6,1088204.54,75.7,3.772,138.1437742,8.535
18,Dept-07,2012-08-17,Pharmacy,Regular,SPLR-008,1048134.24,43,24375.21,1251380.46,73.25,3.84,138.1857097,8.535
18,Dept-06,2012-08-24,Clothing,Regular,SPLR-001,1145840.91,27,42438.55,1315788.42,68.52,3.874,138.2814516,8.535
18,Dept-07,2012-08-31,Pharmacy,Premium,SPLR-007,1117097.23,30,37236.57,1265616.89,70.09,3.884,138.3771935,8.535
18,Dept-02,2012-07-09,Home Essentials,Regular,SPLR-006,1083521.24,12,90293.44,1261648.73,71.85,3.921,138.4729355,8.535
18,Dept-05,2012-09-14,Electronics,Regular,SPLR-007,960476.1,27,35573.19,1121207.61,64.45,3.988,138.5673,8.535
18,Dept-04,2012-09-21,Pharmacy,Regular,SPLR-010,971386.65,18,53965.92,1108301.61,60.23,4.056,138.6534,8.535
18,Dept-01,2012-09-28,Electronics,Premium,SPLR-003,1002856.2,3,334285.4,1111239.4,58.24,4.018,138.7395,8.535
18,Dept-02,2012-05-10,Grocery,Regular,SPLR-002,1092204.79,26,42007.88,1281993.38,59.68,4.027,138.8256,8.243
18,Dept-06,2012-12-10,Pharmacy,Premium,SPLR-007,1074079.0,22,48821.77,1232454.8,50.97,4.029,138.9117,8.243
18,Dept-08,2012-10-19,Home Essentials,Premium,SPLR-010,1048706.75,43,24388.53,1179262.23,51.96,4.0,138.8336129,8.243
18,Dept-10,2012-10-26,Grocery,Regular,SPLR-005,1127516.25,44,25625.37,1323254.89,56.09,3.917,138.7281613,8.243
19,Dept-10,2010-05-02,Grocery,Regular,SPLR-008,1507637.17,19,79349.32,1672731.77,20.96,2.954,131.5279032,8.35
19,Dept-04,2010-12-02,Home Essentials,Premium,SPLR-004,1536549.95,34,45192.65,1841138.25,23.22,2.94,131.5866129,8.35
19,Dept-09,2010-02-19,Electronics,Premium,SPLR-009,1515976.11,16,94748.51,1812560.59,28.57,2.909,131.637,8.35
19,Dept-04,2010-02-26,Pharmacy,Regular,SPLR-009,1373270.06,47,29218.51,1643504.41,30.33,2.91,131.686,8.35
19,Dept-02,2010-05-03,Clothing,Regular,SPLR-007,1495844.57,37,40428.23,1686927.73,32.92,2.919,131.735,8.35
19,Dept-05,2010-12-03,Home Essentials,Regular,SPLR-001,1467889.2,30,48929.64,1624505.96,39.06,2.938,131.784,8.35
19,Dept-03,2010-03-19,Pharmacy,Regular,SPLR-002,1332940.35,38,35077.38,1546156.2,43.74,2.96,131.8242903,8.35
19,Dept-09,2010-03-26,Home Essentials,Regular,SPLR-008,1427023.45,9,158558.16,1711716.84,39.07,2.963,131.863129,8.35
19,Dept-02,2010-02-04,Pharmacy,Premium,SPLR-007,1642970.27,25,65718.81,1833072.73,45.26,2.957,131.9019677,8.185
19,Dept-04,2010-09-04,Grocery,Regular,SPLR-008,1489613.32,28,53200.48,1682467.36,55.66,2.992,131.9408065,8.185
19,Dept-04,2010-04-16,Home Essentials,New,SPLR-002,1460354.67,5,292070.93,1670955.82,49.67,3.01,131.9809,8.185
19,Dept-10,2010-04-23,Home Essentials,New,SPLR-001,1456793.33,37,39372.79,1747973.33,46.87,3.021,132.0226667,8.185
19,Dept-04,2010-04-30,Pharmacy,Regular,SPLR-006,1405065.57,6,234177.6,1569958.59,49.89,3.042,132.0644333,8.185
19,Dept-01,2010-07-05,Home Essentials,Regular,SPLR-009,1566219.77,24,65259.16,1812205.7,62.54,3.095,132.1062,8.185
19,Dept-01,2010-05-14,Clothing,Regular,SPLR-004,1437319.45,4,359329.86,1669573.74,46.53,3.112,132.152129,8.185
19,Dept-03,2010-05-21,Home Essentials,New,SPLR-001,1377716.17,18,76539.79,1633625.03,57.53,3.096,132.2230323,8.185
19,Dept-10,2010-05-28,Grocery,Regular,SPLR-008,1648882.62,25,65955.3,1909096.68,68.85,3.046,132.2939355,8.185
19,Dept-09,2010-04-06,Pharmacy,Premium,SPLR-010,1519013.49,7,217001.93,1726684.81,68.88,3.006,132.3648387,8.185
19,Dept-09,2010-11-06,Pharmacy,Regular,SPLR-010,1410683.94,6,235113.99,1672358.64,61.64,2.972,132.4357419,8.185
19,Dept-08,2010-06-18,Clothing,Regular,SPLR-001,1457314.39,8,182164.3,1677330.48,66.25,2.942,132.4733333,8.185
19,Dept-07,2010-06-25,Electronics,Regular,SPLR-001,1450407.32,48,30216.82,1597828.62,72.3,2.958,132.4976,8.185
19,Dept-08,2010-02-07,Pharmacy,Regular,SPLR-009,1549018.68,11,140819.88,1792842.24,66.25,2.958,132.5218667,8.099
19,Dept-04,2010-09-07,Home Essentials,Regular,SPLR-003,1577541.24,3,525847.08,1831819.75,78.22,2.94,132.5461333,8.099
19,Dept-03,2010-07-16,Home Essentials,Regular,SPLR-009,1412157.02,45,31381.27,1582082.54,74.6,2.933,132.5667742,8.099
19,Dept-05,2010-07-23,Grocery,Premium,SPLR-006,1372043.71,27,50816.43,1527462.4,74.68,2.924,132.5825806,8.099
19,Dept-03,2010-07-30,Electronics,New,SPLR-003,1366395.96,39,35035.79,1539611.93,72.83,2.932,132.5983871,8.099
19,Dept-08,2010-06-08,Pharmacy,Regular,SPLR-006,1492060.89,37,40325.97,1714077.65,74.2,2.942,132.6141935,8.099
19,Dept-07,2010-08-13,Electronics,Regular,SPLR-004,1418027.08,47,30170.79,1680655.87,72.71,2.923,132.63,8.099
19,Dept-03,2010-08-20,Home Essentials,Regular,SPLR-007,1419383.19,36,39427.31,1629906.95,72.22,2.913,132.6616129,8.099
19,Dept-04,2010-08-27,Electronics,Regular,SPLR-007,1557888.16,19,81994.11,1770252.3,66.4,2.885,132.6932258,8.099
19,Dept-08,2010-03-09,Grocery,Regular,SPLR-001,1623519.64,1,1623519.64,1864458.82,74.69,2.86,132.7248387,8.099
19,Dept-05,2010-10-09,Clothing,Regular,SPLR-001,1591453.39,22,72338.79,1880117.88,63.36,2.837,132.7564516,8.099
19,Dept-01,2010-09-17,Grocery,Premium,SPLR-004,1386789.31,8,173348.66,1651952.76,58.68,2.846,132.7670667,8.099
19,Dept-04,2010-09-24,Home Essentials,New,SPLR-007,1318343.58,27,48827.54,1482884.18,63.43,2.837,132.7619333,8.099
19,Dept-02,2010-01-10,Grocery,Regular,SPLR-005,1379456.3,10,137945.63,1574177.61,59.91,2.84,132.7568,8.067
19,Dept-02,2010-08-10,Electronics,Premium,SPLR-003,1428960.72,44,32476.38,1613143.84,53.74,2.903,132.7516667,8.067
19,Dept-02,2010-10-15,Pharmacy,New,SPLR-010,1369317.63,25,54772.71,1519534.53,51.32,2.999,132.7633548,8.067
19,Dept-03,2010-10-22,Clothing,New,SPLR-001,1357154.71,4,339288.68,1582105.83,48.45,3.049,132.8170968,8.067
19,Dept-05,2010-10-29,Electronics,Regular,SPLR-007,1404576.48,49,28664.83,1594242.2,56.11,3.055,132.8708387,8.067
19,Dept-05,2010-05-11,Home Essentials,New,SPLR-002,1435379.25,39,36804.6,1583483.61,41.78,3.049,132.9245806,8.067
19,Dept-06,2010-12-11,Home Essentials,New,SPLR-007,1490235.86,1,1490235.86,1712667.43,40.3,3.065,132.9783226,8.067
19,Dept-04,2010-11-19,Home Essentials,Regular,SPLR-009,1377593.1,30,45919.77,1561820.54,44.22,3.138,132.9172,8.067
19,Dept-09,2010-11-26,Clothing,New,SPLR-007,1993367.83,13,153335.99,2229525.19,42.62,3.186,132.8369333,8.067
19,Dept-04,2010-03-12,Clothing,Premium,SPLR-008,1615987.96,8,201998.5,1825947.72,36.64,3.2,132.7566667,8.067
19,Dept-02,2010-10-12,Electronics,New,SPLR-002,1799070.98,5,359814.2,2005825.44,25.12,3.255,132.6764,8.067
19,Dept-08,2010-12-17,Electronics,Regular,SPLR-006,1911967.44,19,100629.87,2125044.36,26.83,3.301,132.6804516,8.067
19,Dept-06,2010-12-24,Grocery,Regular,SPLR-001,2678206.42,16,167387.9,2960481.98,26.05,3.309,132.7477419,8.067
19,Dept-06,2010-12-31,Pharmacy,Regular,SPLR-010,1275146.94,7,182163.85,1459562.03,28.65,3.336,132.8150323,8.067
19,Dept-01,2011-07-01,Grocery,Regular,SPLR-008,1224175.99,39,31389.13,1449197.41,31.34,3.351,132.8823226,7.771
19,Dept-10,2011-01-14,Clothing,Premium,SPLR-002,1181204.53,13,90861.89,1304445.72,21.68,3.367,132.9510645,7.771
19,Dept-08,2011-01-21,Electronics,Regular,SPLR-005,1212967.84,31,39127.99,1351192.8,22.8,3.391,133.0285161,7.771
19,Dept-10,2011-01-28,Pharmacy,Regular,SPLR-008,1284185.49,21,61151.69,1524110.7,20.66,3.402,133.1059677,7.771
19,Dept-07,2011-04-02,Clothing,Regular,SPLR-001,1370562.11,45,30456.94,1607361.83,21.02,3.4,133.1834194,7.771
19,Dept-01,2011-11-02,Home Essentials,Regular,SPLR-007,1430851.11,3,476950.37,1712113.78,21.79,3.416,133.260871,7.771
19,Dept-04,2011-02-18,Electronics,Regular,SPLR-004,1457270.16,7,208181.45,1695189.23,34.74,3.42,133.3701429,7.771
19,Dept-06,2011-02-25,Pharmacy,Regular,SPLR-008,1296658.47,15,86443.9,1533090.3,23.24,3.452,133.4921429,7.771
19,Dept-02,2011-04-03,Grocery,Regular,SPLR-001,1433569.44,3,477856.48,1653871.22,29.28,3.605,133.6141429,7.771
19,Dept-05,2011-11-03,Electronics,Premium,SPLR-004,1351450.43,32,42232.83,1511005.22,35.59,3.752,133.7361429,7.771
19,Dept-04,2011-03-18,Clothing,New,SPLR-003,1257972.37,31,40579.75,1458705.93,40.32,3.796,133.8492258,7.771
19,Dept-01,2011-03-25,Home Essentials,Premium,SPLR-004,1266564.94,12,105547.08,1501286.59,33.26,3.789,133.9587419,7.771
19,Dept-06,2011-01-04,Home Essentials,Regular,SPLR-006,1305950.22,29,45032.77,1487774.87,30.68,3.811,134.0682581,7.658
19,Dept-09,2011-08-04,Pharmacy,Regular,SPLR-001,1419911.91,42,33807.43,1564670.37,41.26,3.895,134.1777742,7.658
19,Dept-09,2011-04-15,Clothing,Regular,SPLR-001,1392093.04,18,77338.5,1534065.05,48.67,3.981,134.2784667,7.658
19,Dept-06,2011-04-22,Grocery,New,SPLR-007,1514288.82,16,94643.05,1705157.19,41.66,4.061,134.3571,7.658
19,Dept-02,2011-04-29,Grocery,New,SPLR-004,1297237.7,11,117930.7,1430098.88,54.23,4.117,134.4357333,7.658
19,Dept-01,2011-06-05,Grocery,Regular,SPLR-002,1451953.95,8,181494.24,1665608.59,50.43,4.192,134.5143667,7.658
19,Dept-03,2011-05-13,Home Essentials,Regular,SPLR-009,1429143.06,17,84067.24,1594349.27,54.2,4.211,134.593,7.658
19,Dept-06,2011-05-20,Electronics,New,SPLR-009,1355234.3,34,39859.83,1571853.36,52.8,4.202,134.6803871,7.658
19,Dept-06,2011-05-27,Grocery,Regular,SPLR-008,1388553.11,4,347138.28,1644743.82,63.2,4.134,134.7677742,7.658
19,Dept-01,2011-03-06,Pharmacy,Regular,SPLR-001,1457345.75,36,40481.83,1711131.7,66.01,4.069,134.8551613,7.658
19,Dept-10,2011-10-06,Clothing,New,SPLR-003,1467473.63,26,56441.29,1614575.16,68.26,4.025,134.9425484,7.658
19,Dept-10,2011-06-17,Clothing,Regular,SPLR-005,1418973.62,7,202710.52,1564898.55,64.02,3.989,135.0837333,7.658
19,Dept-01,2011-06-24,Pharmacy,Premium,SPLR-009,1440785.7,46,31321.43,1598889.77,68.4,3.964,135.2652667,7.658
19,Dept-03,2011-01-07,Clothing,New,SPLR-010,1462731.93,11,132975.63,1746205.88,67.64,3.916,135.4468,7.806
19,Dept-08,2011-08-07,Pharmacy,Regular,SPLR-006,1465489.75,35,41871.14,1624320.94,73.2,3.886,135.6283333,7.806
19,Dept-04,2011-07-15,Grocery,Regular,SPLR-009,1391580.41,24,57982.52,1638295.35,73.7,3.915,135.7837419,7.806
19,Dept-08,2011-07-22,Grocery,New,SPLR-002,1377119.45,15,91807.96,1599626.64,79.37,3.972,135.8738387,7.806
19,Dept-02,2011-07-29,Pharmacy,New,SPLR-007,1298775.8,25,51951.03,1433189.87,74.86,4.004,135.9639355,7.806
19,Dept-08,2011-05-08,Home Essentials,Regular,SPLR-001,1408968.55,19,74156.24,1611297.1,73.84,4.02,136.0540323,7.806
19,Dept-06,2011-12-08,Grocery,Regular,SPLR-001,1360969.45,20,68048.47,1520822.67,70.92,3.995,136.144129,7.806
19,Dept-10,2011-08-19,Electronics,New,SPLR-002,1391792.69,48,28995.68,1572778.59,71.14,3.942,136.183129,7.806
19,Dept-08,2011-08-26,Clothing,Premium,SPLR-008,1547729.24,1,1547729.24,1717800.84,69.34,3.906,136.2136129,7.806
19,Dept-07,2011-02-09,Electronics,Premium,SPLR-003,1609951.02,28,57498.25,1850686.43,69.27,3.879,136.2440968,7.806
19,Dept-02,2011-09-09,Pharmacy,Premium,SPLR-007,1566712.79,35,44763.22,1791099.44,68.28,3.93,136.2745806,7.806
19,Dept-05,2011-09-16,Electronics,Regular,SPLR-001,1365633.53,8,170704.19,1636727.96,62.76,3.937,136.3145,7.806
19,Dept-04,2011-09-23,Pharmacy,Regular,SPLR-005,1300375.76,21,61922.66,1491141.41,61.32,3.899,136.367,7.806
19,Dept-08,2011-09-30,Grocery,Regular,SPLR-010,1330757.22,32,41586.16,1527642.08,64.99,3.858,136.4195,7.806
19,Dept-05,2011-07-10,Grocery,Regular,SPLR-001,1461718.87,37,39505.92,1647064.26,53.1,3.775,136.472,7.866
19,Dept-02,2011-10-14,Clothing,Premium,SPLR-010,1318905.53,17,77582.68,1502075.29,61.86,3.744,136.5150968,7.866
19,Dept-04,2011-10-21,Clothing,Premium,SPLR-005,1374863.1,14,98204.51,1634881.71,52.05,3.757,136.5017742,7.866
19,Dept-07,2011-10-28,Grocery,Regular,SPLR-010,1396612.36,13,107431.72,1583969.34,46.49,3.757,136.4884516,7.866
19,Dept-08,2011-04-11,Grocery,Regular,SPLR-001,1480289.64,27,54825.54,1655316.94,44.97,3.738,136.475129,7.866
19,Dept-05,2011-11-11,Electronics,Regular,SPLR-004,1502078.93,3,500692.98,1711720.33,48.22,3.719,136.4618065,7.866
19,Dept-04,2011-11-18,Electronics,Regular,SPLR-009,1411835.57,44,32087.17,1559369.84,48.21,3.717,136.4666667,7.866
19,Dept-06,2011-11-25,Clothing,Regular,SPLR-008,1974646.78,18,109702.6,2212737.52,42.75,3.689,136.4788,7.866
19,Dept-03,2011-02-12,Pharmacy,New,SPLR-001,1484708.38,18,82483.8,1653128.7,45.67,3.666,136.4909333,7.866
19,Dept-02,2011-09-12,Electronics,Regular,SPLR-009,1713769.06,2,856884.53,1933895.2,40.18,3.627,136.5030667,7.866
19,Dept-02,2011-12-16,Home Essentials,New,SPLR-010,1852179.15,9,205797.68,2221772.28,37.07,3.611,136.5335161,7.866
19,Dept-06,2011-12-23,Pharmacy,New,SPLR-003,2480159.47,38,65267.35,2875911.12,36.09,3.587,136.5883871,7.866
19,Dept-07,2011-12-30,Grocery,New,SPLR-002,1405168.06,32,43911.5,1604169.14,31.65,3.566,136.6432581,7.866
19,Dept-03,2012-06-01,Clothing,Premium,SPLR-009,1266570.4,27,46910.01,1511669.6,31.84,3.585,136.698129,7.943
19,Dept-04,2012-01-13,Clothing,Regular,SPLR-008,1182198.7,35,33777.11,1310916.78,37.08,3.666,136.753,7.943
19,Dept-02,2012-01-20,Grocery,Regular,SPLR-006,1237104.73,11,112464.07,1385807.69,23.44,3.705,136.8564194,7.943
19,Dept-07,2012-01-27,Home Essentials,Regular,SPLR-010,1279623.26,2,639811.63,1491839.79,32.41,3.737,136.9598387,7.943
19,Dept-06,2012-03-02,Clothing,Regular,SPLR-010,1345311.65,11,122301.06,1564688.82,36.22,3.796,137.0632581,7.943
19,Dept-07,2012-10-02,Grocery,Regular,SPLR-008,1499496.67,41,36573.09,1767318.81,32.61,3.826,137.1666774,7.943
19,Dept-08,2012-02-17,Home Essentials,Regular,SPLR-002,1424720.27,24,59363.34,1633639.62,30.95,3.874,137.2583103,7.943
19,Dept-02,2012-02-24,Clothing,New,SPLR-007,1352470.09,16,84529.38,1592710.16,33.91,3.917,137.3411034,7.943
19,Dept-05,2012-02-03,Pharmacy,New,SPLR-005,1308977.05,39,33563.51,1489512.11,34.83,3.983,137.4238966,7.943
19,Dept-03,2012-09-03,Home Essentials,Regular,SPLR-004,1358816.46,38,35758.33,1592282.18,38.15,4.021,137.5066897,7.943
19,Dept-08,2012-03-16,Clothing,Regular,SPLR-004,1312849.1,31,42349.97,1552960.33,48.2,4.021,137.5843871,7.943
19,Dept-01,2012-03-23,Grocery,New,SPLR-008,1342254.55,39,34416.78,1479675.65,56.72,4.054,137.6552903,7.943
19,Dept-08,2012-03-30,Grocery,Regular,SPLR-004,1327139.35,41,32369.25,1466497.43,43.47,4.098,137.7261935,7.943
19,Dept-03,2012-06-04,Electronics,Regular,SPLR-009,1631737.68,2,815868.84,1893593.11,40.23,4.143,137.7970968,8.15
19,Dept-01,2012-04-13,Electronics,Regular,SPLR-007,1365098.46,21,65004.69,1626163.06,44.42,4.187,137.868,8.15
19,Dept-06,2012-04-20,Grocery,Regular,SPLR-008,1255087.26,48,26147.65,1407604.29,55.2,4.17,137.9230667,8.15
19,Dept-07,2012-04-27,Home Essentials,New,SPLR-004,1285897.24,46,27954.29,1476625.39,42.45,4.163,137.9781333,8.15
19,Dept-06,2012-04-05,Clothing,Regular,SPLR-006,1405007.44,33,42575.98,1676978.63,50.76,4.124,138.0332,8.15
19,Dept-03,2012-11-05,Grocery,Regular,SPLR-009,1442873.22,23,62733.62,1712539.49,55.33,4.055,138.0882667,8.15
19,Dept-04,2012-05-18,Electronics,Regular,SPLR-002,1366937.1,24,56955.71,1638906.75,58.81,4.029,138.1065806,8.15
19,Dept-01,2012-05-25,Home Essentials,New,SPLR-001,1485540.28,48,30948.76,1757037.34,67.79,3.979,138.1101935,8.15
19,Dept-02,2012-01-06,Pharmacy,Premium,SPLR-009,1450733.29,22,65942.42,1641672.69,68.18,3.915,138.1138065,8.15
19,Dept-06,2012-08-06,Grocery,Regular,SPLR-008,1390122.11,35,39717.77,1550621.5,60.19,3.871,138.1174194,8.15
19,Dept-07,2012-06-15,Pharmacy,Regular,SPLR-003,1440263.15,17,84721.36,1648974.49,68.19,3.786,138.1295333,8.15
19,Dept-09,2012-06-22,Clothing,Regular,SPLR-002,1468350.36,49,29966.33,1678117.53,75.83,3.722,138.1629,8.15
19,Dept-06,2012-06-29,Home Essentials,Premium,SPLR-010,1379652.65,7,197093.24,1600187.11,69.92,3.667,138.1962667,8.15
19,Dept-01,2012-06-07,Grocery,New,SPLR-005,1557120.44,41,37978.55,1740652.86,76.07,3.646,138.2296333,8.193
19,Dept-05,2012-07-13,Electronics,Regular,SPLR-008,1321741.35,1,1321741.35,1484665.76,73.17,3.689,138.263,8.193
19,Dept-08,2012-07-20,Home Essentials,Premium,SPLR-007,1317672.92,20,65883.65,1568354.48,76.17,3.732,138.2331935,8.193
19,Dept-07,2012-07-27,Electronics,Regular,SPLR-006,1248915.43,13,96070.42,1386818.81,74.43,3.82,138.2033871,8.193
19,Dept-06,2012-03-08,Home Essentials,Premium,SPLR-008,1342123.78,20,67106.19,1551495.26,73.41,3.819,138.1735806,8.193
19,Dept-08,2012-10-08,Electronics,Regular,SPLR-010,1408907.89,44,32020.63,1672618.59,74.45,3.863,138.1437742,8.193
19,Dept-07,2012-08-17,Home Essentials,Regular,SPLR-002,1375101.26,17,80888.31,1624742.07,69.83,3.963,138.1857097,8.193
19,Dept-01,2012-08-24,Clothing,Premium,SPLR-009,1544653.37,8,193081.67,1701079.66,66.66,3.997,138.2814516,8.193
19,Dept-10,2012-08-31,Electronics,Premium,SPLR-003,1542719.87,26,59335.38,1784383.64,71.85,4.026,138.3771935,8.193
19,Dept-08,2012-07-09,Pharmacy,Regular,SPLR-010,1497073.82,45,33268.31,1768155.73,72.2,4.076,138.4729355,8.193
19,Dept-01,2012-09-14,Electronics,Regular,SPLR-009,1370653.41,17,80626.67,1525055.26,65.08,4.088,138.5673,8.193
19,Dept-06,2012-09-21,Clothing,Regular,SPLR-002,1338572.29,42,31870.77,1492918.08,60.62,4.203,138.6534,8.193
19,Dept-02,2012-09-28,Electronics,Regular,SPLR-010,1338299.02,9,148699.89,1564926.78,56.81,4.158,138.7395,8.193
19,Dept-02,2012-05-10,Electronics,New,SPLR-002,1408016.1,48,29333.67,1648722.26,59.86,4.151,138.8256,7.992
19,Dept-07,2012-12-10,Electronics,Regular,SPLR-004,1352809.5,6,225468.25,1501054.28,48.29,4.186,138.9117,7.992
19,Dept-03,2012-10-19,Electronics,Regular,SPLR-008,1321102.35,32,41284.45,1511164.6,53.44,4.153,138.8336129,7.992
19,Dept-08,2012-10-26,Electronics,Premium,SPLR-005,1322117.96,40,33052.95,1481973.0,56.49,4.071,138.7281613,7.992
20,Dept-09,2010-05-02,Clothing,Regular,SPLR-003,2401395.47,26,92361.36,2763816.08,25.92,2.784,204.2471935,8.187
20,Dept-10,2010-12-02,Grocery,New,SPLR-010,2109107.9,24,87879.5,2352435.22,22.12,2.773,204.3857472,8.187
20,Dept-09,2010-02-19,Grocery,Regular,SPLR-007,2161549.76,9,240172.2,2584849.27,25.43,2.745,204.4321004,8.187
20,Dept-04,2010-02-26,Pharmacy,Regular,SPLR-001,1898193.95,38,49952.47,2208402.64,32.32,2.754,204.4630869,8.187
20,Dept-03,2010-05-03,Pharmacy,Regular,SPLR-010,2119213.72,15,141280.91,2365203.34,31.75,2.777,204.4940734,8.187
20,Dept-07,2010-12-03,Clothing,Regular,SPLR-007,2010974.84,10,201097.48,2213868.8,43.82,2.818,204.5250598,8.187
20,Dept-04,2010-03-19,Pharmacy,Regular,SPLR-002,1951848.43,13,150142.19,2302753.79,47.32,2.844,204.3782258,8.187
20,Dept-07,2010-03-26,Electronics,Regular,SPLR-001,1894742.95,43,44063.79,2231366.32,50.49,2.854,204.201755,8.187
20,Dept-05,2010-02-04,Home Essentials,Regular,SPLR-002,2405395.22,18,133633.07,2875318.36,51.0,2.85,204.0252842,7.856
20,Dept-04,2010-09-04,Grocery,Regular,SPLR-008,2007796.26,35,57365.61,2292805.1,65.1,2.869,203.8488134,7.856
20,Dept-03,2010-04-16,Electronics,Regular,SPLR-010,1985784.59,42,47280.59,2260347.77,55.43,2.899,203.7307486,7.856
20,Dept-07,2010-04-23,Grocery,Regular,SPLR-004,1878862.42,37,50780.07,2086705.14,50.65,2.902,203.6905586,7.856
20,Dept-08,2010-04-30,Grocery,New,SPLR-010,1919053.21,6,319842.2,2199408.68,54.75,2.921,203.6503685,7.856
20,Dept-05,2010-07-05,Electronics,New,SPLR-003,2137202.38,4,534300.6,2504983.61,66.74,2.966,203.6101784,7.856
20,Dept-02,2010-05-14,Electronics,New,SPLR-008,2033211.62,2,1016605.81,2241875.88,55.91,2.982,203.6133915,7.856
20,Dept-06,2010-05-21,Electronics,Premium,SPLR-007,1893736.9,41,46188.7,2091007.56,60.38,2.958,203.8770235,7.856
20,Dept-07,2010-05-28,Electronics,New,SPLR-001,2065984.95,37,55837.43,2290063.73,70.97,2.899,204.1406556,7.856
20,Dept-03,2010-04-06,Clothing,Regular,SPLR-003,2203619.35,32,68863.1,2590487.19,72.52,2.847,204.4042877,7.856
20,Dept-06,2010-11-06,Pharmacy,Regular,SPLR-006,2100489.79,38,55276.05,2408745.71,67.32,2.809,204.6679198,7.856
20,Dept-07,2010-06-18,Electronics,Regular,SPLR-009,2091903.63,45,46486.75,2474548.68,72.62,2.78,204.670036,7.856
20,Dept-08,2010-06-25,Home Essentials,Regular,SPLR-001,1973135.87,15,131542.39,2297883.4,75.17,2.808,204.5675459,7.856
20,Dept-05,2010-02-07,Grocery,Regular,SPLR-004,2143676.77,8,267959.6,2547740.03,70.1,2.815,204.4650559,7.527
20,Dept-05,2010-09-07,Pharmacy,Regular,SPLR-003,2107285.85,37,56953.67,2382884.74,78.09,2.793,204.3625658,7.527
20,Dept-09,2010-07-16,Grocery,Regular,SPLR-008,2031852.16,17,119520.72,2325788.24,75.14,2.783,204.3571656,7.527
20,Dept-09,2010-07-23,Pharmacy,Regular,SPLR-003,1900535.9,22,86388.0,2177747.53,77.75,2.771,204.4812188,7.527
20,Dept-01,2010-07-30,Electronics,Regular,SPLR-006,1955896.59,45,43464.37,2197496.03,76.03,2.781,204.605272,7.527
20,Dept-07,2010-06-08,Home Essentials,Regular,SPLR-001,1910177.38,29,65868.19,2285671.4,74.57,2.784,204.7293252,7.527
20,Dept-08,2010-08-13,Clothing,Regular,SPLR-002,2071022.45,14,147930.17,2412603.38,75.98,2.805,204.8533784,7.527
20,Dept-10,2010-08-20,Pharmacy,Premium,SPLR-008,1975374.56,14,141098.18,2223796.78,75.34,2.779,204.8217044,7.527
20,Dept-04,2010-08-27,Clothing,Regular,SPLR-005,1946369.57,49,39721.83,2267025.08,70.51,2.755,204.7900305,7.527
20,Dept-10,2010-03-09,Clothing,New,SPLR-007,2121561.41,39,54399.01,2541710.54,75.5,2.715,204.7583566,7.527
20,Dept-02,2010-10-09,Clothing,Regular,SPLR-008,2014954.79,9,223883.87,2311652.05,65.02,2.699,204.7266827,7.527
20,Dept-01,2010-09-17,Home Essentials,Regular,SPLR-004,1948359.78,1,1948359.78,2220198.59,65.28,2.706,204.7513279,7.527
20,Dept-09,2010-09-24,Clothing,Premium,SPLR-003,1789687.65,31,57731.86,2108746.86,69.37,2.713,204.8182126,7.527
20,Dept-05,2010-01-10,Clothing,Regular,SPLR-006,1933719.21,19,101774.7,2129189.34,61.08,2.707,204.8850973,7.484
20,Dept-04,2010-08-10,Grocery,Regular,SPLR-006,2060389.27,16,128774.33,2415630.86,51.5,2.764,204.951982,7.484
20,Dept-01,2010-10-15,Pharmacy,Regular,SPLR-004,1950676.39,9,216741.82,2174457.96,59.17,2.868,205.0137637,7.484
20,Dept-04,2010-10-22,Grocery,Regular,SPLR-008,1893955.27,43,44045.47,2220522.25,50.52,2.917,205.0627881,7.484
20,Dept-03,2010-10-29,Pharmacy,New,SPLR-004,1891816.0,11,171983.27,2136082.46,57.56,2.921,205.1118126,7.484
20,Dept-02,2010-05-11,Pharmacy,New,SPLR-009,2184316.64,2,1092158.32,2431743.23,42.78,2.917,205.160837,7.484
20,Dept-06,2010-12-11,Pharmacy,Regular,SPLR-007,2187765.28,29,75440.18,2604930.5,42.38,2.931,205.2098614,7.484
20,Dept-05,2010-11-19,Electronics,Premium,SPLR-004,2105058.91,20,105252.95,2389578.19,45.88,3.0,205.0992811,7.484
20,Dept-01,2010-11-26,Grocery,Regular,SPLR-005,2811634.04,40,70290.85,3366585.05,46.66,3.039,204.9621,7.484
20,Dept-02,2010-03-12,Pharmacy,Premium,SPLR-006,2416051.17,27,89483.38,2791951.81,35.47,3.046,204.8249189,7.484
20,Dept-10,2010-10-12,Electronics,Regular,SPLR-005,2752122.08,43,64002.84,3207795.51,24.27,3.109,204.6877378,7.484
20,Dept-09,2010-12-17,Electronics,New,SPLR-004,2819193.17,42,67123.65,3291845.12,24.07,3.14,204.6321194,7.484
20,Dept-01,2010-12-24,Home Essentials,Regular,SPLR-008,3766687.43,17,221569.85,4413947.1,25.17,3.141,204.6376731,7.484
20,Dept-07,2010-12-31,Electronics,Regular,SPLR-008,1799737.79,12,149978.15,2012098.85,28.85,3.179,204.6432267,7.484
20,Dept-01,2011-07-01,Clothing,Regular,SPLR-006,1843030.95,8,230378.87,2160506.15,31.43,3.193,204.6487803,7.343
20,Dept-06,2011-01-14,Pharmacy,Regular,SPLR-010,1884345.01,25,75373.8,2187471.16,20.39,3.205,204.7026042,7.343
20,Dept-09,2011-01-21,Home Essentials,Regular,SPLR-003,1781805.66,20,89090.28,2062650.72,27.43,3.229,205.0460497,7.343
20,Dept-02,2011-01-28,Electronics,Regular,SPLR-008,1761506.68,3,587168.89,2100805.64,23.21,3.237,205.3894952,7.343
20,Dept-07,2011-04-02,Electronics,Regular,SPLR-004,2351143.07,12,195928.59,2633404.86,28.58,3.231,205.7329407,7.343
20,Dept-01,2011-11-02,Pharmacy,Regular,SPLR-004,2211388.14,7,315912.59,2559431.05,25.38,3.239,206.0763862,7.343
20,Dept-09,2011-02-18,Clothing,Regular,SPLR-006,2258616.24,14,161329.73,2675118.91,42.95,3.245,206.3694701,7.343
20,Dept-07,2011-02-25,Grocery,New,SPLR-006,1938608.52,17,114035.8,2189173.82,33.2,3.274,206.6424093,7.343
20,Dept-07,2011-04-03,Home Essentials,Regular,SPLR-003,2143424.61,20,107171.23,2499506.61,37.33,3.433,206.9153485,7.343
20,Dept-02,2011-11-03,Home Essentials,Regular,SPLR-010,1990932.77,46,43281.15,2212175.68,39.53,3.582,207.1882876,7.343
20,Dept-04,2011-03-18,Clothing,Premium,SPLR-006,1931668.64,35,55190.53,2159257.17,44.8,3.631,207.4283845,7.343
20,Dept-10,2011-03-25,Home Essentials,New,SPLR-006,1824711.21,43,42435.14,2017679.01,44.83,3.625,207.6553444,7.343
20,Dept-02,2011-01-04,Home Essentials,New,SPLR-001,1927993.09,9,214221.45,2222326.2,32.43,3.638,207.8823043,7.287
20,Dept-01,2011-08-04,Grocery,Regular,SPLR-004,2027056.39,31,65388.92,2353336.73,47.09,3.72,208.1092642,7.287
20,Dept-04,2011-04-15,Pharmacy,Premium,SPLR-006,2057406.33,16,128587.9,2444835.06,55.0,3.821,208.3172811,7.287
20,Dept-08,2011-04-22,Home Essentials,Regular,SPLR-010,2313861.81,10,231386.18,2769233.19,52.56,3.892,208.4779405,7.287
20,Dept-05,2011-04-29,Electronics,Regular,SPLR-004,1881788.19,23,81816.88,2101158.22,62.97,3.962,208.6386,7.287
20,Dept-02,2011-06-05,Home Essentials,Regular,SPLR-010,2090838.44,22,95038.11,2471221.53,53.41,4.046,208.7992595,7.287
20,Dept-04,2011-05-13,Clothing,Premium,SPLR-001,2036748.53,18,113152.7,2439109.82,62.26,4.066,208.9599189,7.287
20,Dept-05,2011-05-20,Home Essentials,Regular,SPLR-008,1953416.06,23,84931.13,2337862.14,59.01,4.062,208.7583165,7.287
20,Dept-01,2011-05-27,Electronics,Regular,SPLR-004,1944433.17,41,47425.2,2256530.36,69.12,3.985,208.556714,7.287
20,Dept-04,2011-03-06,Home Essentials,Premium,SPLR-001,2182246.69,41,53225.53,2594925.03,73.51,3.922,208.3551116,7.287
20,Dept-09,2011-10-06,Clothing,New,SPLR-010,2135062.04,38,56185.84,2432084.24,73.64,3.881,208.1535092,7.287
20,Dept-01,2011-06-17,Home Essentials,New,SPLR-009,2065191.27,43,48027.7,2446620.93,66.41,3.842,208.1265604,7.287
20,Dept-04,2011-06-24,Grocery,Regular,SPLR-002,1950826.32,11,177347.85,2196887.85,72.4,3.804,208.2306018,7.287
20,Dept-08,2011-01-07,Clothing,Regular,SPLR-008,2053165.41,38,54030.67,2446948.35,69.66,3.748,208.3346432,7.274
20,Dept-04,2011-08-07,Pharmacy,Regular,SPLR-010,2123787.79,46,46169.3,2424051.72,74.69,3.711,208.4386847,7.274
20,Dept-10,2011-07-15,Clothing,Regular,SPLR-002,2039875.75,47,43401.61,2373306.76,74.88,3.76,208.5309337,7.274
20,Dept-10,2011-07-22,Home Essentials,Regular,SPLR-010,1950904.84,41,47583.04,2182836.85,78.89,3.811,208.5937018,7.274
20,Dept-10,2011-07-29,Home Essentials,Regular,SPLR-005,1858440.92,12,154870.08,2222548.62,77.47,3.829,208.6564699,7.274
20,Dept-05,2011-05-08,Grocery,Regular,SPLR-005,2189353.63,19,115229.14,2461427.67,77.8,3.842,208.719238,7.274
20,Dept-06,2011-12-08,Clothing,Regular,SPLR-007,2052246.4,12,171020.53,2351162.79,73.52,3.812,208.7820061,7.274
20,Dept-07,2011-08-19,Electronics,Regular,SPLR-007,1990017.93,15,132667.86,2354790.68,71.25,3.747,208.8424359,7.274
20,Dept-03,2011-08-26,Home Essentials,Premium,SPLR-007,1933577.2,18,107420.96,2230142.35,70.15,3.704,208.902476,7.274
20,Dept-08,2011-02-09,Home Essentials,Regular,SPLR-010,2141765.98,41,52238.19,2538052.71,70.82,3.703,208.9625161,7.274
20,Dept-08,2011-09-09,Pharmacy,New,SPLR-007,2050542.56,23,89154.02,2327840.18,68.74,3.738,209.0225562,7.274
20,Dept-01,2011-09-16,Home Essentials,Regular,SPLR-002,1979009.46,18,109944.97,2244475.84,64.02,3.742,209.1893892,7.274
20,Dept-04,2011-09-23,Pharmacy,Regular,SPLR-005,1888119.7,45,41958.22,2193931.9,62.15,3.711,209.4986126,7.274
20,Dept-05,2011-09-30,Home Essentials,Premium,SPLR-009,1945808.26,11,176891.66,2167171.69,63.44,3.645,209.807836,7.274
20,Dept-06,2011-07-10,Grocery,Regular,SPLR-001,2135982.79,28,76285.1,2525388.13,52.42,3.583,210.1170595,7.082
20,Dept-08,2011-10-14,Home Essentials,Regular,SPLR-009,2010107.68,22,91368.53,2333129.69,62.54,3.541,210.4027602,7.082
20,Dept-09,2011-10-21,Clothing,Regular,SPLR-009,2104241.9,45,46760.93,2398380.28,53.69,3.57,210.5473252,7.082
20,Dept-06,2011-10-28,Electronics,Premium,SPLR-001,2065421.52,48,43029.62,2326695.0,49.36,3.569,210.6918901,7.082
20,Dept-09,2011-04-11,Home Essentials,New,SPLR-002,2284106.6,10,228410.66,2512795.37,43.88,3.551,210.8364551,7.082
20,Dept-03,2011-11-11,Clothing,Regular,SPLR-005,2269975.85,20,113498.79,2619172.82,47.27,3.53,210.9810201,7.082
20,Dept-03,2011-11-18,Clothing,Regular,SPLR-008,2169933.82,27,80367.92,2432230.45,49.3,3.53,211.1847207,7.082
20,Dept-08,2011-11-25,Electronics,Premium,SPLR-003,2906233.25,25,116249.33,3296842.1,46.38,3.492,211.4120757,7.082
20,Dept-09,2011-02-12,Home Essentials,Regular,SPLR-010,2298776.83,30,76625.89,2639397.54,46.32,3.452,211.6394306,7.082
20,Dept-06,2011-09-12,Clothing,Premium,SPLR-009,2546123.78,22,115732.9,2860494.47,41.64,3.415,211.8667856,7.082
20,Dept-01,2011-12-16,Electronics,Regular,SPLR-004,2762816.65,15,184187.78,3123111.3,37.16,3.413,212.0685039,7.082
20,Dept-07,2011-12-23,Electronics,Premium,SPLR-008,3555371.03,15,237024.74,4041803.19,40.19,3.389,212.2360401,7.082
20,Dept-09,2011-12-30,Grocery,Regular,SPLR-005,2043245.0,36,56756.81,2395314.27,36.35,3.389,212.4035763,7.082
20,Dept-08,2012-06-01,Grocery,Regular,SPLR-008,1964701.94,12,163725.16,2303966.94,33.42,3.422,212.5711125,6.961
20,Dept-05,2012-01-13,Home Essentials,Regular,SPLR-009,1911510.64,31,61661.63,2193688.34,37.79,3.513,212.7386486,6.961
20,Dept-05,2012-01-20,Pharmacy,Regular,SPLR-008,1892775.94,20,94638.8,2182880.43,27.65,3.533,212.8336399,6.961
20,Dept-06,2012-01-27,Grocery,Regular,SPLR-002,1761016.51,46,38282.97,2107952.21,37.19,3.567,212.9286312,6.961
20,Dept-04,2012-03-02,Electronics,Regular,SPLR-009,2203523.2,33,66773.43,2570947.02,39.93,3.617,213.0236225,6.961
20,Dept-06,2012-10-02,Pharmacy,New,SPLR-010,2462978.28,42,58642.34,2849630.19,33.47,3.64,213.1186138,6.961
20,Dept-04,2012-02-17,Grocery,Premium,SPLR-007,2309025.16,24,96209.38,2651281.54,31.11,3.695,213.2732106,6.961
20,Dept-10,2012-02-24,Electronics,Regular,SPLR-009,2045837.55,26,78686.06,2294787.46,39.79,3.739,213.4725116,6.961
20,Dept-07,2012-02-03,Grocery,Premium,SPLR-006,2148822.76,45,47751.62,2456451.34,39.98,3.816,213.6718127,6.961
20,Dept-06,2012-09-03,Electronics,Regular,SPLR-008,2139265.4,22,97239.34,2438490.4,41.14,3.848,213.8711137,6.961
20,Dept-07,2012-03-16,Electronics,Regular,SPLR-003,2064991.71,38,54341.89,2405461.16,53.73,3.862,214.0167132,6.961
20,Dept-03,2012-03-23,Clothing,Regular,SPLR-002,1992436.96,36,55345.47,2207093.0,66.11,3.9,214.0907105,6.961
20,Dept-05,2012-03-30,Home Essentials,Premium,SPLR-007,2074721.74,16,129670.11,2451412.84,51.52,3.953,214.1647079,6.961
20,Dept-03,2012-06-04,Electronics,Regular,SPLR-010,2565259.92,42,61077.62,2941805.83,50.06,3.996,214.2387053,7.139
20,Dept-01,2012-04-13,Clothing,Regular,SPLR-004,2045396.06,14,146099.72,2392683.0,45.68,4.044,214.3127027,7.139
20,Dept-02,2012-04-20,Pharmacy,Regular,SPLR-003,1884427.84,18,104690.44,2128266.25,60.11,4.027,214.3675045,7.139
20,Dept-09,2012-04-27,Electronics,Regular,SPLR-007,1886503.93,23,82021.91,2253018.11,47.64,4.004,214.4223063,7.139
20,Dept-04,2012-04-05,Pharmacy,Regular,SPLR-006,2163510.89,47,46032.15,2584519.17,62.74,3.951,214.4771081,7.139
20,Dept-03,2012-11-05,Pharmacy,Regular,SPLR-006,2168097.11,11,197099.74,2574387.43,63.19,3.889,214.5319099,7.139
20,Dept-01,2012-05-18,Electronics,Regular,SPLR-003,2039222.26,36,56645.06,2356252.83,60.99,3.848,214.5485571,7.139
20,Dept-06,2012-05-25,Home Essentials,Premium,SPLR-010,2114989.0,15,140999.27,2426156.39,70.04,3.798,214.5499425,7.139
20,Dept-07,2012-01-06,Grocery,New,SPLR-006,2143126.59,40,53578.16,2404096.37,73.67,3.742,214.5513278,7.139
20,Dept-03,2012-08-06,Grocery,Premium,SPLR-005,2231962.13,10,223196.21,2662735.12,62.01,3.689,214.5527132,7.139
20,Dept-10,2012-06-15,Grocery,Regular,SPLR-008,2165160.29,17,127362.37,2485121.48,71.51,3.62,214.5653243,7.139
20,Dept-03,2012-06-22,Pharmacy,New,SPLR-008,2060588.69,48,42928.93,2283006.75,76.51,3.564,214.606,7.139
20,Dept-10,2012-06-29,Clothing,Regular,SPLR-008,2055952.61,20,102797.63,2332268.48,74.15,3.506,214.6466757,7.139
20,Dept-07,2012-06-07,Pharmacy,Regular,SPLR-007,2358055.3,31,76066.3,2650946.01,79.2,3.475,214.6873514,7.28
20,Dept-07,2012-07-13,Home Essentials,Regular,SPLR-003,2134680.12,44,48515.46,2481942.59,78.27,3.523,214.728027,7.28
20,Dept-07,2012-07-20,Grocery,Regular,SPLR-007,1970170.29,11,179106.39,2184434.73,76.04,3.567,214.7331351,7.28
20,Dept-08,2012-07-27,Grocery,Regular,SPLR-005,1911559.1,4,477889.78,2143779.74,74.6,3.647,214.7382432,7.28
20,Dept-04,2012-03-08,Pharmacy,Regular,SPLR-006,2094515.71,47,44564.16,2395462.88,74.73,3.654,214.7433514,7.28
20,Dept-01,2012-10-08,Home Essentials,Regular,SPLR-003,2144245.39,1,2144245.39,2466399.25,75.4,3.722,214.7484595,7.28
20,Dept-06,2012-08-17,Home Essentials,Regular,SPLR-010,2045061.22,9,227229.02,2286936.17,69.57,3.807,214.825578,7.28
20,Dept-06,2012-08-24,Electronics,Premium,SPLR-002,2005341.43,27,74271.9,2348418.88,68.27,3.834,214.9567044,7.28
20,Dept-02,2012-08-31,Home Essentials,Premium,SPLR-001,2062481.56,15,137498.77,2316519.77,72.66,3.867,215.0878309,7.28
20,Dept-08,2012-07-09,Electronics,Regular,SPLR-008,2080529.06,22,94569.5,2365840.25,76.36,3.911,215.2189573,7.28
20,Dept-07,2012-09-14,Pharmacy,Regular,SPLR-004,2047949.98,33,62059.09,2357026.63,64.84,3.948,215.3583757,7.28
20,Dept-07,2012-09-21,Clothing,Regular,SPLR-005,2028587.24,21,96599.39,2345156.68,60.94,4.038,215.5475459,7.28
20,Dept-10,2012-09-28,Electronics,Regular,SPLR-002,2008350.58,12,167362.55,2344491.92,58.65,3.997,215.7367162,7.28
20,Dept-06,2012-05-10,Pharmacy,Regular,SPLR-007,2246411.89,7,320915.98,2671398.97,60.77,3.985,215.9258865,7.293
20,Dept-09,2012-12-10,Grocery,Regular,SPLR-010,2162951.36,34,63616.22,2417431.91,47.2,4.0,216.1150568,7.293
20,Dept-10,2012-10-19,Electronics,Premium,SPLR-004,1999363.49,33,60586.77,2392463.98,56.26,3.969,216.1464699,7.293
20,Dept-08,2012-10-26,Clothing,New,SPLR-006,2031650.55,27,75246.32,2289158.03,60.04,3.882,216.1515902,7.293
21,Dept-07,2010-05-02,Pharmacy,Premium,SPLR-006,798593.88,31,25761.09,889621.62,39.05,2.572,210.7526053,8.324
21,Dept-05,2010-12-02,Grocery,New,SPLR-007,809321.44,34,23803.57,935190.18,37.77,2.548,210.8979935,8.324
21,Dept-03,2010-02-19,Grocery,New,SPLR-001,867283.25,28,30974.4,997569.22,39.75,2.514,210.9451605,8.324
21,Dept-10,2010-02-26,Home Essentials,Premium,SPLR-009,749597.24,44,17036.3,889912.23,45.31,2.561,210.9759573,8.324
21,Dept-05,2010-05-03,Electronics,New,SPLR-005,747444.32,34,21983.66,883099.99,48.61,2.625,211.0067542,8.324
21,Dept-05,2010-12-03,Grocery,Regular,SPLR-009,712312.89,32,22259.78,813338.84,57.1,2.667,211.037551,8.324
21,Dept-05,2010-03-19,Home Essentials,Regular,SPLR-004,727070.0,1,727070.0,822596.56,54.68,2.72,210.8733316,8.324
21,Dept-09,2010-03-26,Home Essentials,Regular,SPLR-002,686497.53,16,42906.1,815496.32,51.66,2.732,210.6766095,8.324
21,Dept-04,2010-02-04,Pharmacy,Premium,SPLR-002,753664.12,33,22838.31,842301.73,64.12,2.719,210.4798874,8.2
21,Dept-09,2010-09-04,Electronics,Regular,SPLR-004,751181.4,7,107311.63,831762.62,65.74,2.77,210.2831653,8.2
21,Dept-07,2010-04-16,Pharmacy,Regular,SPLR-010,716026.51,47,15234.61,851277.89,67.87,2.808,210.1495463,8.2
21,Dept-01,2010-04-23,Electronics,Regular,SPLR-010,718780.59,42,17113.82,798921.86,64.21,2.795,210.1000648,8.2
21,Dept-04,2010-04-30,Clothing,Regular,SPLR-001,680532.69,8,85066.59,805938.28,66.93,2.78,210.0505833,8.2
21,Dept-01,2010-07-05,Clothing,Premium,SPLR-003,744969.42,11,67724.49,891998.63,70.87,2.835,210.0011018,8.2
21,Dept-07,2010-05-14,Pharmacy,Regular,SPLR-002,723559.88,37,19555.67,854578.49,73.08,2.854,209.9984585,8.2
21,Dept-04,2010-05-21,Grocery,Regular,SPLR-008,753361.72,27,27902.29,855871.12,74.24,2.826,210.2768443,8.2
21,Dept-04,2010-05-28,Pharmacy,Regular,SPLR-001,755214.26,40,18880.36,836013.25,80.94,2.759,210.5552301,8.2
21,Dept-08,2010-04-06,Clothing,Regular,SPLR-010,806012.48,19,42421.71,931485.52,82.68,2.705,210.833616,8.2
21,Dept-10,2010-11-06,Home Essentials,Regular,SPLR-004,784305.55,16,49019.1,873915.27,83.51,2.668,211.1120018,8.2
21,Dept-05,2010-06-18,Pharmacy,Regular,SPLR-010,785104.29,4,196276.07,909981.63,86.18,2.637,211.1096543,8.2
21,Dept-06,2010-06-25,Clothing,Regular,SPLR-005,769848.75,38,20259.18,846875.73,87.01,2.653,210.9950134,8.2
21,Dept-04,2010-02-07,Home Essentials,New,SPLR-008,711470.8,14,50819.34,799727.76,82.29,2.669,210.8803726,8.099
21,Dept-02,2010-09-07,Electronics,New,SPLR-003,714677.47,48,14889.11,840342.93,81.67,2.642,210.7657317,8.099
21,Dept-08,2010-07-16,Pharmacy,Regular,SPLR-007,755098.41,29,26037.88,894748.71,85.61,2.623,210.7577954,8.099
21,Dept-07,2010-07-23,Pharmacy,Regular,SPLR-002,765823.48,40,19145.59,895191.38,87.17,2.608,210.8921319,8.099
21,Dept-06,2010-07-30,Electronics,New,SPLR-002,715876.27,29,24685.39,820054.82,83.59,2.64,211.0264684,8.099
21,Dept-08,2010-06-08,Grocery,Premium,SPLR-002,739279.19,36,20535.53,849627.24,90.3,2.627,211.1608049,8.099
21,Dept-05,2010-08-13,Home Essentials,Regular,SPLR-001,793589.18,46,17251.94,928974.8,89.65,2.692,211.2951413,8.099
21,Dept-04,2010-08-20,Grocery,New,SPLR-003,848873.28,3,282957.76,933948.54,89.58,2.664,211.2596586,8.099
21,Dept-01,2010-08-27,Pharmacy,Regular,SPLR-008,855882.57,9,95098.06,981387.49,86.2,2.619,211.2241759,8.099
21,Dept-05,2010-03-09,Home Essentials,Regular,SPLR-008,727772.8,18,40431.82,813761.58,82.57,2.577,211.1886931,8.099
21,Dept-04,2010-10-09,Clothing,New,SPLR-006,674055.81,35,19258.74,781293.11,79.3,2.565,211.1532104,8.099
21,Dept-05,2010-09-17,Clothing,Regular,SPLR-010,684340.86,2,342170.43,754683.16,83.03,2.582,211.1806415,8.099
21,Dept-04,2010-09-24,Clothing,Regular,SPLR-004,671688.06,47,14291.24,791261.92,80.79,2.624,211.2552578,8.099
21,Dept-06,2010-01-10,Grocery,Regular,SPLR-001,677158.39,36,18809.96,792586.86,70.28,2.603,211.3298742,8.163
21,Dept-05,2010-08-10,Grocery,Regular,SPLR-010,680579.49,34,20017.04,808596.72,65.76,2.633,211.4044906,8.163
21,Dept-04,2010-10-15,Home Essentials,Regular,SPLR-006,693412.05,1,693412.05,766904.07,68.61,2.72,211.4713286,8.163
21,Dept-01,2010-10-22,Home Essentials,Regular,SPLR-009,710668.45,1,710668.45,826838.65,70.72,2.725,211.5187208,8.163
21,Dept-03,2010-10-29,Pharmacy,Premium,SPLR-008,731756.65,36,20326.57,813394.7,67.51,2.716,211.5661131,8.163
21,Dept-07,2010-05-11,Electronics,Regular,SPLR-010,719888.76,41,17558.26,836577.54,58.71,2.689,211.6135053,8.163
21,Dept-09,2010-12-11,Electronics,Regular,SPLR-004,735796.38,39,18866.57,817372.09,60.95,2.728,211.6608975,8.163
21,Dept-08,2010-11-19,Grocery,Regular,SPLR-004,756288.89,21,36013.76,850824.69,51.71,2.771,211.5470304,8.163
21,Dept-03,2010-11-26,Electronics,Regular,SPLR-005,1245628.61,15,83041.91,1480720.02,62.96,2.735,211.4062867,8.163
21,Dept-02,2010-03-12,Home Essentials,Regular,SPLR-005,829210.73,8,103651.34,942968.09,50.43,2.708,211.265543,8.163
21,Dept-10,2010-10-12,Home Essentials,Regular,SPLR-006,943891.64,44,21452.08,1076438.93,46.35,2.843,211.1247993,8.163
21,Dept-08,2010-12-17,Clothing,Regular,SPLR-002,1147556.83,36,31876.58,1269730.44,48.63,2.869,211.0645458,8.163
21,Dept-07,2010-12-24,Clothing,Regular,SPLR-010,1587257.78,43,36912.97,1854732.56,51.29,2.886,211.0646599,8.163
21,Dept-03,2010-12-31,Pharmacy,New,SPLR-001,672903.23,16,42056.45,778677.98,47.19,2.943,211.064774,8.163
21,Dept-04,2011-07-01,Pharmacy,Regular,SPLR-004,629152.06,38,16556.63,721636.64,44.24,2.976,211.0648881,8.028
21,Dept-06,2011-01-14,Pharmacy,Regular,SPLR-009,650789.13,15,43385.94,728036.25,34.14,2.983,211.1176713,8.028
21,Dept-04,2011-01-21,Electronics,Regular,SPLR-009,663941.73,27,24590.43,776610.68,42.72,3.016,211.4864691,8.028
21,Dept-05,2011-01-28,Grocery,Regular,SPLR-008,649878.29,6,108313.05,728862.59,44.04,3.01,211.8552668,8.028
21,Dept-06,2011-04-02,Pharmacy,Premium,SPLR-007,596218.24,16,37263.64,711938.61,36.33,2.989,212.2240646,8.028
21,Dept-01,2011-11-02,Grocery,New,SPLR-006,771908.51,48,16081.43,919999.22,34.61,3.022,212.5928624,8.028
21,Dept-10,2011-02-18,Home Essentials,Premium,SPLR-006,884701.92,38,23281.63,1059110.93,59.87,3.045,212.9033115,8.028
21,Dept-02,2011-02-25,Grocery,Regular,SPLR-001,768313.85,32,24009.81,891260.04,61.27,3.065,213.190421,8.028
21,Dept-05,2011-04-03,Electronics,Regular,SPLR-004,796277.72,24,33178.24,948259.02,59.52,3.288,213.4775305,8.028
21,Dept-10,2011-11-03,Pharmacy,New,SPLR-002,763479.9,47,16244.25,867768.65,54.69,3.459,213.7646401,8.028
21,Dept-08,2011-03-18,Clothing,Regular,SPLR-001,793569.0,47,16884.45,934241.41,63.26,3.488,214.0156238,8.028
21,Dept-06,2011-03-25,Clothing,New,SPLR-010,753711.32,38,19834.51,876103.33,70.33,3.473,214.2521573,8.028
21,Dept-05,2011-01-04,Clothing,Regular,SPLR-005,732056.37,28,26144.87,812079.62,56.36,3.524,214.4886908,7.931
21,Dept-08,2011-08-04,Home Essentials,Regular,SPLR-008,744782.89,9,82753.65,882939.52,68.62,3.622,214.7252242,7.931
21,Dept-03,2011-04-15,Electronics,New,SPLR-007,768390.05,29,26496.21,879999.97,71.01,3.743,214.9420631,7.931
21,Dept-09,2011-04-22,Home Essentials,New,SPLR-002,801302.01,6,133550.34,960289.53,70.79,3.807,215.1096657,7.931
21,Dept-07,2011-04-29,Grocery,Regular,SPLR-005,783250.75,15,52216.72,871091.01,70.19,3.81,215.2772683,7.931
21,Dept-07,2011-06-05,Clothing,Regular,SPLR-005,718898.33,41,17534.11,813035.2,61.87,3.906,215.4448709,7.931
21,Dept-10,2011-05-13,Clothing,Regular,SPLR-002,754236.7,48,15713.26,892979.31,75.04,3.899,215.6124735,7.931
21,Dept-08,2011-05-20,Pharmacy,Premium,SPLR-007,744836.56,3,248278.85,872050.85,68.36,3.907,215.3834778,7.931
21,Dept-02,2011-05-27,Grocery,Premium,SPLR-005,744389.81,14,53170.7,865235.15,76.86,3.786,215.1544822,7.931
21,Dept-07,2011-03-06,Clothing,Regular,SPLR-010,773878.58,27,28662.17,914161.29,83.82,3.699,214.9254865,7.931
21,Dept-06,2011-10-06,Pharmacy,Regular,SPLR-008,794397.89,36,22066.61,877435.54,84.71,3.648,214.6964908,7.931
21,Dept-03,2011-06-17,Clothing,Regular,SPLR-003,823220.43,14,58801.46,944476.65,87.54,3.637,214.6513538,7.931
21,Dept-03,2011-06-24,Electronics,Premium,SPLR-007,771298.98,33,23372.7,893285.67,85.72,3.594,214.7441108,7.931
21,Dept-03,2011-01-07,Pharmacy,New,SPLR-007,784639.12,9,87182.12,868472.92,87.57,3.524,214.8368678,7.852
21,Dept-07,2011-08-07,Pharmacy,Premium,SPLR-010,734099.4,37,19840.52,835417.37,89.16,3.48,214.9296249,7.852
21,Dept-05,2011-07-15,Grocery,Regular,SPLR-002,728311.15,10,72831.12,844414.15,91.05,3.575,215.0134426,7.852
21,Dept-05,2011-07-22,Grocery,Regular,SPLR-003,784490.67,26,30172.72,931645.45,90.27,3.651,215.0749122,7.852
21,Dept-10,2011-07-29,Grocery,Premium,SPLR-005,751167.12,6,125194.52,847652.41,91.56,3.682,215.1363819,7.852
21,Dept-01,2011-05-08,Home Essentials,Regular,SPLR-002,783614.89,47,16672.66,917763.3,94.22,3.684,215.1978515,7.852
21,Dept-05,2011-12-08,Electronics,Regular,SPLR-008,776933.37,44,17657.58,926257.19,92.32,3.638,215.2593211,7.852
21,Dept-09,2011-08-19,Pharmacy,Premium,SPLR-001,855546.5,34,25163.13,1004623.79,90.11,3.554,215.3229307,7.852
21,Dept-05,2011-08-26,Pharmacy,Regular,SPLR-005,821127.53,15,54741.84,928233.12,92.07,3.523,215.386897,7.852
21,Dept-01,2011-02-09,Grocery,Premium,SPLR-005,705557.8,19,37134.62,825978.54,91.94,3.533,215.4508632,7.852
21,Dept-03,2011-09-09,Home Essentials,Regular,SPLR-008,653989.65,3,217996.55,773083.2,78.87,3.546,215.5148295,7.852
21,Dept-04,2011-09-16,Electronics,Regular,SPLR-002,653525.84,46,14207.08,779525.1,80.62,3.526,215.6944378,7.852
21,Dept-09,2011-09-23,Clothing,New,SPLR-010,681913.29,48,14206.53,771293.02,75.68,3.467,216.0282356,7.852
21,Dept-06,2011-09-30,Clothing,Regular,SPLR-008,651970.48,6,108661.75,744556.36,78.91,3.355,216.3620333,7.852
21,Dept-07,2011-07-10,Grocery,Regular,SPLR-004,663452.46,19,34918.55,794691.37,71.64,3.285,216.6958311,7.441
21,Dept-03,2011-10-14,Electronics,Premium,SPLR-010,671379.44,16,41961.22,786510.09,69.79,3.274,217.0048261,7.441
21,Dept-10,2011-10-21,Pharmacy,Premium,SPLR-008,729036.06,3,243012.02,810067.49,65.16,3.353,217.1650042,7.441
21,Dept-03,2011-10-28,Clothing,Premium,SPLR-008,738812.0,8,92351.5,829059.05,65.46,3.372,217.3251824,7.441
21,Dept-10,2011-04-11,Grocery,Regular,SPLR-008,767358.37,40,19183.96,865697.08,56.01,3.332,217.4853605,7.441
21,Dept-09,2011-11-11,Grocery,Regular,SPLR-003,757369.87,17,44551.17,899982.91,59.8,3.297,217.6455387,7.441
21,Dept-05,2011-11-18,Clothing,New,SPLR-005,737014.09,23,32044.09,878130.02,61.9,3.308,217.8670218,7.441
21,Dept-03,2011-11-25,Pharmacy,Regular,SPLR-005,1219263.4,38,32085.88,1403125.93,56.43,3.236,218.1130269,7.441
21,Dept-09,2011-02-12,Clothing,Premium,SPLR-002,793184.25,27,29377.19,905399.83,48.72,3.172,218.3590319,7.441
21,Dept-09,2011-09-12,Clothing,Premium,SPLR-009,897747.13,12,74812.26,1004527.49,41.44,3.158,218.605037,7.441
21,Dept-07,2011-12-16,Pharmacy,New,SPLR-004,1027584.51,17,60446.15,1149520.14,50.56,3.159,218.8217928,7.441
21,Dept-08,2011-12-23,Home Essentials,Regular,SPLR-009,1384552.17,20,69227.61,1555992.92,46.54,3.112,218.9995495,7.441
21,Dept-07,2011-12-30,Clothing,Regular,SPLR-001,804362.36,26,30937.01,917435.66,45.16,3.129,219.1773063,7.441
21,Dept-09,2012-06-01,Pharmacy,Regular,SPLR-007,640181.86,26,24622.38,717376.87,48.1,3.157,219.355063,7.057
21,Dept-05,2012-01-13,Grocery,Regular,SPLR-009,631181.25,42,15028.12,704217.01,45.0,3.261,219.5328198,7.057
21,Dept-10,2012-01-20,Home Essentials,Regular,SPLR-002,651178.2,17,38304.6,716570.68,52.21,3.268,219.6258417,7.057
21,Dept-04,2012-01-27,Grocery,New,SPLR-002,611258.71,20,30562.94,677420.29,50.79,3.29,219.7188636,7.057
21,Dept-10,2012-03-02,Pharmacy,New,SPLR-004,680725.43,21,32415.5,790693.56,55.83,3.36,219.8118854,7.057
21,Dept-01,2012-10-02,Pharmacy,Regular,SPLR-002,770652.79,35,22018.65,856946.93,46.52,3.409,219.9049073,7.057
21,Dept-09,2012-02-17,Electronics,Premium,SPLR-007,834663.52,18,46370.2,998980.92,45.03,3.51,220.0651993,7.057
21,Dept-03,2012-02-24,Grocery,Regular,SPLR-010,747099.07,29,25762.04,834945.08,54.81,3.555,220.275944,7.057
21,Dept-01,2012-02-03,Clothing,Regular,SPLR-010,764385.4,17,44963.85,908816.89,59.3,3.63,220.4866886,7.057
21,Dept-02,2012-09-03,Electronics,Regular,SPLR-008,755084.4,37,20407.69,833590.13,57.16,3.669,220.6974332,7.057
21,Dept-01,2012-03-16,Grocery,Premium,SPLR-006,767338.32,24,31972.43,887689.74,63.39,3.734,220.8498468,7.057
21,Dept-01,2012-03-23,Clothing,New,SPLR-004,729759.97,36,20271.11,847430.37,62.96,3.787,220.9244858,7.057
21,Dept-07,2012-03-30,Electronics,Premium,SPLR-005,724798.76,34,21317.61,862836.88,67.87,3.845,220.9991248,7.057
21,Dept-07,2012-06-04,Pharmacy,New,SPLR-006,761956.58,36,21165.46,864786.65,69.02,3.891,221.0737638,6.891
21,Dept-08,2012-04-13,Electronics,New,SPLR-004,769319.04,10,76931.9,849474.09,69.03,3.891,221.1484028,6.891
21,Dept-01,2012-04-20,Pharmacy,Regular,SPLR-007,734858.91,37,19861.05,828988.23,66.97,3.877,221.2021074,6.891
21,Dept-10,2012-04-27,Grocery,Regular,SPLR-004,674829.58,47,14358.08,765251.11,69.21,3.814,221.255812,6.891
21,Dept-09,2012-04-05,Home Essentials,Regular,SPLR-009,697645.32,28,24915.9,791422.64,77.53,3.749,221.3095166,6.891
21,Dept-06,2012-11-05,Home Essentials,Premium,SPLR-010,649945.54,46,14129.25,774766.1,74.14,3.688,221.3632212,6.891
21,Dept-03,2012-05-18,Clothing,New,SPLR-005,700554.16,40,17513.85,827399.42,72.42,3.63,221.380331,6.891
21,Dept-09,2012-05-25,Grocery,Premium,SPLR-009,722891.24,48,15060.23,853546.31,79.49,3.561,221.3828029,6.891
21,Dept-02,2012-01-06,Grocery,Regular,SPLR-004,695439.83,33,21073.93,771462.01,79.24,3.501,221.3852748,6.891
21,Dept-10,2012-08-06,Clothing,Premium,SPLR-007,707895.72,4,176973.93,818097.18,79.47,3.452,221.3877467,6.891
21,Dept-10,2012-06-15,Home Essentials,New,SPLR-004,727049.04,23,31610.83,846934.39,81.51,3.393,221.4009901,6.891
21,Dept-06,2012-06-22,Clothing,Premium,SPLR-003,735870.0,3,245290.0,835359.52,81.78,3.346,221.4411622,6.891
21,Dept-02,2012-06-29,Pharmacy,Regular,SPLR-006,716341.39,18,39796.74,818195.71,88.05,3.286,221.4813343,6.891
21,Dept-06,2012-06-07,Clothing,Regular,SPLR-001,693013.59,4,173253.4,821758.12,85.26,3.227,221.5215064,6.565
21,Dept-09,2012-07-13,Pharmacy,Premium,SPLR-002,668132.36,26,25697.4,738363.0,82.51,3.256,221.5616784,6.565
21,Dept-06,2012-07-20,Pharmacy,Regular,SPLR-001,691200.33,16,43200.02,805410.84,84.25,3.311,221.5701123,6.565
21,Dept-02,2012-07-27,Pharmacy,New,SPLR-001,677789.14,9,75309.9,753693.16,88.09,3.407,221.5785461,6.565
21,Dept-05,2012-03-08,Electronics,Regular,SPLR-009,693785.85,16,43361.62,766653.53,91.57,3.417,221.5869799,6.565
21,Dept-06,2012-10-08,Grocery,Regular,SPLR-003,700272.01,25,28010.88,776512.55,89.57,3.494,221.5954138,6.565
21,Dept-08,2012-08-17,Clothing,New,SPLR-004,751963.81,49,15346.2,887835.85,85.55,3.571,221.6751459,6.565
21,Dept-04,2012-08-24,Grocery,Regular,SPLR-003,802003.61,49,16367.42,944347.43,77.72,3.62,221.8083518,6.565
21,Dept-02,2012-08-31,Pharmacy,Regular,SPLR-010,763867.59,43,17764.36,884778.49,83.58,3.638,221.9415576,6.565
21,Dept-09,2012-07-09,Clothing,New,SPLR-010,642827.29,45,14285.05,770663.53,88.4,3.73,222.0747635,6.565
21,Dept-02,2012-09-14,Home Essentials,Regular,SPLR-009,628494.63,36,17458.18,714898.7,76.1,3.717,222.2174395,6.565
21,Dept-05,2012-09-21,Home Essentials,Regular,SPLR-006,667151.46,21,31769.12,763656.28,71.54,3.721,222.4169362,6.565
21,Dept-03,2012-09-28,Electronics,Regular,SPLR-002,647097.65,4,161774.41,755199.14,80.38,3.666,222.6164329,6.565
21,Dept-07,2012-05-10,Clothing,Premium,SPLR-002,651768.91,47,13867.42,750582.7,70.28,3.617,222.8159296,6.17
21,Dept-08,2012-12-10,Pharmacy,Regular,SPLR-006,653043.44,8,81630.43,766757.06,61.53,3.601,223.0154263,6.17
21,Dept-04,2012-10-19,Clothing,Regular,SPLR-007,641368.14,31,20689.29,752155.44,68.52,3.594,223.0598077,6.17
21,Dept-02,2012-10-26,Clothing,Regular,SPLR-008,675202.87,35,19291.51,771610.77,70.5,3.506,223.0783366,6.17
22,Dept-05,2010-05-02,Home Essentials,New,SPLR-010,1033017.37,46,22456.9,1171337.02,24.36,2.788,135.3524608,8.283
22,Dept-10,2010-12-02,Electronics,New,SPLR-001,1022571.25,37,27637.06,1164666.9,28.14,2.771,135.4113076,8.283
22,Dept-09,2010-02-19,Grocery,Regular,SPLR-001,988467.61,24,41186.15,1158617.43,31.96,2.747,135.4657781,8.283
22,Dept-05,2010-02-26,Electronics,New,SPLR-005,899761.48,5,179952.3,1076621.07,35.98,2.753,135.5195191,8.283
22,Dept-10,2010-05-03,Grocery,New,SPLR-002,1009201.24,37,27275.71,1177862.14,36.82,2.766,135.5732602,8.283
22,Dept-02,2010-12-03,Electronics,Regular,SPLR-005,967187.37,11,87926.12,1156072.33,43.43,2.805,135.6270013,8.283
22,Dept-03,2010-03-19,Home Essentials,Regular,SPLR-010,966145.09,2,483072.54,1123902.48,46.03,2.834,135.6682247,8.283
22,Dept-06,2010-03-26,Grocery,Regular,SPLR-005,1012075.12,14,72291.08,1142771.8,48.56,2.831,135.7073618,8.283
22,Dept-03,2010-02-04,Grocery,Regular,SPLR-007,1177340.99,8,147167.62,1337135.79,44.96,2.826,135.7464988,8.348
22,Dept-04,2010-09-04,Home Essentials,Premium,SPLR-010,1033171.07,45,22959.36,1160378.23,57.06,2.849,135.7856359,8.348
22,Dept-07,2010-04-16,Grocery,Regular,SPLR-010,1000968.67,40,25024.22,1163756.44,51.14,2.885,135.82725,8.348
22,Dept-02,2010-04-23,Grocery,Regular,SPLR-010,969594.47,46,21078.14,1074411.65,51.04,2.895,135.8721667,8.348
22,Dept-03,2010-04-30,Home Essentials,Regular,SPLR-008,977683.06,17,57510.77,1160196.22,50.96,2.935,135.9170833,8.348
22,Dept-02,2010-07-05,Pharmacy,Premium,SPLR-001,1052973.28,9,116997.03,1193822.34,63.81,2.981,135.962,8.348
22,Dept-01,2010-05-14,Clothing,Regular,SPLR-002,973585.33,44,22126.94,1133062.27,50.99,2.983,136.010394,8.348
22,Dept-01,2010-05-21,Home Essentials,Regular,SPLR-007,979977.89,11,89088.9,1080411.06,59.99,2.961,136.0796521,8.348
22,Dept-02,2010-05-28,Clothing,Regular,SPLR-010,1103740.4,29,38060.01,1280369.22,65.64,2.906,136.1489101,8.348
22,Dept-01,2010-04-06,Clothing,Regular,SPLR-005,1095539.13,29,37777.21,1277823.41,69.49,2.857,136.2181682,8.348
22,Dept-06,2010-11-06,Electronics,Premium,SPLR-009,1061196.47,4,265299.12,1264734.72,65.01,2.83,136.2874263,8.348
22,Dept-06,2010-06-18,Electronics,New,SPLR-001,1052895.25,3,350965.08,1257830.78,67.13,2.805,136.3243393,8.348
22,Dept-01,2010-06-25,Clothing,Premium,SPLR-001,1095020.33,36,30417.23,1283483.94,74.37,2.81,136.3483143,8.348
22,Dept-09,2010-02-07,Grocery,Regular,SPLR-002,1120259.71,42,26672.85,1246736.78,72.88,2.815,136.3722893,8.433
22,Dept-08,2010-09-07,Pharmacy,Regular,SPLR-005,1092654.26,49,22299.07,1299414.09,79.22,2.806,136.3962643,8.433
22,Dept-01,2010-07-16,Pharmacy,Regular,SPLR-005,988392.99,2,494196.5,1143123.41,76.3,2.796,136.4179827,8.433
22,Dept-01,2010-07-23,Pharmacy,New,SPLR-004,974123.2,42,23193.41,1100720.49,76.91,2.784,136.4366924,8.433
22,Dept-07,2010-07-30,Clothing,Premium,SPLR-002,970773.64,31,31315.28,1162734.08,76.35,2.792,136.4554021,8.433
22,Dept-03,2010-06-08,Electronics,Regular,SPLR-004,1010326.14,29,34838.83,1177605.04,74.37,2.792,136.4741118,8.433
22,Dept-08,2010-08-13,Pharmacy,Regular,SPLR-008,993097.43,13,76392.11,1157121.94,74.75,2.81,136.4928214,8.433
22,Dept-06,2010-08-20,Pharmacy,Premium,SPLR-005,1017045.44,17,59826.2,1203964.19,73.21,2.796,136.5249182,8.433
22,Dept-05,2010-08-27,Home Essentials,Regular,SPLR-001,1081420.96,37,29227.59,1238498.61,68.99,2.77,136.557015,8.433
22,Dept-05,2010-03-09,Grocery,Regular,SPLR-009,1074535.88,22,48842.54,1195761.5,75.85,2.735,136.5891118,8.433
22,Dept-08,2010-10-09,Electronics,Regular,SPLR-003,924174.4,1,924174.4,1059482.72,68.6,2.717,136.6212085,8.433
22,Dept-10,2010-09-17,Pharmacy,Regular,SPLR-006,918285.97,2,459142.98,1085307.93,62.49,2.716,136.6338071,8.433
22,Dept-04,2010-09-24,Home Essentials,Regular,SPLR-009,902779.25,33,27356.95,1016180.76,65.14,2.718,136.6317821,8.433
22,Dept-03,2010-01-10,Grocery,Regular,SPLR-004,905987.17,43,21069.47,1041054.23,69.31,2.717,136.6297571,8.572
22,Dept-06,2010-08-10,Clothing,Regular,SPLR-007,1015051.62,21,48335.79,1152229.75,56.32,2.776,136.6277321,8.572
22,Dept-10,2010-10-15,Home Essentials,Premium,SPLR-007,954401.46,9,106044.61,1112938.09,55.23,2.878,136.6401935,8.572
22,Dept-03,2010-10-22,Pharmacy,Regular,SPLR-006,960998.52,15,64066.57,1113674.1,50.24,2.919,136.688871,8.572
22,Dept-06,2010-10-29,Electronics,Regular,SPLR-006,1025766.27,38,26993.85,1170569.73,57.73,2.938,136.7375484,8.572
22,Dept-09,2010-05-11,Grocery,Regular,SPLR-001,1006888.16,22,45767.64,1144014.16,44.34,2.938,136.7862258,8.572
22,Dept-02,2010-12-11,Home Essentials,New,SPLR-003,1043698.64,26,40142.26,1202195.07,44.42,2.961,136.8349032,8.572
22,Dept-03,2010-11-19,Electronics,Regular,SPLR-006,985896.44,4,246474.11,1157983.95,48.62,3.03,136.7715714,8.572
22,Dept-05,2010-11-26,Home Essentials,Regular,SPLR-008,1564502.26,28,55875.08,1752920.29,44.61,3.07,136.6895714,8.572
22,Dept-03,2010-03-12,Pharmacy,Regular,SPLR-002,1230514.58,4,307628.64,1358781.25,39.42,3.065,136.6075714,8.572
22,Dept-02,2010-10-12,Electronics,Regular,SPLR-006,1367202.84,8,170900.36,1510502.6,28.43,3.132,136.5255714,8.572
22,Dept-01,2010-12-17,Clothing,Regular,SPLR-004,1527682.99,43,35527.51,1683635.75,30.46,3.139,136.5292811,8.572
22,Dept-02,2010-12-24,Home Essentials,New,SPLR-006,1962445.04,19,103286.58,2269691.98,29.76,3.15,136.597273,8.572
22,Dept-04,2010-12-31,Home Essentials,Regular,SPLR-004,774262.28,8,96782.78,917067.92,28.49,3.177,136.665265,8.572
22,Dept-03,2011-07-01,Home Essentials,Regular,SPLR-010,873954.7,20,43697.74,1000690.8,32.56,3.193,136.7332569,8.458
22,Dept-04,2011-01-14,Pharmacy,Regular,SPLR-005,807535.52,36,22431.54,936271.62,24.76,3.215,136.803477,8.458
22,Dept-08,2011-01-21,Clothing,Regular,SPLR-006,855001.02,9,95000.11,1023093.17,26.8,3.232,136.8870657,8.458
22,Dept-05,2011-01-28,Electronics,Regular,SPLR-005,799369.15,43,18589.98,934937.71,20.61,3.243,136.9706544,8.458
22,Dept-03,2011-04-02,Clothing,Regular,SPLR-009,946060.98,27,35039.3,1125722.88,26.39,3.24,137.0542431,8.458
22,Dept-10,2011-11-02,Pharmacy,Premium,SPLR-006,1009206.33,37,27275.85,1210319.9,28.89,3.255,137.1378318,8.458
22,Dept-06,2011-02-18,Grocery,Premium,SPLR-001,975964.86,46,21216.63,1121514.25,35.34,3.263,137.2511849,8.458
22,Dept-03,2011-02-25,Pharmacy,Regular,SPLR-001,911245.43,44,20710.12,1002567.64,30.23,3.281,137.3764439,8.458
22,Dept-08,2011-04-03,Clothing,Premium,SPLR-008,997353.15,1,997353.15,1160558.62,33.52,3.437,137.5017028,8.458
22,Dept-09,2011-11-03,Home Essentials,Premium,SPLR-004,944587.23,26,36330.28,1090680.54,41.42,3.6,137.6269617,8.458
22,Dept-06,2011-03-18,Clothing,Regular,SPLR-002,926427.12,48,19300.56,1043377.57,43.38,3.634,137.7398929,8.458
22,Dept-06,2011-03-25,Grocery,New,SPLR-001,933528.39,46,20294.1,1079188.99,38.77,3.624,137.8478929,8.458
22,Dept-03,2011-01-04,Electronics,Premium,SPLR-010,951588.37,13,73199.11,1092869.42,36.04,3.638,137.9558929,8.252
22,Dept-06,2011-08-04,Grocery,Premium,SPLR-003,969046.69,48,20188.47,1097481.53,44.42,3.72,138.0638929,8.252
22,Dept-10,2011-04-15,Clothing,Regular,SPLR-006,1008557.04,33,30562.33,1162135.3,48.88,3.823,138.1646952,8.252
22,Dept-05,2011-04-22,Electronics,Premium,SPLR-003,1152781.9,5,230556.38,1372234.06,47.76,3.919,138.2475036,8.252
22,Dept-05,2011-04-29,Electronics,Regular,SPLR-008,926133.8,28,33076.21,1071547.16,57.2,3.988,138.3303119,8.252
22,Dept-09,2011-06-05,Clothing,New,SPLR-007,1032076.06,19,54319.79,1199998.81,53.63,4.078,138.4131202,8.252
22,Dept-08,2011-05-13,Pharmacy,New,SPLR-006,1001558.74,46,21773.02,1164785.25,57.71,4.095,138.4959286,8.252
22,Dept-03,2011-05-20,Clothing,New,SPLR-010,970307.83,17,57076.93,1156914.39,58.56,4.101,138.587106,8.252
22,Dept-09,2011-05-27,Clothing,Regular,SPLR-009,1021568.34,5,204313.67,1128836.83,62.59,4.034,138.6782834,8.252
22,Dept-07,2011-03-06,Pharmacy,New,SPLR-010,1125169.92,36,31254.72,1253527.25,70.09,3.973,138.7694608,8.252
22,Dept-04,2011-10-06,Grocery,Regular,SPLR-005,1060868.49,28,37888.16,1254681.17,69.53,3.924,138.8606382,8.252
22,Dept-08,2011-06-17,Pharmacy,Regular,SPLR-001,1042454.61,44,23692.15,1196024.82,63.97,3.873,139.0028333,8.252
22,Dept-07,2011-06-24,Home Essentials,New,SPLR-003,1012584.2,31,32664.01,1146061.46,68.53,3.851,139.1832917,8.252
22,Dept-09,2011-01-07,Home Essentials,Regular,SPLR-004,1077491.68,45,23944.26,1191508.26,70.8,3.815,139.36375,8.023
22,Dept-02,2011-08-07,Grocery,Regular,SPLR-009,1017050.65,27,37668.54,1172077.12,74.22,3.784,139.5442083,8.023
22,Dept-08,2011-07-15,Electronics,Regular,SPLR-002,961953.57,34,28292.75,1114657.15,75.2,3.827,139.7006325,8.023
22,Dept-05,2011-07-22,Pharmacy,Regular,SPLR-005,964683.8,21,45937.32,1116046.75,77.79,3.882,139.7969712,8.023
22,Dept-08,2011-07-29,Electronics,Regular,SPLR-009,944958.69,7,134994.1,1119436.67,75.32,3.898,139.8933099,8.023
22,Dept-04,2011-05-08,Grocery,Regular,SPLR-005,983232.96,47,20919.85,1082753.18,75.33,3.903,139.9896486,8.023
22,Dept-09,2011-12-08,Grocery,New,SPLR-009,991779.2,13,76290.71,1150082.91,74.69,3.88,140.0859873,8.023
22,Dept-06,2011-08-19,Home Essentials,Premium,SPLR-007,973004.91,30,32433.5,1100532.08,71.3,3.82,140.1289205,8.023
22,Dept-05,2011-08-26,Pharmacy,New,SPLR-002,1181815.31,4,295453.83,1361754.12,72.22,3.796,140.1629528,8.023
22,Dept-02,2011-02-09,Pharmacy,Regular,SPLR-002,912762.76,11,82978.43,1027118.93,69.16,3.784,140.196985,8.023
22,Dept-01,2011-09-09,Home Essentials,Regular,SPLR-007,1004434.54,15,66962.3,1158497.23,69.14,3.809,140.2310173,8.023
22,Dept-04,2011-09-16,Clothing,Regular,SPLR-009,937420.65,21,44639.08,1070379.69,68.08,3.809,140.2735,8.023
22,Dept-05,2011-09-23,Pharmacy,Regular,SPLR-006,899834.75,17,52931.46,1014156.53,62.36,3.758,140.32725,8.023
22,Dept-07,2011-09-30,Home Essentials,Regular,SPLR-009,953314.16,34,28038.65,1084189.33,69.78,3.684,140.381,8.023
22,Dept-04,2011-07-10,Electronics,Regular,SPLR-006,993436.67,36,27595.46,1137915.88,56.44,3.633,140.43475,7.706
22,Dept-10,2011-10-14,Grocery,Regular,SPLR-010,944337.32,5,188867.46,1066701.78,62.63,3.583,140.4784194,7.706
22,Dept-02,2011-10-21,Pharmacy,Regular,SPLR-007,981567.22,13,75505.17,1155097.76,59.3,3.618,140.4616048,7.706
22,Dept-05,2011-10-28,Clothing,Regular,SPLR-005,1099351.68,39,28188.5,1276483.35,49.31,3.604,140.4447903,7.706
22,Dept-02,2011-04-11,Clothing,Premium,SPLR-007,1106575.59,34,32546.34,1303362.6,42.81,3.586,140.4279758,7.706
22,Dept-07,2011-11-11,Pharmacy,Premium,SPLR-009,1051740.29,12,87645.02,1180841.5,47.8,3.57,140.4111613,7.706
22,Dept-04,2011-11-18,Home Essentials,Regular,SPLR-003,1007579.44,6,167929.91,1133755.23,50.62,3.571,140.4127857,7.706
22,Dept-03,2011-11-25,Electronics,New,SPLR-006,1535857.49,19,80834.6,1823454.66,46.28,3.536,140.4217857,7.706
22,Dept-07,2011-02-12,Electronics,Regular,SPLR-002,1167621.14,49,23829.0,1364450.29,49.11,3.501,140.4307857,7.706
22,Dept-09,2011-09-12,Clothing,Premium,SPLR-009,1308967.44,2,654483.72,1547348.95,45.35,3.47,140.4397857,7.706
22,Dept-10,2011-12-16,Clothing,New,SPLR-004,1453153.33,4,363288.33,1655027.79,39.11,3.445,140.4700795,7.706
22,Dept-05,2011-12-23,Grocery,Regular,SPLR-006,1863195.68,42,44361.8,2070026.02,39.83,3.413,140.528765,7.706
22,Dept-02,2011-12-30,Clothing,Regular,SPLR-009,982661.14,1,982661.14,1100549.64,36.28,3.402,140.5874505,7.706
22,Dept-05,2012-06-01,Grocery,Regular,SPLR-010,895358.2,26,34436.85,1015408.48,34.61,3.439,140.6461359,7.503
22,Dept-03,2012-01-13,Home Essentials,Regular,SPLR-009,855437.57,36,23762.15,949810.8,39.0,3.523,140.7048214,7.503
22,Dept-10,2012-01-20,Home Essentials,Regular,SPLR-004,897027.44,3,299009.15,1037671.28,29.16,3.542,140.8086118,7.503
22,Dept-08,2012-01-27,Electronics,Regular,SPLR-001,786459.23,25,31458.37,915844.99,35.68,3.568,140.9124021,7.503
22,Dept-09,2012-03-02,Grocery,Regular,SPLR-001,958487.75,19,50446.72,1059796.23,40.58,3.633,141.0161924,7.503
22,Dept-02,2012-10-02,Home Essentials,Regular,SPLR-010,1034448.07,23,44976.0,1212580.23,35.68,3.655,141.1199827,7.503
22,Dept-09,2012-02-17,Electronics,Regular,SPLR-006,1004749.41,33,30446.95,1182759.07,36.25,3.703,141.2140357,7.503
22,Dept-06,2012-02-24,Clothing,Regular,SPLR-005,912958.95,31,29450.29,1028620.73,39.0,3.751,141.3007857,7.503
22,Dept-03,2012-02-03,Grocery,Regular,SPLR-007,974866.65,15,64991.11,1092218.67,37.47,3.827,141.3875357,7.503
22,Dept-03,2012-09-03,Home Essentials,Regular,SPLR-002,991127.01,29,34176.79,1129743.05,41.72,3.876,141.4742857,7.503
22,Dept-01,2012-03-16,Electronics,Regular,SPLR-007,966780.01,7,138111.43,1090794.3,46.06,3.867,141.55478,7.503
22,Dept-01,2012-03-23,Electronics,Regular,SPLR-005,992774.4,4,248193.6,1183323.36,54.68,3.889,141.6269332,7.503
22,Dept-10,2012-03-30,Grocery,Regular,SPLR-007,965769.93,45,21461.55,1112642.55,46.4,3.921,141.6990864,7.503
22,Dept-05,2012-06-04,Home Essentials,New,SPLR-005,1197489.66,24,49895.4,1341605.06,46.38,3.957,141.7712396,7.671
22,Dept-07,2012-04-13,Pharmacy,Regular,SPLR-007,939118.24,25,37564.73,1110479.3,49.89,4.025,141.8433929,7.671
22,Dept-04,2012-04-20,Grocery,Premium,SPLR-008,1000342.87,15,66689.52,1148233.49,58.81,4.046,141.9015262,7.671
22,Dept-08,2012-04-27,Clothing,Regular,SPLR-008,922539.94,45,20500.89,1032787.31,51.42,4.023,141.9596595,7.671
22,Dept-08,2012-04-05,Grocery,Premium,SPLR-003,1005083.31,24,41878.47,1134327.14,50.75,3.991,142.0177929,7.671
22,Dept-08,2012-11-05,Pharmacy,Premium,SPLR-002,997868.63,36,27718.57,1151540.85,56.72,3.947,142.0759262,7.671
22,Dept-05,2012-05-18,Home Essentials,Regular,SPLR-001,986612.02,33,29897.33,1161507.09,61.9,3.899,142.0970115,7.671
22,Dept-06,2012-05-25,Electronics,Premium,SPLR-010,1047297.38,24,43637.39,1245668.88,62.39,3.85,142.1032776,7.671
22,Dept-03,2012-01-06,Clothing,Regular,SPLR-005,1102857.37,19,58045.12,1304968.09,70.01,3.798,142.1095438,7.671
22,Dept-08,2012-08-06,Pharmacy,New,SPLR-010,1061134.37,6,176855.73,1264399.95,61.71,3.746,142.1158099,7.671
22,Dept-09,2012-06-15,Home Essentials,Regular,SPLR-002,1061219.19,32,33163.1,1264372.49,66.56,3.683,142.1292548,7.671
22,Dept-01,2012-06-22,Home Essentials,Regular,SPLR-004,1112449.3,33,33710.58,1290115.13,70.61,3.629,142.1606464,7.671
22,Dept-05,2012-06-29,Electronics,Regular,SPLR-001,1053881.78,32,32933.81,1220402.03,70.99,3.577,142.1920381,7.671
22,Dept-03,2012-06-07,Grocery,Premium,SPLR-009,1097786.14,39,28148.36,1237391.15,77.41,3.538,142.2234298,7.753
22,Dept-06,2012-07-13,Home Essentials,Premium,SPLR-005,971361.38,49,19823.7,1126271.08,75.81,3.561,142.2548214,7.753
22,Dept-09,2012-07-20,Home Essentials,Regular,SPLR-009,991969.37,17,58351.14,1120933.78,76.57,3.61,142.2337569,7.753
22,Dept-02,2012-07-27,Home Essentials,Premium,SPLR-006,925731.21,32,28929.1,1074835.9,73.52,3.701,142.2126924,7.753
22,Dept-10,2012-03-08,Electronics,Premium,SPLR-001,1007257.83,22,45784.45,1114048.92,72.99,3.698,142.1916279,7.753
22,Dept-05,2012-10-08,Home Essentials,Premium,SPLR-002,973812.79,49,19873.73,1167876.73,76.74,3.772,142.1705634,7.753
22,Dept-08,2012-08-17,Clothing,Regular,SPLR-003,981273.26,15,65418.22,1150016.12,74.92,3.84,142.2157385,7.753
22,Dept-01,2012-08-24,Grocery,Regular,SPLR-001,1060906.75,26,40804.11,1261548.86,70.42,3.874,142.3105933,7.753
22,Dept-09,2012-08-31,Clothing,Regular,SPLR-010,1022270.86,28,36509.67,1152657.37,71.93,3.884,142.4054482,7.753
22,Dept-06,2012-07-09,Pharmacy,Regular,SPLR-007,996628.8,6,166104.8,1117395.29,73.3,3.921,142.500303,7.753
22,Dept-03,2012-09-14,Clothing,Premium,SPLR-007,918049.28,1,918049.28,1053611.15,66.42,3.988,142.5938833,7.753
22,Dept-01,2012-09-21,Electronics,Regular,SPLR-001,921612.53,35,26331.79,1043784.45,63.38,4.056,142.6798167,7.753
22,Dept-04,2012-09-28,Home Essentials,Regular,SPLR-006,976479.51,45,21699.54,1104566.4,62.17,4.018,142.76575,7.753
22,Dept-08,2012-05-10,Pharmacy,Regular,SPLR-007,1009887.36,39,25894.55,1118962.8,62.09,4.027,142.8516833,7.543
22,Dept-03,2012-12-10,Pharmacy,Premium,SPLR-008,1004039.84,27,37186.66,1203609.76,54.18,4.029,142.9376167,7.543
22,Dept-01,2012-10-19,Home Essentials,Regular,SPLR-010,978027.95,23,42522.95,1144074.61,55.28,4.0,142.8633629,7.543
22,Dept-05,2012-10-26,Pharmacy,Regular,SPLR-003,1094422.69,17,64377.81,1275118.67,57.58,3.917,142.7624113,7.543
23,Dept-09,2010-05-02,Pharmacy,New,SPLR-010,1364721.58,5,272944.32,1575511.05,15.25,2.788,131.5279032,5.892
23,Dept-10,2010-12-02,Pharmacy,New,SPLR-008,1380892.08,30,46029.74,1594772.76,18.75,2.771,131.5866129,5.892
23,Dept-09,2010-02-19,Electronics,Premium,SPLR-005,1319588.04,9,146620.89,1514764.39,26.7,2.747,131.637,5.892
23,Dept-05,2010-02-26,Clothing,Regular,SPLR-007,1198709.65,45,26637.99,1329026.64,32.68,2.753,131.686,5.892
23,Dept-10,2010-05-03,Clothing,New,SPLR-010,1311175.93,22,59598.91,1488548.6,33.15,2.766,131.735,5.892
23,Dept-03,2010-12-03,Home Essentials,Regular,SPLR-004,1408082.96,20,70404.15,1625752.19,36.07,2.805,131.784,5.892
23,Dept-03,2010-03-19,Clothing,Regular,SPLR-002,1229008.32,24,51208.68,1407638.86,43.01,2.834,131.8242903,5.892
23,Dept-09,2010-03-26,Grocery,Premium,SPLR-010,1310701.8,34,38550.05,1471247.11,38.59,2.831,131.863129,5.892
23,Dept-09,2010-02-04,Home Essentials,Premium,SPLR-007,1556627.62,5,311325.52,1787613.91,40.5,2.826,131.9019677,5.435
23,Dept-06,2010-09-04,Electronics,Premium,SPLR-006,1264434.7,5,252886.94,1499652.93,56.82,2.849,131.9408065,5.435
23,Dept-10,2010-04-16,Home Essentials,Premium,SPLR-002,1288823.72,28,46029.42,1431285.55,44.25,2.885,131.9809,5.435
23,Dept-01,2010-04-23,Clothing,Regular,SPLR-002,1315023.08,21,62620.15,1575139.44,46.4,2.895,132.0226667,5.435
23,Dept-09,2010-04-30,Electronics,New,SPLR-010,1259414.52,29,43428.09,1473523.72,45.47,2.935,132.0644333,5.435
23,Dept-01,2010-07-05,Home Essentials,Regular,SPLR-006,1365552.28,48,28449.01,1622177.03,61.04,2.981,132.1062,5.435
23,Dept-05,2010-05-14,Home Essentials,Regular,SPLR-002,1303055.09,8,162881.89,1443385.46,45.33,2.983,132.152129,5.435
23,Dept-10,2010-05-21,Electronics,Premium,SPLR-002,1327424.28,5,265484.86,1556100.29,57.94,2.961,132.2230323,5.435
23,Dept-02,2010-05-28,Grocery,New,SPLR-006,1571158.56,20,78557.93,1870334.12,69.26,2.906,132.2939355,5.435
23,Dept-10,2010-04-06,Pharmacy,New,SPLR-003,1514435.51,26,58247.52,1691334.24,64.94,2.857,132.3648387,5.435
23,Dept-06,2010-11-06,Pharmacy,Regular,SPLR-002,1439432.06,37,38903.57,1605679.62,58.35,2.83,132.4357419,5.435
23,Dept-07,2010-06-18,Home Essentials,New,SPLR-001,1507708.93,26,57988.8,1664045.4,60.29,2.805,132.4733333,5.435
23,Dept-09,2010-06-25,Grocery,New,SPLR-002,1415204.88,26,54430.96,1609224.54,69.83,2.81,132.4976,5.435
23,Dept-01,2010-02-07,Clothing,New,SPLR-001,1549113.18,20,77455.66,1771248.06,64.76,2.815,132.5218667,5.326
23,Dept-04,2010-09-07,Grocery,Premium,SPLR-005,1417535.78,48,29532.0,1649610.07,77.16,2.806,132.5461333,5.326
23,Dept-05,2010-07-16,Electronics,Regular,SPLR-007,1413124.11,16,88320.26,1679226.95,73.94,2.796,132.5667742,5.326
23,Dept-05,2010-07-23,Home Essentials,Regular,SPLR-005,1333634.45,48,27784.05,1592569.94,70.2,2.784,132.5825806,5.326
23,Dept-05,2010-07-30,Grocery,Regular,SPLR-006,1319773.55,2,659886.78,1500988.6,69.71,2.792,132.5983871,5.326
23,Dept-07,2010-06-08,Electronics,Regular,SPLR-009,1417013.07,23,61609.26,1591048.15,70.03,2.792,132.6141935,5.326
23,Dept-05,2010-08-13,Grocery,Premium,SPLR-009,1346345.97,29,46425.72,1587046.58,67.43,2.81,132.63,5.326
23,Dept-02,2010-08-20,Clothing,Regular,SPLR-007,1439901.05,5,287980.21,1680845.18,68.65,2.796,132.6616129,5.326
23,Dept-01,2010-08-27,Electronics,Regular,SPLR-004,1584623.36,27,58689.75,1796060.56,63.25,2.77,132.6932258,5.326
23,Dept-08,2010-03-09,Home Essentials,Regular,SPLR-010,1405119.23,42,33455.22,1567172.8,72.91,2.735,132.7248387,5.326
23,Dept-09,2010-10-09,Clothing,Regular,SPLR-001,1272842.85,25,50913.71,1484044.29,63.21,2.717,132.7564516,5.326
23,Dept-05,2010-09-17,Home Essentials,Regular,SPLR-006,1159132.58,8,144891.57,1333534.02,55.3,2.716,132.7670667,5.326
23,Dept-10,2010-09-24,Pharmacy,Regular,SPLR-001,1099055.65,24,45793.99,1311620.74,57.75,2.718,132.7619333,5.326
23,Dept-01,2010-01-10,Electronics,Regular,SPLR-005,1129909.44,2,564954.72,1345879.63,62.07,2.717,132.7568,5.287
23,Dept-09,2010-08-10,Pharmacy,Regular,SPLR-002,1179851.68,1,1179851.68,1334742.52,50.75,2.776,132.7516667,5.287
23,Dept-04,2010-10-15,Clothing,Regular,SPLR-010,1119809.71,32,34994.05,1315624.87,45.55,2.878,132.7633548,5.287
23,Dept-10,2010-10-22,Home Essentials,Regular,SPLR-007,1147503.92,22,52159.27,1371257.53,43.19,2.919,132.8170968,5.287
23,Dept-10,2010-10-29,Grocery,Regular,SPLR-005,1112871.23,35,31796.32,1285076.41,48.68,2.938,132.8708387,5.287
23,Dept-06,2010-05-11,Home Essentials,New,SPLR-008,1203119.96,18,66840.0,1441069.19,36.6,2.938,132.9245806,5.287
23,Dept-07,2010-12-11,Electronics,Regular,SPLR-001,1387953.75,11,126177.61,1617965.17,35.59,2.961,132.9783226,5.287
23,Dept-06,2010-11-19,Electronics,Premium,SPLR-001,1314994.32,31,42419.17,1564215.76,41.66,3.03,132.9172,5.287
23,Dept-07,2010-11-26,Electronics,New,SPLR-002,2072685.05,17,121922.65,2392861.19,34.95,3.07,132.8369333,5.287
23,Dept-10,2010-03-12,Clothing,Regular,SPLR-004,1617025.41,11,147002.31,1892988.45,34.3,3.065,132.7566667,5.287
23,Dept-07,2010-10-12,Home Essentials,Regular,SPLR-003,1872365.99,20,93618.3,2216420.12,20.12,3.132,132.6764,5.287
23,Dept-09,2010-12-17,Clothing,New,SPLR-007,2238573.48,4,559643.37,2684636.91,23.05,3.139,132.6804516,5.287
23,Dept-09,2010-12-24,Home Essentials,Premium,SPLR-007,2734277.1,11,248570.65,3244727.14,22.96,3.15,132.7477419,5.287
23,Dept-08,2010-12-31,Pharmacy,Premium,SPLR-007,1169773.85,15,77984.92,1341491.25,19.05,3.177,132.8150323,5.287
23,Dept-08,2011-07-01,Clothing,New,SPLR-010,1122034.48,41,27366.69,1333796.47,27.81,3.193,132.8823226,5.114
23,Dept-01,2011-01-14,Grocery,Regular,SPLR-007,1016756.1,27,37657.63,1201054.98,18.2,3.215,132.9510645,5.114
23,Dept-04,2011-01-21,Grocery,Premium,SPLR-008,1110706.06,38,29229.11,1251514.2,15.58,3.232,133.0285161,5.114
23,Dept-02,2011-01-28,Home Essentials,Regular,SPLR-006,1083657.61,29,37367.5,1272926.55,10.91,3.243,133.1059677,5.114
23,Dept-06,2011-04-02,Pharmacy,Regular,SPLR-006,1159438.53,22,52701.75,1305470.53,14.5,3.24,133.1834194,5.114
23,Dept-09,2011-11-02,Pharmacy,Regular,SPLR-007,1249786.4,13,96137.42,1395225.08,21.52,3.255,133.260871,5.114
23,Dept-05,2011-02-18,Clothing,Regular,SPLR-003,1369971.57,41,33413.94,1577712.6,26.6,3.263,133.3701429,5.114
23,Dept-06,2011-02-25,Clothing,New,SPLR-005,1206917.2,34,35497.56,1422066.99,17.0,3.281,133.4921429,5.114
23,Dept-05,2011-04-03,Home Essentials,New,SPLR-001,1301185.28,39,33363.73,1454738.3,20.67,3.437,133.6141429,5.114
23,Dept-02,2011-11-03,Home Essentials,Regular,SPLR-001,1042043.55,2,521021.78,1174649.78,29.36,3.6,133.7361429,5.114
23,Dept-01,2011-03-18,Pharmacy,New,SPLR-004,1203682.62,3,401227.54,1349947.25,37.28,3.634,133.8492258,5.114
23,Dept-02,2011-03-25,Electronics,Premium,SPLR-004,1148624.83,6,191437.47,1350221.73,29.11,3.624,133.9587419,5.114
23,Dept-05,2011-01-04,Electronics,Regular,SPLR-006,1182694.95,24,49278.96,1370888.96,29.44,3.638,134.0682581,4.781
23,Dept-03,2011-08-04,Electronics,New,SPLR-006,1248901.98,20,62445.1,1392866.24,36.74,3.72,134.1777742,4.781
23,Dept-05,2011-04-15,Pharmacy,New,SPLR-007,1263680.51,18,70204.47,1494030.44,45.51,3.823,134.2784667,4.781
23,Dept-08,2011-04-22,Electronics,Regular,SPLR-006,1447301.24,20,72365.06,1694581.86,39.62,3.919,134.3571,4.781
23,Dept-02,2011-04-29,Clothing,Regular,SPLR-004,1173307.4,44,26666.08,1302188.05,54.2,3.988,134.4357333,4.781
23,Dept-10,2011-06-05,Clothing,Regular,SPLR-002,1359921.13,10,135992.11,1621126.99,50.07,4.078,134.5143667,4.781
23,Dept-04,2011-05-13,Home Essentials,Regular,SPLR-001,1254914.87,36,34858.75,1420547.54,55.12,4.095,134.593,4.781
23,Dept-09,2011-05-20,Pharmacy,Regular,SPLR-004,1337617.55,15,89174.5,1513157.23,56.67,4.101,134.6803871,4.781
23,Dept-03,2011-05-27,Pharmacy,New,SPLR-003,1361945.18,9,151327.24,1614504.89,63.27,4.034,134.7677742,4.781
23,Dept-10,2011-03-06,Home Essentials,Regular,SPLR-008,1562161.97,1,1562161.97,1721894.41,67.21,3.973,134.8551613,4.781
23,Dept-02,2011-10-06,Pharmacy,Premium,SPLR-008,1447028.06,42,34453.05,1702519.54,65.23,3.924,134.9425484,4.781
23,Dept-01,2011-06-17,Pharmacy,Regular,SPLR-002,1470520.83,42,35012.4,1729372.3,61.06,3.873,135.0837333,4.781
23,Dept-08,2011-06-24,Electronics,Regular,SPLR-003,1434036.18,29,49449.52,1610163.38,63.8,3.851,135.2652667,4.781
23,Dept-01,2011-01-07,Home Essentials,New,SPLR-010,1492507.44,23,64891.63,1741053.8,65.65,3.815,135.4468,4.584
23,Dept-06,2011-08-07,Electronics,Premium,SPLR-006,1379488.05,45,30655.29,1536121.12,69.92,3.784,135.6283333,4.584
23,Dept-07,2011-07-15,Pharmacy,New,SPLR-009,1360520.56,37,36770.83,1523748.53,69.8,3.827,135.7837419,4.584
23,Dept-03,2011-07-22,Electronics,Regular,SPLR-003,1362144.0,39,34926.77,1562456.61,76.74,3.882,135.8738387,4.584
23,Dept-06,2011-07-29,Electronics,Premium,SPLR-005,1319767.55,1,1319767.55,1568318.45,69.55,3.898,135.9639355,4.584
23,Dept-05,2011-05-08,Home Essentials,Regular,SPLR-009,1416344.68,21,67444.98,1657500.73,69.53,3.903,136.0540323,4.584
23,Dept-03,2011-12-08,Home Essentials,Regular,SPLR-004,1380952.05,26,53113.54,1603518.46,69.86,3.88,136.144129,4.584
23,Dept-02,2011-08-19,Electronics,Regular,SPLR-004,1453416.53,47,30923.76,1674097.7,67.09,3.82,136.183129,4.584
23,Dept-09,2011-08-26,Pharmacy,Regular,SPLR-005,1637266.29,4,409316.57,1820086.85,67.04,3.796,136.2136129,4.584
23,Dept-01,2011-02-09,Home Essentials,Premium,SPLR-006,1464295.69,46,31832.52,1673547.41,65.33,3.784,136.2440968,4.584
23,Dept-05,2011-09-09,Pharmacy,Regular,SPLR-003,1423289.9,30,47443.0,1653037.07,66.04,3.809,136.2745806,4.584
23,Dept-04,2011-09-16,Grocery,Premium,SPLR-006,1253329.17,25,50133.17,1456090.65,60.52,3.809,136.3145,4.584
23,Dept-10,2011-09-23,Electronics,Regular,SPLR-007,1289082.81,20,64454.14,1499073.13,57.14,3.758,136.367,4.584
23,Dept-08,2011-09-30,Home Essentials,Premium,SPLR-007,1275597.85,33,38654.48,1515375.39,64.76,3.684,136.4195,4.584
23,Dept-03,2011-07-10,Electronics,New,SPLR-004,1463501.99,30,48783.4,1709111.99,49.0,3.633,136.472,4.42
23,Dept-09,2011-10-14,Electronics,Premium,SPLR-010,1257778.34,14,89841.31,1404327.7,56.79,3.583,136.5150968,4.42
23,Dept-02,2011-10-21,Pharmacy,Regular,SPLR-005,1441032.59,33,43667.65,1664591.19,52.12,3.618,136.5017742,4.42
23,Dept-02,2011-10-28,Clothing,Regular,SPLR-004,1407191.96,39,36081.85,1580333.82,42.57,3.604,136.4884516,4.42
23,Dept-05,2011-04-11,Home Essentials,Regular,SPLR-010,1428436.33,18,79357.57,1593600.96,39.18,3.586,136.475129,4.42
23,Dept-05,2011-11-11,Pharmacy,Regular,SPLR-003,1436940.78,12,119745.06,1650232.3,44.04,3.57,136.4618065,4.42
23,Dept-06,2011-11-18,Electronics,Regular,SPLR-009,1345631.96,5,269126.39,1521928.43,45.48,3.571,136.4666667,4.42
23,Dept-05,2011-11-25,Home Essentials,Regular,SPLR-007,2057059.53,17,121003.5,2436667.05,35.23,3.536,136.4788,4.42
23,Dept-01,2011-02-12,Home Essentials,Premium,SPLR-007,1552886.59,22,70585.75,1754626.11,43.6,3.501,136.4909333,4.42
23,Dept-01,2011-09-12,Clothing,Premium,SPLR-010,1841173.6,28,65756.2,2114658.41,36.4,3.47,136.5030667,4.42
23,Dept-04,2011-12-16,Electronics,New,SPLR-008,2173621.2,26,83600.82,2603348.58,32.99,3.445,136.5335161,4.42
23,Dept-03,2011-12-23,Clothing,Regular,SPLR-006,2587953.32,21,123235.87,3030910.76,27.8,3.413,136.5883871,4.42
23,Dept-06,2011-12-30,Home Essentials,New,SPLR-001,1213486.95,29,41844.38,1384931.67,22.3,3.402,136.6432581,4.42
23,Dept-05,2012-06-01,Pharmacy,New,SPLR-010,1150662.55,7,164380.36,1304306.48,24.29,3.439,136.698129,4.261
23,Dept-05,2012-01-13,Pharmacy,Regular,SPLR-004,1031451.35,49,21050.03,1149539.44,28.49,3.523,136.753,4.261
23,Dept-04,2012-01-20,Pharmacy,Regular,SPLR-009,1146992.13,48,23895.67,1366775.23,15.33,3.542,136.8564194,4.261
23,Dept-01,2012-01-27,Grocery,Regular,SPLR-005,1037476.38,16,64842.27,1171024.73,25.71,3.568,136.9598387,4.261
23,Dept-05,2012-03-02,Electronics,Regular,SPLR-006,1261872.67,7,180267.52,1397226.1,29.71,3.633,137.0632581,4.261
23,Dept-01,2012-10-02,Pharmacy,Regular,SPLR-009,1358444.07,1,1358444.07,1626425.77,26.6,3.655,137.1666774,4.261
23,Dept-10,2012-02-17,Grocery,Regular,SPLR-007,1365546.69,23,59371.6,1600648.07,27.01,3.703,137.2583103,4.261
23,Dept-02,2012-02-24,Electronics,Premium,SPLR-003,1272948.27,33,38574.19,1409388.5,31.12,3.751,137.3411034,4.261
23,Dept-03,2012-02-03,Home Essentials,Premium,SPLR-006,1322852.2,28,47244.72,1558015.57,25.91,3.827,137.4238966,4.261
23,Dept-09,2012-09-03,Home Essentials,Regular,SPLR-009,1292724.9,48,26931.77,1447572.92,33.11,3.876,137.5066897,4.261
23,Dept-10,2012-03-16,Home Essentials,Premium,SPLR-006,1258364.31,40,31459.11,1442741.19,41.19,3.867,137.5843871,4.261
23,Dept-04,2012-03-23,Home Essentials,New,SPLR-003,1288154.1,18,71564.12,1490021.84,57.82,3.889,137.6552903,4.261
23,Dept-07,2012-03-30,Grocery,Regular,SPLR-003,1261964.96,47,26850.32,1415841.88,36.71,3.921,137.7261935,4.261
23,Dept-08,2012-06-04,Clothing,Premium,SPLR-002,1604605.69,32,50143.93,1924510.16,37.43,3.957,137.7970968,4.125
23,Dept-05,2012-04-13,Clothing,Regular,SPLR-007,1231752.54,49,25137.81,1376935.84,41.81,4.025,137.868,4.125
23,Dept-02,2012-04-20,Home Essentials,Premium,SPLR-004,1287899.41,28,45996.41,1456368.21,56.55,4.046,137.9230667,4.125
23,Dept-01,2012-04-27,Clothing,Regular,SPLR-005,1277758.76,11,116159.89,1460998.2,44.62,4.023,137.9781333,4.125
23,Dept-06,2012-04-05,Electronics,Regular,SPLR-010,1317379.68,48,27445.41,1478510.09,45.88,3.991,138.0332,4.125
23,Dept-01,2012-11-05,Grocery,Regular,SPLR-003,1321914.34,3,440638.11,1534495.17,52.9,3.947,138.0882667,4.125
23,Dept-03,2012-05-18,Home Essentials,New,SPLR-002,1332952.47,44,30294.37,1583930.2,58.42,3.899,138.1065806,4.125
23,Dept-09,2012-05-25,Home Essentials,Regular,SPLR-002,1552934.64,38,40866.7,1804154.0,66.43,3.85,138.1101935,4.125
23,Dept-06,2012-01-06,Electronics,Premium,SPLR-006,1476144.34,13,113549.56,1726526.9,66.22,3.798,138.1138065,4.125
23,Dept-10,2012-08-06,Home Essentials,Regular,SPLR-006,1568048.54,21,74668.98,1732433.79,56.82,3.746,138.1174194,4.125
23,Dept-07,2012-06-15,Electronics,Regular,SPLR-003,1543667.68,4,385916.92,1766170.99,64.73,3.683,138.1295333,4.125
23,Dept-10,2012-06-22,Clothing,Regular,SPLR-010,1522042.57,23,66175.76,1781386.67,71.82,3.629,138.1629,4.125
23,Dept-01,2012-06-29,Grocery,Regular,SPLR-008,1451782.16,46,31560.48,1644474.73,64.23,3.577,138.1962667,4.125
23,Dept-09,2012-06-07,Grocery,Premium,SPLR-001,1545370.16,22,70244.1,1828523.58,70.86,3.538,138.2296333,4.156
23,Dept-01,2012-07-13,Clothing,Regular,SPLR-008,1384921.63,14,98922.97,1544449.96,69.19,3.561,138.263,4.156
23,Dept-06,2012-07-20,Clothing,Regular,SPLR-001,1381339.23,24,57555.8,1597187.1,71.13,3.61,138.2331935,4.156
23,Dept-07,2012-07-27,Home Essentials,Regular,SPLR-002,1322932.36,22,60133.29,1531074.71,69.31,3.701,138.2033871,4.156
23,Dept-08,2012-03-08,Pharmacy,New,SPLR-006,1416926.31,47,30147.37,1565261.45,71.51,3.698,138.1735806,4.156
23,Dept-06,2012-10-08,Home Essentials,Regular,SPLR-008,1436311.76,10,143631.18,1681698.58,71.12,3.772,138.1437742,4.156
23,Dept-09,2012-08-17,Electronics,Premium,SPLR-005,1510131.45,39,38721.32,1715427.32,69.97,3.84,138.1857097,4.156
23,Dept-02,2012-08-24,Home Essentials,Regular,SPLR-010,1702220.96,6,283703.49,1878050.2,64.63,3.874,138.2814516,4.156
23,Dept-03,2012-08-31,Clothing,Premium,SPLR-007,1577468.78,18,87637.15,1885391.99,68.34,3.884,138.3771935,4.156
23,Dept-08,2012-07-09,Clothing,Regular,SPLR-006,1427162.26,45,31714.72,1699112.42,66.74,3.921,138.4729355,4.156
23,Dept-05,2012-09-14,Grocery,Regular,SPLR-010,1279041.64,34,37618.87,1410176.34,61.37,3.988,138.5673,4.156
23,Dept-07,2012-09-21,Grocery,Premium,SPLR-003,1338627.55,47,28481.44,1537627.01,56.8,4.056,138.6534,4.156
23,Dept-10,2012-09-28,Grocery,Regular,SPLR-002,1319035.06,12,109919.59,1505431.24,53.71,4.018,138.7395,4.156
23,Dept-02,2012-05-10,Electronics,New,SPLR-008,1464616.59,2,732308.3,1733078.87,56.65,4.027,138.8256,4.145
23,Dept-07,2012-12-10,Home Essentials,Regular,SPLR-006,1412925.25,21,67282.15,1694225.5,48.1,4.029,138.9117,4.145
23,Dept-01,2012-10-19,Home Essentials,Regular,SPLR-001,1363155.77,30,45438.53,1560340.07,47.89,4.0,138.8336129,4.145
23,Dept-02,2012-10-26,Electronics,Premium,SPLR-003,1347454.59,41,32864.75,1551124.45,50.56,3.917,138.7281613,4.145
24,Dept-04,2010-05-02,Home Essentials,Regular,SPLR-004,1388725.63,34,40844.87,1556250.22,22.43,2.954,131.5279032,8.326
24,Dept-04,2010-12-02,Clothing,Regular,SPLR-007,1414107.1,39,36259.16,1585212.42,25.94,2.94,131.5866129,8.326
24,Dept-10,2010-02-19,Electronics,Regular,SPLR-004,1385362.49,40,34634.06,1604327.33,31.05,2.909,131.637,8.326
24,Dept-06,2010-02-26,Home Essentials,Regular,SPLR-008,1158722.74,19,60985.41,1381741.74,33.98,2.91,131.686,8.326
24,Dept-09,2010-05-03,Electronics,Regular,SPLR-007,1412387.37,27,52310.64,1671533.67,36.73,2.919,131.735,8.326
24,Dept-01,2010-12-03,Clothing,Regular,SPLR-007,1309340.16,45,29096.45,1554845.74,42.31,2.938,131.784,8.326
24,Dept-01,2010-03-19,Grocery,Regular,SPLR-005,1222511.29,28,43661.12,1430493.06,46.09,2.96,131.8242903,8.326
24,Dept-07,2010-03-26,Grocery,Regular,SPLR-007,1258311.56,11,114391.96,1408107.84,48.87,2.963,131.863129,8.326
24,Dept-08,2010-02-04,Home Essentials,New,SPLR-002,1478321.26,16,92395.08,1665823.12,45.22,2.957,131.9019677,8.211
24,Dept-08,2010-09-04,Pharmacy,Regular,SPLR-002,1379579.63,19,72609.45,1597402.74,62.06,2.992,131.9408065,8.211
24,Dept-02,2010-04-16,Electronics,Regular,SPLR-005,1268266.72,1,1268266.72,1498682.61,51.08,3.01,131.9809,8.211
24,Dept-06,2010-04-23,Grocery,New,SPLR-006,1264117.01,10,126411.7,1391354.97,51.07,3.021,132.0226667,8.211
24,Dept-07,2010-04-30,Electronics,Regular,SPLR-003,1259877.19,35,35996.49,1419901.12,51.48,3.042,132.0644333,8.211
24,Dept-01,2010-07-05,Home Essentials,New,SPLR-008,1409705.03,38,37097.5,1609284.23,66.65,3.095,132.1062,8.211
24,Dept-10,2010-05-14,Grocery,New,SPLR-004,1346783.35,40,33669.58,1572842.5,51.31,3.112,132.152129,8.211
24,Dept-10,2010-05-21,Electronics,New,SPLR-002,1283482.85,43,29848.44,1427697.37,60.44,3.096,132.2230323,8.211
24,Dept-05,2010-05-28,Home Essentials,New,SPLR-009,1473868.15,7,210552.59,1687461.46,69.59,3.046,132.2939355,8.211
24,Dept-07,2010-04-06,Grocery,New,SPLR-007,1566668.91,22,71212.22,1872184.32,71.99,3.006,132.3648387,8.211
24,Dept-02,2010-11-06,Clothing,New,SPLR-002,1375458.21,25,55018.33,1632296.93,64.84,2.972,132.4357419,8.211
24,Dept-06,2010-06-18,Grocery,New,SPLR-009,1354168.18,9,150463.13,1612470.01,67.17,2.942,132.4733333,8.211
24,Dept-05,2010-06-25,Clothing,Regular,SPLR-005,1399073.75,49,28552.53,1634670.32,74.9,2.958,132.4976,8.211
24,Dept-02,2010-02-07,Home Essentials,Regular,SPLR-001,1563387.94,21,74447.04,1767675.63,71.12,2.958,132.5218667,8.117
24,Dept-05,2010-09-07,Pharmacy,Premium,SPLR-005,1665502.55,20,83275.13,1844165.45,79.05,2.94,132.5461333,8.117
24,Dept-07,2010-07-16,Home Essentials,Premium,SPLR-010,1418697.05,22,64486.23,1570569.88,76.56,2.933,132.5667742,8.117
24,Dept-07,2010-07-23,Home Essentials,Regular,SPLR-009,1333740.35,30,44458.01,1527320.61,75.27,2.924,132.5825806,8.117
24,Dept-04,2010-07-30,Home Essentials,Regular,SPLR-005,1387517.63,6,231252.94,1660387.05,75.91,2.932,132.5983871,8.117
24,Dept-09,2010-06-08,Clothing,New,SPLR-002,1442819.28,14,103058.52,1622689.94,74.54,2.942,132.6141935,8.117
24,Dept-05,2010-08-13,Pharmacy,New,SPLR-002,1384243.75,42,32958.18,1649431.17,74.17,2.923,132.63,8.117
24,Dept-10,2010-08-20,Clothing,Regular,SPLR-001,1375307.54,15,91687.17,1581750.7,72.17,2.913,132.6616129,8.117
24,Dept-02,2010-08-27,Home Essentials,New,SPLR-009,1350059.35,44,30683.17,1508651.09,67.0,2.885,132.6932258,8.117
24,Dept-05,2010-03-09,Clothing,New,SPLR-008,1366381.6,12,113865.13,1531521.48,73.52,2.86,132.7248387,8.117
24,Dept-07,2010-10-09,Grocery,New,SPLR-002,1474498.59,7,210642.66,1701159.23,67.11,2.837,132.7564516,8.117
24,Dept-08,2010-09-17,Clothing,New,SPLR-008,1273295.46,29,43906.74,1522090.34,60.31,2.846,132.7670667,8.117
24,Dept-08,2010-09-24,Home Essentials,Regular,SPLR-001,1169413.27,47,24881.13,1317020.6,64.3,2.837,132.7619333,8.117
24,Dept-06,2010-01-10,Electronics,New,SPLR-006,1215273.2,45,27006.07,1346121.96,66.88,2.84,132.7568,8.275
24,Dept-08,2010-08-10,Clothing,Regular,SPLR-007,1361944.94,34,40057.2,1605539.74,54.82,2.903,132.7516667,8.275
24,Dept-06,2010-10-15,Grocery,Premium,SPLR-002,1300806.74,18,72267.04,1452846.46,52.83,2.999,132.7633548,8.275
24,Dept-09,2010-10-22,Grocery,Regular,SPLR-010,1234875.33,47,26273.94,1371714.55,48.69,3.049,132.8170968,8.275
24,Dept-09,2010-10-29,Clothing,Regular,SPLR-007,1244925.94,19,65522.42,1437726.48,57.29,3.055,132.8708387,8.275
24,Dept-02,2010-05-11,Grocery,Premium,SPLR-001,1285358.01,49,26231.8,1426908.79,42.2,3.049,132.9245806,8.275
24,Dept-02,2010-12-11,Home Essentials,Premium,SPLR-008,1312877.01,41,32021.39,1450003.06,41.76,3.065,132.9783226,8.275
24,Dept-08,2010-11-19,Grocery,Regular,SPLR-005,1277150.6,39,32747.45,1413904.32,45.63,3.138,132.9172,8.275
24,Dept-07,2010-11-26,Electronics,New,SPLR-005,1779276.51,16,111204.78,2032895.02,41.92,3.186,132.8369333,8.275
24,Dept-08,2010-03-12,Grocery,Regular,SPLR-005,1413302.7,4,353325.68,1589678.21,37.08,3.2,132.7566667,8.275
24,Dept-03,2010-10-12,Electronics,Premium,SPLR-001,1593012.75,9,177001.42,1898506.17,27.11,3.255,132.6764,8.275
24,Dept-10,2010-12-17,Pharmacy,Regular,SPLR-006,1663525.77,44,37807.4,1888224.18,27.99,3.301,132.6804516,8.275
24,Dept-02,2010-12-24,Clothing,New,SPLR-005,2386015.75,12,198834.65,2625281.13,27.74,3.309,132.7477419,8.275
24,Dept-02,2010-12-31,Clothing,Regular,SPLR-008,1208600.05,3,402866.68,1445878.78,25.9,3.336,132.8150323,8.275
24,Dept-06,2011-07-01,Grocery,Premium,SPLR-009,1178641.71,7,168377.39,1351042.26,30.72,3.351,132.8823226,8.252
24,Dept-02,2011-01-14,Pharmacy,Regular,SPLR-006,1167740.2,36,32437.23,1346027.83,22.41,3.367,132.9510645,8.252
24,Dept-07,2011-01-21,Clothing,Premium,SPLR-008,1107170.39,43,25748.15,1283513.0,23.69,3.391,133.0285161,8.252
24,Dept-04,2011-01-28,Home Essentials,Regular,SPLR-008,1126921.34,7,160988.76,1290771.08,17.91,3.402,133.1059677,8.252
24,Dept-02,2011-04-02,Pharmacy,Regular,SPLR-004,1225182.04,26,47122.39,1451734.37,23.83,3.4,133.1834194,8.252
24,Dept-01,2011-11-02,Electronics,Regular,SPLR-006,1341240.62,27,49675.58,1522183.02,26.51,3.416,133.260871,8.252
24,Dept-05,2011-02-18,Clothing,New,SPLR-009,1360150.12,11,123650.01,1591236.04,34.04,3.42,133.3701429,8.252
24,Dept-04,2011-02-25,Pharmacy,Regular,SPLR-003,1235121.33,26,47504.67,1457273.75,26.09,3.452,133.4921429,8.252
24,Dept-02,2011-04-03,Grocery,Regular,SPLR-004,1346994.53,6,224499.09,1526292.48,31.36,3.605,133.6141429,8.252
24,Dept-04,2011-11-03,Clothing,Regular,SPLR-002,1253218.7,5,250643.74,1471785.6,39.51,3.752,133.7361429,8.252
24,Dept-06,2011-03-18,Home Essentials,Regular,SPLR-008,1168397.26,40,29209.93,1398759.63,43.39,3.796,133.8492258,8.252
24,Dept-01,2011-03-25,Pharmacy,Regular,SPLR-008,1158693.12,28,41381.9,1305324.54,36.88,3.789,133.9587419,8.252
24,Dept-07,2011-01-04,Grocery,Regular,SPLR-009,1163803.3,41,28385.45,1360289.7,35.73,3.811,134.0682581,8.212
24,Dept-08,2011-08-04,Electronics,Premium,SPLR-010,1273670.32,26,48987.32,1449849.04,44.7,3.895,134.1777742,8.212
24,Dept-05,2011-04-15,Clothing,Regular,SPLR-002,1245576.65,34,36634.61,1434926.22,52.36,3.981,134.2784667,8.212
24,Dept-09,2011-04-22,Electronics,Regular,SPLR-010,1372484.9,25,54899.4,1629857.29,46.0,4.061,134.3571,8.212
24,Dept-10,2011-04-29,Electronics,New,SPLR-008,1197761.17,8,149720.15,1352477.36,60.48,4.117,134.4357333,8.212
24,Dept-06,2011-06-05,Electronics,Regular,SPLR-002,1339630.35,8,167453.79,1497659.08,55.75,4.192,134.5143667,8.212
24,Dept-05,2011-05-13,Clothing,Regular,SPLR-007,1311950.16,36,36443.06,1531240.32,58.49,4.211,134.593,8.212
24,Dept-02,2011-05-20,Grocery,Regular,SPLR-008,1234281.7,38,32481.1,1462146.71,59.84,4.202,134.6803871,8.212
24,Dept-04,2011-05-27,Home Essentials,Premium,SPLR-007,1311153.72,41,31979.36,1519342.25,65.74,4.134,134.7677742,8.212
24,Dept-08,2011-03-06,Grocery,Premium,SPLR-003,1554837.62,5,310967.52,1734000.42,73.12,4.069,134.8551613,8.212
24,Dept-09,2011-10-06,Grocery,Regular,SPLR-010,1373841.91,31,44317.48,1635555.82,70.02,4.025,134.9425484,8.212
24,Dept-09,2011-06-17,Grocery,New,SPLR-008,1320359.23,37,35685.38,1526656.17,64.34,3.989,135.0837333,8.212
24,Dept-03,2011-06-24,Pharmacy,Regular,SPLR-003,1304850.67,29,44994.85,1487517.43,68.88,3.964,135.2652667,8.212
24,Dept-07,2011-01-07,Clothing,Premium,SPLR-006,1445596.61,25,57823.86,1687882.94,70.27,3.916,135.4468,8.358
24,Dept-04,2011-08-07,Grocery,Regular,SPLR-010,1567340.07,38,41245.79,1839878.87,72.56,3.886,135.6283333,8.358
24,Dept-01,2011-07-15,Grocery,New,SPLR-001,1356938.95,43,31556.72,1537000.38,74.43,3.915,135.7837419,8.358
24,Dept-10,2011-07-22,Grocery,New,SPLR-009,1357672.24,33,41141.58,1522094.91,79.29,3.972,135.8738387,8.358
24,Dept-04,2011-07-29,Pharmacy,Premium,SPLR-010,1310973.06,37,35431.7,1496735.09,74.84,4.004,135.9639355,8.358
24,Dept-03,2011-05-08,Pharmacy,Premium,SPLR-001,1417616.81,31,45729.57,1562432.93,74.64,4.02,136.0540323,8.358
24,Dept-04,2011-12-08,Home Essentials,Regular,SPLR-005,1402818.01,38,36916.26,1641305.55,72.52,3.995,136.144129,8.358
24,Dept-01,2011-08-19,Clothing,Premium,SPLR-005,1352039.88,49,27592.65,1508749.41,69.93,3.942,136.183129,8.358
24,Dept-05,2011-08-26,Pharmacy,New,SPLR-003,1402372.09,2,701186.04,1669278.83,69.94,3.906,136.2136129,8.358
24,Dept-10,2011-02-09,Electronics,Regular,SPLR-004,1196105.44,25,47844.22,1338038.46,68.14,3.879,136.2440968,8.358
24,Dept-07,2011-09-09,Electronics,Regular,SPLR-003,1527455.19,18,84858.62,1787074.33,68.32,3.93,136.2745806,8.358
24,Dept-07,2011-09-16,Pharmacy,Regular,SPLR-005,1227535.97,10,122753.6,1372962.48,65.56,3.937,136.3145,8.358
24,Dept-03,2011-09-23,Home Essentials,Premium,SPLR-003,1232376.49,6,205396.08,1399673.23,60.61,3.899,136.367,8.358
24,Dept-06,2011-09-30,Electronics,New,SPLR-005,1246242.61,46,27092.23,1459918.8,68.0,3.858,136.4195,8.358
24,Dept-10,2011-07-10,Electronics,Premium,SPLR-009,1405914.39,2,702957.2,1641995.57,53.87,3.775,136.472,8.454
24,Dept-08,2011-10-14,Grocery,Premium,SPLR-008,1333315.03,10,133331.5,1504710.47,60.21,3.744,136.5150968,8.454
24,Dept-10,2011-10-21,Pharmacy,Regular,SPLR-003,1283563.43,39,32911.88,1470231.22,56.6,3.757,136.5017742,8.454
24,Dept-03,2011-10-28,Home Essentials,Regular,SPLR-003,1307142.75,32,40848.21,1460621.63,48.0,3.757,136.4884516,8.454
24,Dept-06,2011-04-11,Clothing,Premium,SPLR-002,1385860.38,42,32996.68,1592665.09,39.87,3.738,136.475129,8.454
24,Dept-08,2011-11-11,Clothing,Regular,SPLR-010,1425078.59,29,49140.64,1681288.82,46.78,3.719,136.4618065,8.454
24,Dept-09,2011-11-18,Grocery,Regular,SPLR-008,1297535.69,26,49905.22,1496624.04,48.17,3.717,136.4666667,8.454
24,Dept-03,2011-11-25,Home Essentials,Regular,SPLR-002,1761235.67,29,60732.26,1997561.37,41.83,3.689,136.4788,8.454
24,Dept-06,2011-02-12,Pharmacy,Regular,SPLR-009,1335647.1,32,41738.97,1590709.43,47.21,3.666,136.4909333,8.454
24,Dept-05,2011-09-12,Electronics,New,SPLR-004,1529615.54,16,95600.97,1703153.31,42.3,3.627,136.5030667,8.454
24,Dept-08,2011-12-16,Pharmacy,Regular,SPLR-008,1624994.43,26,62499.79,1910970.89,36.0,3.611,136.5335161,8.454
24,Dept-10,2011-12-23,Home Essentials,Regular,SPLR-003,2168344.23,24,90347.68,2488072.43,36.93,3.587,136.5883871,8.454
24,Dept-04,2011-12-30,Clothing,New,SPLR-005,1363973.16,45,30310.51,1503847.78,33.45,3.566,136.6432581,8.454
24,Dept-02,2012-06-01,Pharmacy,Regular,SPLR-008,1251581.89,16,78223.87,1417865.47,32.86,3.585,136.698129,8.659
24,Dept-01,2012-01-13,Electronics,Regular,SPLR-001,1155594.2,49,23583.56,1285490.83,36.5,3.666,136.753,8.659
24,Dept-01,2012-01-20,Pharmacy,Regular,SPLR-009,1151993.85,30,38399.8,1274180.56,25.73,3.705,136.8564194,8.659
24,Dept-03,2012-01-27,Clothing,Regular,SPLR-005,1057290.41,48,22026.88,1264295.63,31.92,3.737,136.9598387,8.659
24,Dept-08,2012-03-02,Home Essentials,Regular,SPLR-001,1249696.97,15,83313.13,1498289.36,38.61,3.796,137.0632581,8.659
24,Dept-03,2012-10-02,Electronics,Regular,SPLR-007,1403460.87,49,28642.06,1593730.63,33.82,3.826,137.1666774,8.659
24,Dept-05,2012-02-17,Clothing,Regular,SPLR-007,1326370.08,14,94740.72,1589473.38,33.92,3.874,137.2583103,8.659
24,Dept-01,2012-02-24,Grocery,Regular,SPLR-003,1303233.15,6,217205.52,1480695.87,37.35,3.917,137.3411034,8.659
24,Dept-09,2012-02-03,Pharmacy,Premium,SPLR-006,1213994.39,15,80932.96,1452070.87,35.36,3.983,137.4238966,8.659
24,Dept-04,2012-09-03,Pharmacy,New,SPLR-005,1325835.7,40,33145.89,1481205.0,41.5,4.021,137.5066897,8.659
24,Dept-06,2012-03-16,Clothing,Regular,SPLR-008,1239299.12,10,123929.91,1410593.03,48.68,4.021,137.5843871,8.659
24,Dept-03,2012-03-23,Grocery,Premium,SPLR-007,1221723.94,42,29088.67,1373265.21,59.51,4.054,137.6552903,8.659
24,Dept-05,2012-03-30,Clothing,Regular,SPLR-009,1230106.13,25,49204.25,1453082.0,47.28,4.098,137.7261935,8.659
24,Dept-04,2012-06-04,Clothing,Regular,SPLR-004,1524734.29,43,35458.94,1705388.24,45.25,4.143,137.7970968,8.983
24,Dept-01,2012-04-13,Grocery,Regular,SPLR-004,1285783.87,21,61227.8,1422926.79,48.65,4.187,137.868,8.983
24,Dept-10,2012-04-20,Clothing,Premium,SPLR-008,1208654.4,8,151081.8,1449838.07,61.05,4.17,137.9230667,8.983
24,Dept-05,2012-04-27,Grocery,New,SPLR-005,1194334.65,21,56873.08,1397297.16,49.26,4.163,137.9781333,8.983
24,Dept-09,2012-04-05,Electronics,Regular,SPLR-002,1306551.71,44,29694.36,1480633.23,52.14,4.124,138.0332,8.983
24,Dept-07,2012-11-05,Home Essentials,Regular,SPLR-001,1355391.79,2,677695.9,1548003.83,58.7,4.055,138.0882667,8.983
24,Dept-01,2012-05-18,Pharmacy,Regular,SPLR-010,1298809.8,23,56469.99,1497282.99,63.1,4.029,138.1065806,8.983
24,Dept-09,2012-05-25,Clothing,Regular,SPLR-005,1407897.57,2,703948.78,1665974.48,65.79,3.979,138.1101935,8.983
24,Dept-05,2012-01-06,Clothing,Premium,SPLR-009,1467722.19,15,97848.15,1710082.86,71.79,3.915,138.1138065,8.983
24,Dept-07,2012-08-06,Grocery,Regular,SPLR-004,1406313.13,45,31251.4,1594782.06,59.93,3.871,138.1174194,8.983
24,Dept-05,2012-06-15,Clothing,New,SPLR-005,1364445.98,40,34111.15,1597544.31,68.28,3.786,138.1295333,8.983
24,Dept-10,2012-06-22,Grocery,New,SPLR-001,1434709.63,10,143470.96,1599302.94,72.29,3.722,138.1629,8.983
24,Dept-10,2012-06-29,Electronics,Regular,SPLR-004,1428869.9,39,36637.69,1580011.4,70.4,3.667,138.1962667,8.983
24,Dept-07,2012-06-07,Home Essentials,Regular,SPLR-006,1645097.75,15,109673.18,1875208.16,77.18,3.646,138.2296333,8.953
24,Dept-09,2012-07-13,Clothing,Regular,SPLR-010,1405475.78,12,117122.98,1581495.14,75.36,3.689,138.263,8.953
24,Dept-04,2012-07-20,Clothing,Premium,SPLR-005,1394299.0,41,34007.29,1669783.83,76.42,3.732,138.2331935,8.953
24,Dept-01,2012-07-27,Pharmacy,Premium,SPLR-007,1307339.14,20,65366.96,1476144.77,73.62,3.82,138.2033871,8.953
24,Dept-09,2012-03-08,Home Essentials,Regular,SPLR-004,1440374.13,31,46463.68,1655155.6,73.26,3.819,138.1735806,8.953
24,Dept-10,2012-10-08,Grocery,Regular,SPLR-002,1497054.81,15,99803.65,1657883.95,75.53,3.863,138.1437742,8.953
24,Dept-03,2012-08-17,Home Essentials,New,SPLR-002,1397970.54,13,107536.2,1580945.5,72.87,3.963,138.1857097,8.953
24,Dept-04,2012-08-24,Electronics,Regular,SPLR-006,1303726.54,11,118520.59,1485408.34,68.13,3.997,138.2814516,8.953
24,Dept-04,2012-08-31,Electronics,New,SPLR-002,1344558.92,40,33613.97,1545251.03,71.18,4.026,138.3771935,8.953
24,Dept-02,2012-07-09,Electronics,Regular,SPLR-010,1477134.75,17,86890.28,1643681.62,72.81,4.076,138.4729355,8.953
24,Dept-08,2012-09-14,Electronics,Regular,SPLR-003,1242909.53,28,44389.63,1413737.8,64.28,4.088,138.5673,8.953
24,Dept-08,2012-09-21,Grocery,Premium,SPLR-003,1261158.47,34,37092.9,1506629.87,61.25,4.203,138.6534,8.953
24,Dept-09,2012-09-28,Pharmacy,Regular,SPLR-009,1259278.36,47,26793.16,1416385.74,58.86,4.158,138.7395,8.953
24,Dept-08,2012-05-10,Home Essentials,Premium,SPLR-010,1416720.54,26,54489.25,1575950.44,60.35,4.151,138.8256,8.693
24,Dept-04,2012-12-10,Home Essentials,Regular,SPLR-006,1416301.17,34,41655.92,1692362.28,51.64,4.186,138.9117,8.693
24,Dept-05,2012-10-19,Electronics,Regular,SPLR-010,1255414.84,40,31385.37,1430020.37,52.59,4.153,138.8336129,8.693
24,Dept-02,2012-10-26,Clothing,New,SPLR-003,1307182.29,26,50276.24,1523819.69,55.16,4.071,138.7281613,8.693
25,Dept-02,2010-05-02,Pharmacy,Regular,SPLR-007,677231.63,29,23352.81,810369.25,21.1,2.784,204.2471935,8.187
25,Dept-01,2010-12-02,Grocery,Regular,SPLR-001,583364.02,20,29168.2,653494.49,19.64,2.773,204.3857472,8.187
25,Dept-04,2010-02-19,Grocery,Regular,SPLR-006,676260.67,7,96608.67,771402.78,24.16,2.745,204.4321004,8.187
25,Dept-04,2010-02-26,Pharmacy,New,SPLR-010,628516.57,39,16115.81,730980.4,29.16,2.754,204.4630869,8.187
25,Dept-03,2010-05-03,Pharmacy,Regular,SPLR-001,665750.06,29,22956.9,766353.93,29.45,2.777,204.4940734,8.187
25,Dept-02,2010-12-03,Clothing,New,SPLR-004,660619.99,32,20644.37,769362.06,40.05,2.818,204.5250598,8.187
25,Dept-07,2010-03-19,Clothing,New,SPLR-008,659795.84,47,14038.21,762101.36,45.0,2.844,204.3782258,8.187
25,Dept-10,2010-03-26,Clothing,Regular,SPLR-001,696687.6,45,15481.95,818065.42,45.84,2.854,204.201755,8.187
25,Dept-04,2010-02-04,Electronics,Regular,SPLR-010,822486.37,48,17135.13,945882.39,47.2,2.85,204.0252842,7.856
25,Dept-02,2010-09-04,Grocery,Regular,SPLR-007,712647.97,14,50903.43,846960.65,61.36,2.869,203.8488134,7.856
25,Dept-09,2010-04-16,Grocery,Regular,SPLR-005,715311.6,29,24665.92,840534.78,52.16,2.899,203.7307486,7.856
25,Dept-01,2010-04-23,Clothing,New,SPLR-003,694531.72,9,77170.19,816956.4,46.12,2.902,203.6905586,7.856
25,Dept-03,2010-04-30,Home Essentials,Premium,SPLR-001,706924.02,30,23564.13,816595.2,50.97,2.921,203.6503685,7.856
25,Dept-07,2010-07-05,Grocery,Regular,SPLR-009,724468.97,9,80496.55,837181.02,63.67,2.966,203.6101784,7.856
25,Dept-04,2010-05-14,Home Essentials,Premium,SPLR-005,698073.95,35,19944.97,809085.18,50.27,2.982,203.6133915,7.856
25,Dept-09,2010-05-21,Grocery,Premium,SPLR-009,704113.22,10,70411.32,829948.42,57.17,2.958,203.8770235,7.856
25,Dept-06,2010-05-28,Pharmacy,Regular,SPLR-003,792442.54,6,132073.76,938944.48,69.31,2.899,204.1406556,7.856
25,Dept-01,2010-04-06,Home Essentials,Regular,SPLR-004,764155.44,32,23879.86,861229.67,69.22,2.847,204.4042877,7.856
25,Dept-06,2010-11-06,Electronics,Regular,SPLR-007,737163.2,7,105309.03,883542.74,63.68,2.809,204.6679198,7.856
25,Dept-03,2010-06-18,Clothing,Regular,SPLR-006,780444.94,10,78044.49,862398.73,69.56,2.78,204.670036,7.856
25,Dept-04,2010-06-25,Electronics,Regular,SPLR-006,737569.14,48,15366.02,869162.37,72.17,2.808,204.5675459,7.856
25,Dept-08,2010-02-07,Home Essentials,Premium,SPLR-003,759407.87,21,36162.28,847641.29,66.42,2.815,204.4650559,7.527
25,Dept-09,2010-09-07,Clothing,Regular,SPLR-010,719591.13,40,17989.78,826405.47,75.24,2.793,204.3625658,7.527
25,Dept-04,2010-07-16,Home Essentials,Regular,SPLR-004,726997.84,47,15468.04,835640.01,73.43,2.783,204.3571656,7.527
25,Dept-03,2010-07-23,Clothing,Regular,SPLR-003,665290.93,42,15840.26,733331.09,75.37,2.771,204.4812188,7.527
25,Dept-10,2010-07-30,Grocery,Regular,SPLR-003,682124.34,11,62011.3,810129.32,71.99,2.781,204.605272,7.527
25,Dept-03,2010-06-08,Pharmacy,Regular,SPLR-008,699464.43,7,99923.49,814665.04,71.79,2.784,204.7293252,7.527
25,Dept-03,2010-08-13,Home Essentials,New,SPLR-006,686072.39,35,19602.07,817066.97,72.73,2.805,204.8533784,7.527
25,Dept-01,2010-08-20,Pharmacy,Regular,SPLR-007,724499.81,25,28979.99,857915.0,71.81,2.779,204.8217044,7.527
25,Dept-09,2010-08-27,Grocery,Regular,SPLR-008,711461.95,28,25409.36,816290.76,67.15,2.755,204.7900305,7.527
25,Dept-05,2010-03-09,Electronics,Regular,SPLR-007,685700.08,39,17582.05,804082.86,71.17,2.715,204.7583566,7.527
25,Dept-06,2010-10-09,Clothing,Regular,SPLR-004,655811.95,38,17258.21,768894.48,61.14,2.699,204.7266827,7.527
25,Dept-02,2010-09-17,Clothing,Regular,SPLR-004,628989.88,35,17971.14,698407.3,60.13,2.706,204.7513279,7.527
25,Dept-03,2010-09-24,Electronics,Regular,SPLR-001,607819.33,44,13814.08,729133.39,65.06,2.713,204.8182126,7.527
25,Dept-04,2010-01-10,Grocery,Regular,SPLR-009,658640.14,26,25332.31,781356.77,57.56,2.707,204.8850973,7.484
25,Dept-10,2010-08-10,Pharmacy,New,SPLR-003,674283.86,9,74920.43,804056.28,48.46,2.764,204.951982,7.484
25,Dept-04,2010-10-15,Home Essentials,Premium,SPLR-007,616094.72,40,15402.37,725916.69,54.09,2.868,205.0137637,7.484
25,Dept-01,2010-10-22,Clothing,Premium,SPLR-007,661644.19,25,26465.77,751804.17,46.73,2.917,205.0627881,7.484
25,Dept-08,2010-10-29,Home Essentials,Premium,SPLR-008,674458.03,23,29324.26,753375.48,55.72,2.921,205.1118126,7.484
25,Dept-09,2010-05-11,Electronics,Regular,SPLR-008,696314.53,39,17854.22,776396.1,38.8,2.917,205.160837,7.484
25,Dept-07,2010-12-11,Pharmacy,New,SPLR-009,713250.08,43,16587.21,836591.37,40.68,2.931,205.2098614,7.484
25,Dept-09,2010-11-19,Home Essentials,Regular,SPLR-003,718056.73,31,23163.12,830644.03,42.72,3.0,205.0992811,7.484
25,Dept-10,2010-11-26,Pharmacy,Regular,SPLR-005,1115240.61,10,111524.06,1302109.01,43.43,3.039,204.9621,7.484
25,Dept-08,2010-03-12,Home Essentials,New,SPLR-009,885572.96,28,31627.61,1044186.88,32.41,3.046,204.8249189,7.484
25,Dept-04,2010-10-12,Clothing,Premium,SPLR-008,964729.18,43,22435.56,1120245.15,22.65,3.109,204.6877378,7.484
25,Dept-05,2010-12-17,Clothing,Regular,SPLR-002,1047707.59,19,55142.5,1227062.41,21.6,3.14,204.6321194,7.484
25,Dept-05,2010-12-24,Clothing,Premium,SPLR-006,1295391.19,43,30125.38,1441631.69,22.94,3.141,204.6376731,7.484
25,Dept-06,2010-12-31,Electronics,New,SPLR-004,623092.54,34,18326.25,693706.24,25.89,3.179,204.6432267,7.484
25,Dept-01,2011-07-01,Pharmacy,Regular,SPLR-004,558794.63,43,12995.22,648973.73,29.0,3.193,204.6487803,7.343
25,Dept-08,2011-01-14,Grocery,New,SPLR-006,572360.83,8,71545.1,679469.85,18.3,3.205,204.7026042,7.343
25,Dept-07,2011-01-21,Pharmacy,Premium,SPLR-002,568093.57,17,33417.27,633916.34,23.21,3.229,205.0460497,7.343
25,Dept-01,2011-01-28,Pharmacy,New,SPLR-008,600448.69,27,22238.84,699061.18,18.92,3.237,205.3894952,7.343
25,Dept-04,2011-04-02,Clothing,New,SPLR-009,639830.45,43,14879.78,721131.66,23.94,3.231,205.7329407,7.343
25,Dept-09,2011-11-02,Clothing,Regular,SPLR-001,615666.78,30,20522.23,687999.03,21.18,3.239,206.0763862,7.343
25,Dept-02,2011-02-18,Pharmacy,Regular,SPLR-005,634637.03,6,105772.84,744313.87,38.42,3.245,206.3694701,7.343
25,Dept-01,2011-02-25,Grocery,Premium,SPLR-005,570816.34,37,15427.47,650817.14,28.36,3.274,206.6424093,7.343
25,Dept-06,2011-04-03,Electronics,Regular,SPLR-009,640912.18,34,18850.36,720001.72,31.59,3.433,206.9153485,7.343
25,Dept-10,2011-11-03,Electronics,Regular,SPLR-002,599828.39,10,59982.84,686856.75,36.73,3.582,207.1882876,7.343
25,Dept-03,2011-03-18,Pharmacy,Regular,SPLR-001,603393.64,38,15878.78,673034.9,40.94,3.631,207.4283845,7.343
25,Dept-09,2011-03-25,Pharmacy,Regular,SPLR-003,616324.24,33,18676.49,687886.15,38.51,3.625,207.6553444,7.343
25,Dept-05,2011-01-04,Grocery,New,SPLR-001,618377.79,35,17667.94,723529.07,28.5,3.638,207.8823043,7.287
25,Dept-03,2011-08-04,Electronics,Premium,SPLR-006,648606.13,6,108101.02,768528.14,42.11,3.72,208.1092642,7.287
25,Dept-08,2011-04-15,Grocery,Regular,SPLR-005,674562.45,49,13766.58,791888.24,51.43,3.821,208.3172811,7.287
25,Dept-07,2011-04-22,Clothing,Regular,SPLR-003,756588.42,19,39820.44,881549.69,45.87,3.892,208.4779405,7.287
25,Dept-02,2011-04-29,Electronics,New,SPLR-005,649245.0,24,27051.88,771936.56,58.43,3.962,208.6386,7.287
25,Dept-05,2011-06-05,Electronics,Regular,SPLR-006,659446.55,14,47103.32,790893.5,49.5,4.046,208.7992595,7.287
25,Dept-06,2011-05-13,Pharmacy,Regular,SPLR-009,684783.15,16,42798.95,806957.31,60.1,4.066,208.9599189,7.287
25,Dept-10,2011-05-20,Clothing,New,SPLR-003,677971.33,28,24213.26,795056.02,56.56,4.062,208.7583165,7.287
25,Dept-05,2011-05-27,Clothing,New,SPLR-004,718373.94,5,143674.79,823024.52,67.18,3.985,208.556714,7.287
25,Dept-04,2011-03-06,Home Essentials,Regular,SPLR-001,737551.74,41,17989.07,873357.71,70.69,3.922,208.3551116,7.287
25,Dept-08,2011-10-06,Pharmacy,Regular,SPLR-009,740259.63,27,27417.02,852614.77,71.45,3.881,208.1535092,7.287
25,Dept-03,2011-06-17,Electronics,New,SPLR-007,717373.43,24,29890.56,793072.96,63.58,3.842,208.1265604,7.287
25,Dept-01,2011-06-24,Electronics,Premium,SPLR-003,699270.1,17,41133.54,781821.59,70.71,3.804,208.2306018,7.287
25,Dept-06,2011-01-07,Electronics,Regular,SPLR-002,706206.86,41,17224.56,792932.38,66.61,3.748,208.3346432,7.274
25,Dept-04,2011-08-07,Clothing,Regular,SPLR-006,698529.64,9,77614.4,832824.13,71.64,3.711,208.4386847,7.274
25,Dept-03,2011-07-15,Clothing,Regular,SPLR-002,680510.23,14,48607.87,807990.8,72.67,3.76,208.5309337,7.274
25,Dept-02,2011-07-22,Electronics,Regular,SPLR-009,670854.96,2,335427.48,776797.18,78.1,3.811,208.5937018,7.274
25,Dept-05,2011-07-29,Pharmacy,Regular,SPLR-005,668390.82,25,26735.63,773749.64,74.72,3.829,208.6564699,7.274
25,Dept-02,2011-05-08,Home Essentials,New,SPLR-010,679706.01,46,14776.22,752638.72,74.0,3.842,208.719238,7.274
25,Dept-10,2011-12-08,Clothing,New,SPLR-009,667130.48,43,15514.66,797254.02,70.93,3.812,208.7820061,7.274
25,Dept-08,2011-08-19,Electronics,Regular,SPLR-009,688958.75,23,29954.73,806602.08,68.09,3.747,208.8424359,7.274
25,Dept-08,2011-08-26,Electronics,Regular,SPLR-007,726422.55,35,20754.93,841670.61,66.8,3.704,208.902476,7.274
25,Dept-04,2011-02-09,Pharmacy,New,SPLR-006,699779.0,20,34988.95,788902.78,67.2,3.703,208.9625161,7.274
25,Dept-05,2011-09-09,Grocery,Regular,SPLR-008,673248.48,40,16831.21,744268.35,67.51,3.738,209.0225562,7.274
25,Dept-01,2011-09-16,Home Essentials,Regular,SPLR-005,628720.46,34,18491.78,710476.72,62.05,3.742,209.1893892,7.274
25,Dept-07,2011-09-23,Grocery,Regular,SPLR-007,620885.93,13,47760.46,695970.39,60.28,3.711,209.4986126,7.274
25,Dept-09,2011-09-30,Pharmacy,Premium,SPLR-005,639160.24,41,15589.27,764873.8,60.7,3.645,209.807836,7.274
25,Dept-06,2011-07-10,Grocery,Regular,SPLR-010,671522.87,5,134304.57,748556.25,50.82,3.583,210.1170595,7.082
25,Dept-08,2011-10-14,Clothing,Regular,SPLR-006,646915.47,10,64691.55,758885.35,58.95,3.541,210.4027602,7.082
25,Dept-04,2011-10-21,Pharmacy,Premium,SPLR-007,690675.5,7,98667.93,820418.62,50.22,3.57,210.5473252,7.082
25,Dept-05,2011-10-28,Home Essentials,Premium,SPLR-010,724443.97,14,51746.0,823300.41,46.28,3.569,210.6918901,7.082
25,Dept-04,2011-04-11,Clothing,Premium,SPLR-005,718393.61,13,55261.05,808718.99,40.88,3.551,210.8364551,7.082
25,Dept-04,2011-11-11,Clothing,Regular,SPLR-009,719235.07,24,29968.13,853659.24,44.81,3.53,210.9810201,7.082
25,Dept-09,2011-11-18,Electronics,Regular,SPLR-010,728525.6,20,36426.28,820887.26,46.41,3.53,211.1847207,7.082
25,Dept-09,2011-11-25,Home Essentials,Regular,SPLR-003,1116211.39,48,23254.4,1268179.19,43.49,3.492,211.4120757,7.082
25,Dept-04,2011-02-12,Grocery,Premium,SPLR-004,878314.57,4,219578.64,1008991.92,42.85,3.452,211.6394306,7.082
25,Dept-08,2011-09-12,Grocery,New,SPLR-009,916446.02,17,53908.59,1033835.92,38.69,3.415,211.8667856,7.082
25,Dept-04,2011-12-16,Grocery,Premium,SPLR-009,997502.47,47,21223.46,1123916.5,33.09,3.413,212.0685039,7.082
25,Dept-04,2011-12-23,Pharmacy,New,SPLR-007,1290532.97,14,92180.93,1457202.05,36.56,3.389,212.2360401,7.082
25,Dept-05,2011-12-30,Pharmacy,Regular,SPLR-005,683665.37,47,14546.07,773024.22,32.42,3.389,212.4035763,7.082
25,Dept-06,2012-06-01,Clothing,Regular,SPLR-007,636419.12,38,16747.87,710675.68,30.23,3.422,212.5711125,6.961
25,Dept-10,2012-01-13,Clothing,Regular,SPLR-005,614764.31,20,30738.22,711971.29,34.6,3.513,212.7386486,6.961
25,Dept-01,2012-01-20,Clothing,Regular,SPLR-009,594744.89,32,18585.78,693384.19,23.87,3.533,212.8336399,6.961
25,Dept-10,2012-01-27,Grocery,Premium,SPLR-009,589554.29,41,14379.37,672599.85,32.24,3.567,212.9286312,6.961
25,Dept-04,2012-03-02,Clothing,Regular,SPLR-010,642776.4,26,24722.17,755323.92,34.98,3.617,213.0236225,6.961
25,Dept-08,2012-10-02,Pharmacy,Premium,SPLR-006,658984.38,20,32949.22,733546.44,32.47,3.64,213.1186138,6.961
25,Dept-01,2012-02-17,Electronics,Regular,SPLR-004,654088.02,47,13916.77,778325.77,32.23,3.695,213.2732106,6.961
25,Dept-05,2012-02-24,Home Essentials,New,SPLR-010,613501.05,45,13633.36,736031.2,35.51,3.739,213.4725116,6.961
25,Dept-02,2012-02-03,Grocery,Regular,SPLR-009,643155.89,48,13399.08,710264.12,36.01,3.816,213.6718127,6.961
25,Dept-01,2012-09-03,Grocery,Regular,SPLR-004,643711.53,46,13993.73,763099.61,37.44,3.848,213.8711137,6.961
25,Dept-02,2012-03-16,Home Essentials,Regular,SPLR-004,638204.27,13,49092.64,734051.58,50.64,3.862,214.0167132,6.961
25,Dept-07,2012-03-23,Pharmacy,New,SPLR-004,672831.78,45,14951.82,755500.43,62.7,3.9,214.0907105,6.961
25,Dept-01,2012-03-30,Electronics,Regular,SPLR-006,684348.92,2,342174.46,779393.53,47.92,3.953,214.1647079,6.961
25,Dept-09,2012-06-04,Grocery,Regular,SPLR-001,791356.9,44,17985.38,902125.96,44.73,3.996,214.2387053,7.139
25,Dept-08,2012-04-13,Pharmacy,Premium,SPLR-003,658691.56,24,27445.48,761424.98,42.46,4.044,214.3127027,7.139
25,Dept-04,2012-04-20,Grocery,Premium,SPLR-004,661566.48,46,14381.88,775706.97,57.1,4.027,214.3675045,7.139
25,Dept-09,2012-04-27,Grocery,New,SPLR-003,655157.32,35,18718.78,778434.31,44.2,4.004,214.4223063,7.139
25,Dept-04,2012-04-05,Pharmacy,Regular,SPLR-002,696421.72,37,18822.21,773154.79,58.76,3.951,214.4771081,7.139
25,Dept-05,2012-11-05,Home Essentials,New,SPLR-008,739866.16,38,19470.16,849991.79,59.21,3.889,214.5319099,7.139
25,Dept-03,2012-05-18,Electronics,Regular,SPLR-006,717207.19,18,39844.84,806069.11,58.21,3.848,214.5485571,7.139
25,Dept-03,2012-05-25,Electronics,Regular,SPLR-007,783371.02,9,87041.22,874777.08,67.69,3.798,214.5499425,7.139
25,Dept-09,2012-01-06,Electronics,Regular,SPLR-005,694765.95,44,15790.14,791195.83,69.54,3.742,214.5513278,7.139
25,Dept-08,2012-08-06,Home Essentials,Regular,SPLR-009,730254.19,36,20284.84,838764.87,58.48,3.689,214.5527132,7.139
25,Dept-01,2012-06-15,Pharmacy,Regular,SPLR-009,753860.89,32,23558.15,889077.32,68.34,3.62,214.5653243,7.139
25,Dept-04,2012-06-22,Pharmacy,New,SPLR-003,721601.9,44,16400.04,838840.79,73.52,3.564,214.606,7.139
25,Dept-10,2012-06-29,Pharmacy,Premium,SPLR-007,718890.81,10,71889.08,803295.89,69.84,3.506,214.6466757,7.139
25,Dept-09,2012-06-07,Electronics,Regular,SPLR-009,753385.55,47,16029.48,852876.98,75.52,3.475,214.6873514,7.28
25,Dept-03,2012-07-13,Grocery,Premium,SPLR-003,714093.95,23,31047.56,798867.92,73.87,3.523,214.728027,7.28
25,Dept-08,2012-07-20,Clothing,New,SPLR-007,685676.58,39,17581.45,797493.87,74.32,3.567,214.7331351,7.28
25,Dept-09,2012-07-27,Home Essentials,Regular,SPLR-007,659109.53,31,21261.6,738420.01,72.98,3.647,214.7382432,7.28
25,Dept-10,2012-03-08,Home Essentials,Regular,SPLR-002,709724.6,29,24473.26,844443.0,72.08,3.654,214.7433514,7.28
25,Dept-09,2012-10-08,Electronics,Premium,SPLR-003,710496.97,34,20896.97,843258.92,71.93,3.722,214.7484595,7.28
25,Dept-07,2012-08-17,Home Essentials,Regular,SPLR-008,728467.72,27,26980.29,821292.79,66.99,3.807,214.825578,7.28
25,Dept-10,2012-08-24,Home Essentials,New,SPLR-004,756527.64,37,20446.69,886047.77,64.53,3.834,214.9567044,7.28
25,Dept-01,2012-08-31,Clothing,Regular,SPLR-005,714828.73,35,20423.68,820531.89,68.55,3.867,215.0878309,7.28
25,Dept-02,2012-07-09,Electronics,Regular,SPLR-001,671482.9,43,15615.88,797820.81,72.79,3.911,215.2189573,7.28
25,Dept-07,2012-09-14,Home Essentials,New,SPLR-006,657241.63,24,27385.07,740537.94,60.9,3.948,215.3583757,7.28
25,Dept-02,2012-09-21,Electronics,Regular,SPLR-008,664745.2,33,20143.79,731411.09,57.6,4.038,215.5475459,7.28
25,Dept-09,2012-09-28,Pharmacy,New,SPLR-005,683300.84,31,22041.96,801956.17,54.52,3.997,215.7367162,7.28
25,Dept-04,2012-05-10,Electronics,Regular,SPLR-003,699536.73,17,41149.22,795431.59,57.58,3.985,215.9258865,7.293
25,Dept-07,2012-12-10,Grocery,Regular,SPLR-002,697317.41,8,87164.68,807167.91,43.74,4.0,216.1150568,7.293
25,Dept-05,2012-10-19,Home Essentials,Regular,SPLR-004,685531.85,13,52733.22,806963.54,51.93,3.969,216.1464699,7.293
25,Dept-06,2012-10-26,Home Essentials,New,SPLR-006,688940.94,11,62630.99,791458.59,56.69,3.882,216.1515902,7.293
26,Dept-02,2010-05-02,Home Essentials,Regular,SPLR-004,1034119.21,24,43088.3,1208939.25,9.55,2.788,131.5279032,8.488
26,Dept-07,2010-12-02,Clothing,Regular,SPLR-004,1015684.09,26,39064.77,1144195.75,18.14,2.771,131.5866129,8.488
26,Dept-04,2010-02-19,Home Essentials,Regular,SPLR-004,999348.55,32,31229.64,1187880.94,22.62,2.747,131.637,8.488
26,Dept-07,2010-02-26,Grocery,Regular,SPLR-008,855385.01,19,45020.26,992427.42,27.32,2.753,131.686,8.488
26,Dept-06,2010-05-03,Grocery,New,SPLR-010,1005669.58,10,100566.96,1183954.43,28.6,2.766,131.735,8.488
26,Dept-07,2010-12-03,Pharmacy,Regular,SPLR-006,963382.09,21,45875.34,1063752.12,31.1,2.805,131.784,8.488
26,Dept-07,2010-03-19,Pharmacy,Premium,SPLR-005,903366.55,31,29140.86,994537.15,35.34,2.834,131.8242903,8.488
26,Dept-05,2010-03-26,Electronics,Premium,SPLR-007,893613.0,36,24822.58,1036229.42,35.26,2.831,131.863129,8.488
26,Dept-02,2010-02-04,Grocery,Regular,SPLR-003,1029849.2,8,128731.15,1161141.66,36.53,2.826,131.9019677,8.512
26,Dept-07,2010-09-04,Home Essentials,Regular,SPLR-008,1022293.81,6,170382.3,1189477.87,50.13,2.849,131.9408065,8.512
26,Dept-04,2010-04-16,Electronics,Regular,SPLR-005,905548.38,29,31225.81,1000844.65,36.6,2.885,131.9809,8.512
26,Dept-07,2010-04-23,Grocery,Regular,SPLR-005,881930.87,1,881930.87,1046984.66,39.68,2.895,132.0226667,8.512
26,Dept-04,2010-04-30,Clothing,Regular,SPLR-004,904503.85,27,33500.14,1075518.72,40.56,2.935,132.0644333,8.512
26,Dept-07,2010-07-05,Electronics,Regular,SPLR-005,1074479.73,27,39795.55,1275455.49,54.72,2.981,132.1062,8.512
26,Dept-05,2010-05-14,Grocery,Regular,SPLR-007,972663.59,46,21144.86,1099587.84,39.08,2.983,132.152129,8.512
26,Dept-02,2010-05-21,Home Essentials,Regular,SPLR-002,986765.01,2,493382.5,1125346.12,50.81,2.961,132.2230323,8.512
26,Dept-06,2010-05-28,Electronics,Regular,SPLR-001,1069851.59,30,35661.72,1188116.63,61.65,2.906,132.2939355,8.512
26,Dept-08,2010-04-06,Pharmacy,Regular,SPLR-001,1003202.66,17,59011.92,1133734.87,58.46,2.857,132.3648387,8.512
26,Dept-01,2010-11-06,Home Essentials,New,SPLR-007,1073862.59,4,268465.65,1212737.25,51.62,2.83,132.4357419,8.512
26,Dept-04,2010-06-18,Grocery,New,SPLR-004,1001286.67,20,50064.33,1106200.36,53.62,2.805,132.4733333,8.512
26,Dept-02,2010-06-25,Electronics,New,SPLR-010,976242.09,34,28713.0,1149481.85,63.78,2.81,132.4976,8.512
26,Dept-02,2010-02-07,Electronics,Regular,SPLR-005,1078455.48,44,24510.35,1258376.53,58.9,2.815,132.5218667,8.445
26,Dept-06,2010-09-07,Clothing,Regular,SPLR-008,1122356.53,46,24399.06,1326747.4,71.08,2.806,132.5461333,8.445
26,Dept-02,2010-07-16,Home Essentials,Regular,SPLR-005,1028151.72,37,27787.88,1152449.93,67.66,2.796,132.5667742,8.445
26,Dept-03,2010-07-23,Pharmacy,Premium,SPLR-007,971615.62,38,25568.83,1112737.58,65.4,2.784,132.5825806,8.445
26,Dept-02,2010-07-30,Electronics,Premium,SPLR-004,1005324.28,12,83777.02,1164263.28,63.79,2.792,132.5983871,8.445
26,Dept-06,2010-06-08,Home Essentials,Regular,SPLR-004,1125329.77,17,66195.87,1308712.8,62.93,2.792,132.6141935,8.445
26,Dept-03,2010-08-13,Electronics,Regular,SPLR-008,1011938.29,47,21530.6,1143709.03,61.58,2.81,132.63,8.445
26,Dept-10,2010-08-20,Pharmacy,Regular,SPLR-007,1007385.36,46,21899.68,1142111.53,62.68,2.796,132.6616129,8.445
26,Dept-08,2010-08-27,Electronics,Regular,SPLR-003,977322.52,17,57489.56,1163654.78,57.23,2.77,132.6932258,8.445
26,Dept-09,2010-03-09,Pharmacy,Regular,SPLR-004,1037549.71,37,28041.88,1190784.03,66.93,2.735,132.7248387,8.445
26,Dept-03,2010-10-09,Home Essentials,Regular,SPLR-003,1042226.3,36,28950.73,1153620.42,54.82,2.717,132.7564516,8.445
26,Dept-04,2010-09-17,Electronics,Premium,SPLR-006,923473.7,19,48603.88,1065739.01,50.08,2.716,132.7670667,8.445
26,Dept-03,2010-09-24,Clothing,Regular,SPLR-007,868636.3,45,19303.03,973758.89,52.47,2.718,132.7619333,8.445
26,Dept-05,2010-01-10,Clothing,Regular,SPLR-009,923221.52,37,24951.93,1059552.74,57.8,2.717,132.7568,8.149
26,Dept-07,2010-08-10,Pharmacy,New,SPLR-009,1001069.52,23,43524.76,1175372.95,46.81,2.776,132.7516667,8.149
26,Dept-05,2010-10-15,Pharmacy,Regular,SPLR-009,937956.89,36,26054.36,1119473.21,39.93,2.878,132.7633548,8.149
26,Dept-07,2010-10-22,Pharmacy,Regular,SPLR-007,916522.66,6,152753.78,1032664.52,36.13,2.919,132.8170968,8.149
26,Dept-10,2010-10-29,Electronics,Regular,SPLR-009,895069.88,26,34425.76,1033550.12,40.3,2.938,132.8708387,8.149
26,Dept-09,2010-05-11,Clothing,Premium,SPLR-009,970224.51,7,138603.5,1080241.76,30.51,2.938,132.9245806,8.149
26,Dept-08,2010-12-11,Grocery,Premium,SPLR-002,971193.01,27,35970.11,1070970.36,37.51,2.961,132.9783226,8.149
26,Dept-01,2010-11-19,Pharmacy,Regular,SPLR-005,901972.7,12,75164.39,1059943.67,36.73,3.03,132.9172,8.149
26,Dept-03,2010-11-26,Electronics,Premium,SPLR-002,1286833.62,23,55949.29,1534093.61,28.11,3.07,132.8369333,8.149
26,Dept-02,2010-03-12,Clothing,Regular,SPLR-004,1016143.64,2,508071.82,1189322.81,27.73,3.065,132.7566667,8.149
26,Dept-01,2010-10-12,Clothing,New,SPLR-007,1149612.04,3,383204.01,1359150.37,16.6,3.132,132.6764,8.149
26,Dept-07,2010-12-17,Clothing,Regular,SPLR-002,1196813.33,34,35200.39,1413104.42,20.61,3.139,132.6804516,8.149
26,Dept-08,2010-12-24,Home Essentials,New,SPLR-007,1573982.47,29,54275.26,1762020.44,21.81,3.15,132.7477419,8.149
26,Dept-06,2010-12-31,Electronics,New,SPLR-009,877268.29,37,23709.95,999506.47,18.73,3.177,132.8150323,8.149
26,Dept-01,2011-07-01,Home Essentials,Regular,SPLR-002,938149.21,27,34746.27,1103878.67,21.13,3.193,132.8823226,7.907
26,Dept-06,2011-01-14,Clothing,Regular,SPLR-001,812323.29,22,36923.79,947155.57,16.7,3.215,132.9510645,7.907
26,Dept-09,2011-01-21,Pharmacy,Regular,SPLR-006,809833.21,47,17230.49,928560.66,12.98,3.232,133.0285161,7.907
26,Dept-10,2011-01-28,Pharmacy,Regular,SPLR-006,817485.14,24,34061.88,906658.01,5.54,3.243,133.1059677,7.907
26,Dept-06,2011-04-02,Clothing,Regular,SPLR-004,911807.02,39,23379.67,1044055.29,11.17,3.24,133.1834194,7.907
26,Dept-06,2011-11-02,Electronics,Premium,SPLR-007,1010711.08,15,67380.74,1182185.74,15.12,3.255,133.260871,7.907
26,Dept-05,2011-02-18,Grocery,Regular,SPLR-003,981978.02,38,25841.53,1110936.81,19.63,3.263,133.3701429,7.907
26,Dept-05,2011-02-25,Electronics,Premium,SPLR-007,910298.44,40,22757.46,1019323.07,16.3,3.281,133.4921429,7.907
26,Dept-02,2011-04-03,Pharmacy,New,SPLR-007,945643.17,3,315214.39,1125348.36,14.31,3.437,133.6141429,7.907
26,Dept-07,2011-11-03,Electronics,Regular,SPLR-005,946614.55,23,41157.15,1083565.24,28.13,3.6,133.7361429,7.907
26,Dept-06,2011-03-18,Home Essentials,Regular,SPLR-003,887426.12,41,21644.54,984207.95,31.76,3.634,133.8492258,7.907
26,Dept-10,2011-03-25,Electronics,Regular,SPLR-005,866566.54,2,433283.27,967152.2,22.99,3.624,133.9587419,7.907
26,Dept-06,2011-01-04,Grocery,Regular,SPLR-008,849231.61,48,17692.33,961650.3,22.99,3.638,134.0682581,7.818
26,Dept-06,2011-08-04,Home Essentials,Regular,SPLR-004,985229.81,10,98522.98,1119212.1,29.09,3.72,134.1777742,7.818
26,Dept-02,2011-04-15,Pharmacy,Regular,SPLR-006,863266.12,47,18367.36,996552.16,39.46,3.823,134.2784667,7.818
26,Dept-08,2011-04-22,Grocery,Premium,SPLR-004,921700.61,5,184340.12,1019973.98,33.81,3.919,134.3571,7.818
26,Dept-03,2011-04-29,Grocery,Premium,SPLR-009,873450.29,26,33594.24,1037603.72,47.17,3.988,134.4357333,7.818
26,Dept-07,2011-06-05,Grocery,Regular,SPLR-007,1024778.23,13,78829.09,1154049.04,45.0,4.078,134.5143667,7.818
26,Dept-04,2011-05-13,Grocery,Regular,SPLR-010,941008.85,49,19204.26,1036787.24,48.2,4.095,134.593,7.818
26,Dept-08,2011-05-20,Electronics,New,SPLR-001,938334.62,22,42651.57,1115643.23,48.86,4.101,134.6803871,7.818
26,Dept-08,2011-05-27,Clothing,Regular,SPLR-010,996723.58,37,26938.48,1192132.58,56.74,4.034,134.7677742,7.818
26,Dept-08,2011-03-06,Pharmacy,Regular,SPLR-005,1054454.4,46,22922.92,1172243.31,60.49,3.973,134.8551613,7.818
26,Dept-03,2011-10-06,Pharmacy,Regular,SPLR-001,1094058.68,43,25443.23,1237363.04,59.85,3.924,134.9425484,7.818
26,Dept-08,2011-06-17,Pharmacy,New,SPLR-005,981646.46,14,70117.6,1133176.76,54.5,3.873,135.0837333,7.818
26,Dept-07,2011-06-24,Clothing,Premium,SPLR-008,997474.93,17,58675.0,1152522.34,56.94,3.851,135.2652667,7.818
26,Dept-07,2011-01-07,Clothing,Regular,SPLR-003,1070119.09,3,356706.36,1244685.08,59.89,3.815,135.4468,7.767
26,Dept-08,2011-08-07,Electronics,Regular,SPLR-002,1133807.03,19,59674.05,1262764.01,63.34,3.784,135.6283333,7.767
26,Dept-05,2011-07-15,Home Essentials,Premium,SPLR-009,1021534.7,36,28375.96,1162997.47,64.43,3.827,135.7837419,7.767
26,Dept-10,2011-07-22,Grocery,New,SPLR-006,1017867.8,47,21656.76,1195853.5,69.52,3.882,135.8738387,7.767
26,Dept-05,2011-07-29,Grocery,Regular,SPLR-002,1005360.5,21,47874.31,1121612.07,63.32,3.898,135.9639355,7.767
26,Dept-07,2011-05-08,Electronics,New,SPLR-004,1107552.43,5,221510.49,1238058.02,63.16,3.903,136.0540323,7.767
26,Dept-04,2011-12-08,Grocery,Regular,SPLR-002,1087644.5,30,36254.82,1303708.18,62.99,3.88,136.144129,7.767
26,Dept-05,2011-08-19,Pharmacy,Regular,SPLR-009,1021766.75,7,145966.68,1214823.44,60.58,3.82,136.183129,7.767
26,Dept-06,2011-08-26,Home Essentials,Regular,SPLR-005,1064617.62,14,76044.12,1190403.45,61.1,3.796,136.2136129,7.767
26,Dept-10,2011-02-09,Pharmacy,Regular,SPLR-002,1040143.14,39,26670.34,1238578.05,59.67,3.784,136.2440968,7.767
26,Dept-08,2011-09-09,Grocery,New,SPLR-004,1069710.97,15,71314.06,1206239.84,60.98,3.809,136.2745806,7.767
26,Dept-06,2011-09-16,Clothing,Premium,SPLR-009,951569.84,8,118946.23,1134632.7,55.19,3.809,136.3145,7.767
26,Dept-06,2011-09-23,Grocery,Regular,SPLR-001,923644.6,36,25656.79,1103360.99,50.72,3.758,136.367,7.767
26,Dept-07,2011-09-30,Grocery,New,SPLR-010,959339.51,17,56431.74,1149637.33,59.42,3.684,136.4195,7.767
26,Dept-06,2011-07-10,Pharmacy,Regular,SPLR-005,1130022.99,22,51364.68,1250486.49,46.84,3.633,136.472,7.598
26,Dept-02,2011-10-14,Clothing,Regular,SPLR-002,987886.08,16,61742.88,1151958.6,53.91,3.583,136.5150968,7.598
26,Dept-03,2011-10-21,Clothing,New,SPLR-009,974907.28,2,487453.64,1164485.87,45.23,3.618,136.5017742,7.598
26,Dept-01,2011-10-28,Electronics,Regular,SPLR-004,972256.98,22,44193.5,1116091.32,35.06,3.604,136.4884516,7.598
26,Dept-10,2011-04-11,Clothing,Regular,SPLR-003,988950.75,46,21498.93,1125751.8,31.7,3.586,136.475129,7.598
26,Dept-01,2011-11-11,Electronics,New,SPLR-003,1077640.13,28,38487.15,1205113.62,40.08,3.57,136.4618065,7.598
26,Dept-09,2011-11-18,Electronics,Regular,SPLR-007,946091.79,9,105121.31,1053362.74,37.78,3.571,136.4666667,7.598
26,Dept-09,2011-11-25,Home Essentials,Regular,SPLR-006,1282320.05,41,31276.1,1459727.91,31.07,3.536,136.4788,7.598
26,Dept-04,2011-02-12,Home Essentials,Regular,SPLR-008,1012498.49,11,92045.32,1162954.85,36.74,3.501,136.4909333,7.598
26,Dept-02,2011-09-12,Pharmacy,Regular,SPLR-010,1148987.46,5,229797.49,1314519.83,34.24,3.47,136.5030667,7.598
26,Dept-08,2011-12-16,Grocery,Regular,SPLR-002,1204807.83,15,80320.52,1340313.85,28.24,3.445,136.5335161,7.598
26,Dept-05,2011-12-23,Clothing,Regular,SPLR-009,1515175.01,16,94698.44,1734453.09,22.53,3.413,136.5883871,7.598
26,Dept-10,2011-12-30,Pharmacy,Premium,SPLR-008,972834.42,13,74833.42,1141939.96,18.8,3.402,136.6432581,7.598
26,Dept-06,2012-06-01,Clothing,Premium,SPLR-003,971557.62,27,35983.62,1082753.91,22.94,3.439,136.698129,7.467
26,Dept-05,2012-01-13,Clothing,Premium,SPLR-009,836305.65,39,21443.73,956976.76,25.55,3.523,136.753,7.467
26,Dept-09,2012-01-20,Pharmacy,Regular,SPLR-008,838751.5,38,22072.41,971555.74,15.22,3.542,136.8564194,7.467
26,Dept-04,2012-01-27,Clothing,New,SPLR-007,820059.89,25,32802.4,974809.09,24.16,3.568,136.9598387,7.467
26,Dept-10,2012-03-02,Pharmacy,Regular,SPLR-008,939158.25,36,26087.73,1097604.19,25.24,3.633,137.0632581,7.467
26,Dept-08,2012-10-02,Grocery,Premium,SPLR-005,1081005.64,1,1081005.64,1203236.31,23.89,3.655,137.1666774,7.467
26,Dept-10,2012-02-17,Grocery,New,SPLR-007,965788.76,3,321929.59,1110243.48,23.9,3.703,137.2583103,7.467
26,Dept-01,2012-02-24,Electronics,New,SPLR-004,917924.47,46,19954.88,1051068.25,28.06,3.751,137.3411034,7.467
26,Dept-07,2012-02-03,Pharmacy,Regular,SPLR-005,955641.74,23,41549.64,1106995.63,22.49,3.827,137.4238966,7.467
26,Dept-04,2012-09-03,Clothing,New,SPLR-004,1028569.01,42,24489.74,1194447.64,29.03,3.876,137.5066897,7.467
26,Dept-10,2012-03-16,Grocery,Regular,SPLR-010,919503.4,27,34055.68,1043457.8,35.06,3.867,137.5843871,7.467
26,Dept-04,2012-03-23,Grocery,Premium,SPLR-007,874790.68,23,38034.38,1021674.6,49.97,3.889,137.6552903,7.467
26,Dept-09,2012-03-30,Grocery,Regular,SPLR-007,922018.43,19,48527.29,1077067.1,33.33,3.921,137.7261935,7.467
26,Dept-10,2012-06-04,Home Essentials,New,SPLR-010,1116829.23,18,62046.07,1284965.67,33.35,3.957,137.7970968,7.489
26,Dept-09,2012-04-13,Home Essentials,Regular,SPLR-005,889670.29,20,44483.51,1064915.0,36.9,4.025,137.868,7.489
26,Dept-03,2012-04-20,Pharmacy,New,SPLR-007,923600.02,47,19651.06,1092432.13,50.81,4.046,137.9230667,7.489
26,Dept-09,2012-04-27,Home Essentials,New,SPLR-004,911969.0,6,151994.83,1030768.07,43.6,4.023,137.9781333,7.489
26,Dept-06,2012-04-05,Clothing,New,SPLR-005,946573.29,17,55680.78,1080018.04,40.29,3.991,138.0332,7.489
26,Dept-04,2012-11-05,Clothing,Regular,SPLR-005,1062548.73,45,23612.19,1216874.14,47.11,3.947,138.0882667,7.489
26,Dept-07,2012-05-18,Pharmacy,Regular,SPLR-007,978082.84,11,88916.62,1109939.0,52.55,3.899,138.1065806,7.489
26,Dept-06,2012-05-25,Clothing,Premium,SPLR-003,1067310.74,32,33353.46,1270878.29,58.2,3.85,138.1101935,7.489
26,Dept-02,2012-01-06,Home Essentials,New,SPLR-009,1015853.03,11,92350.28,1143355.38,58.51,3.798,138.1138065,7.489
26,Dept-09,2012-08-06,Grocery,Regular,SPLR-008,1106176.83,2,553088.42,1260985.49,49.43,3.746,138.1174194,7.489
26,Dept-09,2012-06-15,Home Essentials,New,SPLR-002,1029248.22,24,42885.34,1148165.59,57.84,3.683,138.1295333,7.489
26,Dept-01,2012-06-22,Grocery,Premium,SPLR-003,1056282.91,35,30179.51,1256663.73,63.04,3.629,138.1629,7.489
26,Dept-03,2012-06-29,Home Essentials,Regular,SPLR-001,1051190.44,6,175198.41,1178540.85,60.71,3.577,138.1962667,7.489
26,Dept-01,2012-06-07,Grocery,Regular,SPLR-007,1180470.8,36,32790.86,1334884.37,64.94,3.538,138.2296333,7.405
26,Dept-04,2012-07-13,Home Essentials,Regular,SPLR-003,1063149.78,21,50626.18,1231633.22,64.47,3.561,138.263,7.405
26,Dept-01,2012-07-20,Pharmacy,Regular,SPLR-008,1049625.9,30,34987.53,1222578.85,66.75,3.61,138.2331935,7.405
26,Dept-05,2012-07-27,Home Essentials,New,SPLR-009,1031745.14,48,21494.69,1224254.78,64.12,3.701,138.2033871,7.405
26,Dept-05,2012-03-08,Home Essentials,Regular,SPLR-002,1090915.09,20,54545.75,1216365.78,65.6,3.698,138.1735806,7.405
26,Dept-01,2012-10-08,Home Essentials,Regular,SPLR-010,1121476.51,3,373825.5,1273406.68,67.01,3.772,138.1437742,7.405
26,Dept-03,2012-08-17,Clothing,Regular,SPLR-004,1068292.56,37,28872.77,1230547.21,65.54,3.84,138.1857097,7.405
26,Dept-04,2012-08-24,Pharmacy,Regular,SPLR-004,1022704.2,36,28408.45,1200624.97,62.08,3.874,138.2814516,7.405
26,Dept-10,2012-08-31,Pharmacy,Regular,SPLR-009,1053495.51,12,87791.29,1233395.12,63.69,3.884,138.3771935,7.405
26,Dept-02,2012-07-09,Pharmacy,Regular,SPLR-003,1081874.03,43,25159.86,1221443.22,61.58,3.921,138.4729355,7.405
26,Dept-07,2012-09-14,Home Essentials,Regular,SPLR-010,986131.94,11,89648.36,1121821.86,57.69,3.988,138.5673,7.405
26,Dept-09,2012-09-21,Electronics,New,SPLR-005,961084.08,37,25975.25,1101665.27,52.68,4.056,138.6534,7.405
26,Dept-01,2012-09-28,Clothing,Regular,SPLR-004,964726.37,18,53595.91,1135790.94,50.66,4.018,138.7395,7.405
26,Dept-09,2012-05-10,Home Essentials,Regular,SPLR-009,1095504.26,42,26083.43,1272762.6,54.07,4.027,138.8256,7.138
26,Dept-01,2012-12-10,Clothing,New,SPLR-004,1044639.69,11,94967.24,1154177.86,45.19,4.029,138.9117,7.138
26,Dept-03,2012-10-19,Clothing,Regular,SPLR-010,975578.02,25,39023.12,1164762.98,43.51,4.0,138.8336129,7.138
26,Dept-10,2012-10-26,Clothing,Regular,SPLR-001,958619.8,11,87147.25,1134782.71,46.95,3.917,138.7281613,7.138
27,Dept-01,2010-05-02,Home Essentials,New,SPLR-007,1874289.79,17,110252.34,2088432.47,27.19,2.954,135.3524608,8.237
27,Dept-07,2010-12-02,Grocery,Regular,SPLR-001,1745362.72,38,45930.6,2086517.38,29.81,2.94,135.4113076,8.237
27,Dept-05,2010-02-19,Home Essentials,Regular,SPLR-009,1945070.33,19,102372.12,2185633.74,32.44,2.909,135.4657781,8.237
27,Dept-01,2010-02-26,Pharmacy,Premium,SPLR-003,1390934.27,31,44868.85,1618335.97,36.0,2.91,135.5195191,8.237
27,Dept-06,2010-05-03,Grocery,Regular,SPLR-001,1313729.72,37,35506.21,1574762.5,38.07,2.919,135.5732602,8.237
27,Dept-06,2010-12-03,Grocery,Premium,SPLR-005,1925113.12,43,44770.07,2277114.1,45.98,2.938,135.6270013,8.237
27,Dept-06,2010-03-19,Home Essentials,Premium,SPLR-005,1700627.97,47,36183.57,1903572.28,49.04,2.96,135.6682247,8.237
27,Dept-08,2010-03-26,Pharmacy,Regular,SPLR-006,1836714.84,31,59248.87,2115796.41,52.34,2.963,135.7073618,8.237
27,Dept-02,2010-02-04,Clothing,Regular,SPLR-010,2053952.97,11,186723.0,2334643.16,46.9,2.957,135.7464988,8.058
27,Dept-01,2010-09-04,Home Essentials,Premium,SPLR-005,1955814.13,37,52859.84,2251881.25,62.62,2.992,135.7856359,8.058
27,Dept-10,2010-04-16,Electronics,New,SPLR-001,1857500.96,6,309583.49,2227642.7,54.95,3.01,135.82725,8.058
27,Dept-09,2010-04-23,Home Essentials,Premium,SPLR-009,1850205.47,6,308367.58,2045555.25,53.91,3.021,135.8721667,8.058
27,Dept-03,2010-04-30,Clothing,Regular,SPLR-007,1805885.04,16,112867.82,2012657.33,53.55,3.042,135.9170833,8.058
27,Dept-10,2010-07-05,Electronics,New,SPLR-003,1939458.84,43,45103.69,2143760.14,69.02,3.095,135.962,8.058
27,Dept-02,2010-05-14,Pharmacy,New,SPLR-001,1842465.78,21,87736.47,2039808.3,53.82,3.112,136.010394,8.058
27,Dept-05,2010-05-21,Clothing,New,SPLR-004,1836595.58,48,38262.41,2189132.77,63.31,3.096,136.0796521,8.058
27,Dept-06,2010-05-28,Pharmacy,Premium,SPLR-004,1962468.67,1,1962468.67,2264037.9,67.88,3.046,136.1489101,8.058
27,Dept-06,2010-04-06,Electronics,Regular,SPLR-001,2073102.59,32,64784.46,2317410.83,74.29,3.006,136.2181682,8.058
27,Dept-01,2010-11-06,Clothing,New,SPLR-003,1873812.93,38,49310.87,2189450.41,68.9,2.972,136.2874263,8.058
27,Dept-09,2010-06-18,Pharmacy,Regular,SPLR-005,1887182.27,36,52421.73,2245201.59,70.0,2.942,136.3243393,8.058
27,Dept-02,2010-06-25,Electronics,Regular,SPLR-008,1962625.01,31,63310.48,2298692.32,78.02,2.958,136.3483143,8.058
27,Dept-03,2010-02-07,Grocery,New,SPLR-009,2024554.1,33,61350.12,2401718.04,76.25,2.958,136.3722893,7.982
27,Dept-07,2010-09-07,Grocery,Regular,SPLR-002,2119163.01,2,1059581.5,2457689.96,82.69,2.94,136.3962643,7.982
27,Dept-03,2010-07-16,Pharmacy,New,SPLR-007,1880691.64,6,313448.61,2255824.81,78.26,2.933,136.4179827,7.982
27,Dept-01,2010-07-23,Electronics,Regular,SPLR-007,1808250.71,44,41096.61,2136815.59,81.56,2.924,136.4366924,7.982
27,Dept-06,2010-07-30,Pharmacy,Regular,SPLR-006,1816489.53,30,60549.65,2139839.73,79.78,2.932,136.4554021,7.982
27,Dept-05,2010-06-08,Electronics,New,SPLR-009,1908036.68,34,56118.73,2130064.23,77.45,2.942,136.4741118,7.982
27,Dept-09,2010-08-13,Clothing,Regular,SPLR-004,1864436.12,32,58263.63,2105825.73,77.36,2.923,136.4928214,7.982
27,Dept-01,2010-08-20,Home Essentials,Premium,SPLR-009,1936878.46,38,50970.49,2232952.61,75.16,2.913,136.5249182,7.982
27,Dept-09,2010-08-27,Pharmacy,Premium,SPLR-009,1870684.21,36,51963.45,2188294.07,70.31,2.885,136.557015,7.982
27,Dept-09,2010-03-09,Electronics,New,SPLR-009,1908110.9,30,63603.7,2253326.43,78.52,2.86,136.5891118,7.982
27,Dept-03,2010-10-09,Pharmacy,Premium,SPLR-003,1913494.81,37,51716.08,2156589.91,70.38,2.837,136.6212085,7.982
27,Dept-01,2010-09-17,Clothing,Regular,SPLR-002,1629978.46,9,181108.72,1818899.74,64.5,2.846,136.6338071,7.982
27,Dept-05,2010-09-24,Pharmacy,Regular,SPLR-004,1597002.71,43,37139.6,1796814.53,67.08,2.837,136.6317821,7.982
27,Dept-06,2010-01-10,Clothing,Premium,SPLR-009,1543532.83,30,51451.09,1739132.91,70.19,2.84,136.6297571,8.021
27,Dept-04,2010-08-10,Electronics,Premium,SPLR-004,1707662.87,43,39713.09,1948004.99,57.78,2.903,136.6277321,8.021
27,Dept-08,2010-10-15,Grocery,Regular,SPLR-009,1728388.2,24,72016.18,1948122.72,58.38,2.999,136.6401935,8.021
27,Dept-09,2010-10-22,Electronics,Regular,SPLR-007,1693935.29,47,36041.18,2010798.54,52.82,3.049,136.688871,8.021
27,Dept-05,2010-10-29,Clothing,Regular,SPLR-010,1688955.49,2,844477.74,1907235.97,61.02,3.055,136.7375484,8.021
27,Dept-09,2010-05-11,Clothing,Premium,SPLR-009,1686010.02,28,60214.64,1958679.33,45.91,3.049,136.7862258,8.021
27,Dept-04,2010-12-11,Home Essentials,Premium,SPLR-001,1828010.25,2,914005.12,2091467.56,45.9,3.065,136.8349032,8.021
27,Dept-03,2010-11-19,Home Essentials,Premium,SPLR-007,1704785.74,45,37884.13,1900365.25,50.81,3.138,136.7715714,8.021
27,Dept-01,2010-11-26,Grocery,New,SPLR-005,2627910.75,17,154582.99,3110536.68,46.67,3.186,136.6895714,8.021
27,Dept-04,2010-03-12,Clothing,Regular,SPLR-002,1884343.67,6,314057.28,2240769.05,41.81,3.2,136.6075714,8.021
27,Dept-04,2010-10-12,Pharmacy,New,SPLR-004,2139733.68,9,237748.19,2464134.18,30.83,3.255,136.5255714,8.021
27,Dept-07,2010-12-17,Clothing,Regular,SPLR-003,2350098.36,19,123689.39,2677588.73,31.62,3.301,136.5292811,8.021
27,Dept-02,2010-12-24,Clothing,Regular,SPLR-002,3078162.08,27,114006.0,3602929.39,31.34,3.309,136.597273,8.021
27,Dept-07,2010-12-31,Clothing,Regular,SPLR-001,1440963.0,47,30658.79,1674000.3,29.59,3.336,136.665265,8.021
27,Dept-08,2011-07-01,Clothing,Premium,SPLR-005,1568159.48,43,36468.83,1752154.53,34.42,3.351,136.7332569,7.827
27,Dept-04,2011-01-14,Electronics,Premium,SPLR-002,1532308.62,16,95769.29,1792126.11,25.7,3.367,136.803477,7.827
27,Dept-03,2011-01-21,Home Essentials,Premium,SPLR-006,1517029.9,37,41000.81,1807753.32,30.13,3.391,136.8870657,7.827
27,Dept-07,2011-01-28,Home Essentials,Regular,SPLR-006,1421111.55,14,101507.97,1612102.0,23.64,3.402,136.9706544,7.827
27,Dept-02,2011-04-02,Pharmacy,New,SPLR-006,1628100.79,48,33918.77,1891716.6,28.7,3.4,137.0542431,7.827
27,Dept-08,2011-11-02,Electronics,Premium,SPLR-007,1636224.77,46,35570.1,1834595.46,30.45,3.416,137.1378318,7.827
27,Dept-03,2011-02-18,Pharmacy,Regular,SPLR-009,1709365.19,40,42734.13,1983813.89,39.32,3.42,137.2511849,7.827
27,Dept-02,2011-02-25,Electronics,Regular,SPLR-008,1688935.71,12,140744.64,1991054.64,33.05,3.452,137.3764439,7.827
27,Dept-07,2011-04-03,Electronics,Regular,SPLR-009,1656130.67,29,57107.95,1886174.92,36.99,3.605,137.5017028,7.827
27,Dept-03,2011-11-03,Electronics,Regular,SPLR-001,1613259.77,4,403314.94,1811967.47,43.64,3.752,137.6269617,7.827
27,Dept-09,2011-03-18,Electronics,New,SPLR-008,1624539.21,35,46415.41,1803924.66,46.65,3.796,137.7398929,7.827
27,Dept-05,2011-03-25,Home Essentials,Regular,SPLR-006,1554651.08,33,47110.64,1768416.23,40.11,3.789,137.8478929,7.827
27,Dept-08,2011-01-04,Electronics,Premium,SPLR-008,1628868.28,47,34656.77,1851487.61,37.27,3.811,137.9558929,7.725
27,Dept-04,2011-08-04,Home Essentials,Premium,SPLR-003,1689844.18,31,54511.1,1950470.25,46.87,3.895,138.0638929,7.725
27,Dept-06,2011-04-15,Grocery,Regular,SPLR-006,1727175.61,37,46680.42,1986291.76,52.24,3.981,138.1646952,7.725
27,Dept-06,2011-04-22,Grocery,Regular,SPLR-004,1921655.48,23,83550.24,2215257.8,50.02,4.061,138.2475036,7.725
27,Dept-05,2011-04-29,Grocery,Regular,SPLR-001,1642074.64,47,34937.76,1924767.44,61.71,4.117,138.3303119,7.725
27,Dept-04,2011-06-05,Home Essentials,New,SPLR-005,1757041.96,17,103355.41,1956737.54,56.48,4.192,138.4131202,7.725
27,Dept-10,2011-05-13,Home Essentials,Premium,SPLR-008,1763545.32,47,37522.24,2047295.56,60.07,4.211,138.4959286,7.725
27,Dept-10,2011-05-20,Grocery,Premium,SPLR-009,1725268.56,22,78421.3,1938970.46,60.22,4.202,138.587106,7.725
27,Dept-07,2011-05-27,Electronics,Premium,SPLR-008,1820723.17,28,65025.83,2059696.99,66.43,4.134,138.6782834,7.725
27,Dept-02,2011-03-06,Electronics,Regular,SPLR-003,2053708.01,35,58677.37,2415227.06,74.17,4.069,138.7694608,7.725
27,Dept-04,2011-10-06,Pharmacy,Regular,SPLR-003,1817914.71,11,165264.97,2163222.38,73.26,4.025,138.8606382,7.725
27,Dept-01,2011-06-17,Grocery,Regular,SPLR-001,1814740.09,26,69797.7,2038478.54,67.03,3.989,139.0028333,7.725
27,Dept-04,2011-06-24,Electronics,Premium,SPLR-010,1811455.15,15,120763.68,2148106.71,72.02,3.964,139.1832917,7.725
27,Dept-05,2011-01-07,Clothing,Regular,SPLR-010,1949983.93,22,88635.63,2163538.06,73.76,3.916,139.36375,7.85
27,Dept-03,2011-08-07,Clothing,Premium,SPLR-002,2000055.27,18,111114.18,2275440.25,76.87,3.886,139.5442083,7.85
27,Dept-03,2011-07-15,Clothing,New,SPLR-009,1762155.79,11,160195.98,2023943.37,77.83,3.915,139.7006325,7.85
27,Dept-04,2011-07-22,Grocery,Premium,SPLR-002,1754879.45,6,292479.91,1938320.07,82.28,3.972,139.7969712,7.85
27,Dept-05,2011-07-29,Clothing,Regular,SPLR-007,1744879.06,40,43621.98,1959130.39,79.41,4.004,139.8933099,7.85
27,Dept-09,2011-05-08,Home Essentials,Regular,SPLR-003,1747289.53,48,36401.87,1943639.14,78.14,4.02,139.9896486,7.85
27,Dept-04,2011-12-08,Clothing,Regular,SPLR-009,1758437.96,48,36634.12,2076773.91,76.67,3.995,140.0859873,7.85
27,Dept-02,2011-08-19,Pharmacy,Regular,SPLR-003,1781905.24,2,890952.62,1978133.77,72.97,3.942,140.1289205,7.85
27,Dept-02,2011-08-26,Grocery,Regular,SPLR-006,2034400.78,31,65625.83,2277451.63,72.88,3.906,140.1629528,7.85
27,Dept-01,2011-02-09,Home Essentials,Regular,SPLR-009,1511717.53,45,33593.72,1702185.19,71.44,3.879,140.196985,7.85
27,Dept-03,2011-09-09,Clothing,Regular,SPLR-008,1911470.84,33,57923.36,2195922.55,70.93,3.93,140.2310173,7.85
27,Dept-06,2011-09-16,Clothing,Regular,SPLR-001,1613773.9,24,67240.58,1845961.48,69.65,3.937,140.2735,7.85
27,Dept-02,2011-09-23,Clothing,Regular,SPLR-003,1606208.68,14,114729.19,1790016.73,63.61,3.899,140.32725,7.85
27,Dept-10,2011-09-30,Electronics,Regular,SPLR-001,1599626.26,14,114259.02,1847707.59,70.92,3.858,140.381,7.85
27,Dept-10,2011-07-10,Pharmacy,New,SPLR-009,1672339.27,1,1672339.27,1943503.55,56.91,3.775,140.43475,7.906
27,Dept-07,2011-10-14,Home Essentials,New,SPLR-001,1682652.51,42,40063.16,1980661.61,64.78,3.744,140.4784194,7.906
27,Dept-10,2011-10-21,Home Essentials,Regular,SPLR-004,1689591.44,41,41209.55,1898961.53,59.62,3.757,140.4616048,7.906
27,Dept-03,2011-10-28,Grocery,Regular,SPLR-009,1710372.4,45,38008.28,1915085.32,51.81,3.757,140.4447903,7.906
27,Dept-04,2011-04-11,Grocery,Regular,SPLR-006,1621109.3,7,231587.04,1905433.04,44.46,3.738,140.4279758,7.906
27,Dept-05,2011-11-11,Home Essentials,Premium,SPLR-002,1800728.07,7,257246.87,2038783.62,49.69,3.719,140.4111613,7.906
27,Dept-07,2011-11-18,Clothing,Regular,SPLR-002,1723739.44,23,74945.19,1899566.93,51.42,3.717,140.4127857,7.906
27,Dept-06,2011-11-25,Electronics,Regular,SPLR-003,2504400.71,17,147317.69,2781973.65,47.88,3.689,140.4217857,7.906
27,Dept-06,2011-02-12,Grocery,Regular,SPLR-005,1806924.74,27,66923.14,2057359.89,50.55,3.666,140.4307857,7.906
27,Dept-04,2011-09-12,Grocery,Regular,SPLR-001,2014665.98,9,223851.78,2328600.63,46.28,3.627,140.4397857,7.906
27,Dept-07,2011-12-16,Pharmacy,Regular,SPLR-005,2205919.86,31,71158.71,2519312.03,40.68,3.611,140.4700795,7.906
27,Dept-04,2011-12-23,Grocery,Premium,SPLR-002,2739019.75,3,913006.58,3088381.81,41.59,3.587,140.528765,7.906
27,Dept-03,2011-12-30,Electronics,Regular,SPLR-003,1650604.6,16,103162.79,1856138.48,37.85,3.566,140.5874505,7.906
27,Dept-05,2012-06-01,Grocery,New,SPLR-009,1535287.4,4,383821.85,1808559.98,35.8,3.585,140.6461359,8.009
27,Dept-05,2012-01-13,Pharmacy,Regular,SPLR-008,1492399.13,39,38266.64,1780723.9,41.3,3.666,140.7048214,8.009
27,Dept-08,2012-01-20,Grocery,Premium,SPLR-005,1542131.05,30,51404.37,1735722.06,30.35,3.705,140.8086118,8.009
27,Dept-06,2012-01-27,Home Essentials,Premium,SPLR-005,1263534.86,36,35098.19,1498582.72,36.96,3.737,140.9124021,8.009
27,Dept-01,2012-03-02,Clothing,Regular,SPLR-008,1564246.02,12,130353.84,1752188.15,42.52,3.796,141.0161924,8.009
27,Dept-09,2012-10-02,Clothing,Regular,SPLR-001,1651605.35,46,35904.46,1921869.43,37.86,3.826,141.1199827,8.009
27,Dept-07,2012-02-17,Home Essentials,Regular,SPLR-003,1606221.56,4,401555.39,1918269.32,37.24,3.874,141.2140357,8.009
27,Dept-10,2012-02-24,Clothing,Regular,SPLR-006,1648602.39,7,235514.63,1886081.3,41.74,3.917,141.3007857,8.009
27,Dept-09,2012-02-03,Home Essentials,Regular,SPLR-005,1509323.09,37,40792.52,1672267.68,40.07,3.983,141.3875357,8.009
27,Dept-01,2012-09-03,Grocery,Premium,SPLR-002,1607343.41,9,178593.71,1775756.36,44.32,4.021,141.4742857,8.009
27,Dept-07,2012-03-16,Grocery,Premium,SPLR-004,1635984.07,23,71129.74,1845546.42,49.6,4.021,141.55478,8.009
27,Dept-04,2012-03-23,Grocery,Regular,SPLR-007,1620839.34,31,52285.14,1932400.62,57.3,4.054,141.6269332,8.009
27,Dept-05,2012-03-30,Home Essentials,Regular,SPLR-007,1615494.14,28,57696.22,1890118.16,49.4,4.098,141.6990864,8.009
27,Dept-06,2012-06-04,Electronics,Regular,SPLR-001,1899013.34,28,67821.9,2121523.12,48.73,4.143,141.7712396,8.253
27,Dept-05,2012-04-13,Clothing,Regular,SPLR-007,1650405.21,28,58943.04,1909862.66,52.22,4.187,141.8433929,8.253
27,Dept-06,2012-04-20,Clothing,New,SPLR-002,1639999.47,23,71304.32,1948120.07,62.62,4.17,141.9015262,8.253
27,Dept-05,2012-04-27,Pharmacy,Regular,SPLR-009,1565498.84,45,34788.86,1874157.33,52.33,4.163,141.9596595,8.253
27,Dept-08,2012-04-05,Clothing,Regular,SPLR-008,1669388.45,17,98199.32,1949773.67,53.68,4.124,142.0177929,8.253
27,Dept-03,2012-11-05,Electronics,Regular,SPLR-002,1674306.31,24,69762.76,2003169.57,58.97,4.055,142.0759262,8.253
27,Dept-09,2012-05-18,Electronics,Regular,SPLR-001,1707158.82,15,113810.59,1881733.97,65.15,4.029,142.0970115,8.253
27,Dept-08,2012-05-25,Grocery,New,SPLR-004,1818906.73,32,56840.84,2084881.14,64.77,3.979,142.1032776,8.253
27,Dept-07,2012-01-06,Home Essentials,Regular,SPLR-005,1900638.6,23,82636.46,2231299.84,73.4,3.915,142.1095438,8.253
27,Dept-03,2012-08-06,Grocery,Regular,SPLR-007,1764756.31,48,36765.76,2037115.77,64.05,3.871,142.1158099,8.253
27,Dept-04,2012-06-15,Home Essentials,Premium,SPLR-009,1773500.56,44,40306.83,2087119.76,69.52,3.786,142.1292548,8.253
27,Dept-09,2012-06-22,Clothing,New,SPLR-002,1837884.79,8,229735.6,2127096.31,73.23,3.722,142.1606464,8.253
27,Dept-07,2012-06-29,Grocery,New,SPLR-009,1842555.32,35,52644.44,2113253.59,73.94,3.667,142.1920381,8.253
27,Dept-03,2012-06-07,Pharmacy,Regular,SPLR-002,2062224.92,43,47958.72,2405555.57,82.08,3.646,142.2234298,8.239
27,Dept-01,2012-07-13,Pharmacy,New,SPLR-009,1755889.53,29,60547.91,2030311.88,78.95,3.689,142.2548214,8.239
27,Dept-02,2012-07-20,Clothing,Premium,SPLR-010,1730913.66,29,59686.68,1923331.75,78.64,3.732,142.2337569,8.239
27,Dept-05,2012-07-27,Clothing,Regular,SPLR-005,1625883.71,32,50808.87,1876411.13,76.01,3.82,142.2126924,8.239
27,Dept-05,2012-03-08,Home Essentials,Regular,SPLR-004,1705810.84,37,46103.0,1891093.7,75.22,3.819,142.1916279,8.239
27,Dept-05,2012-10-08,Electronics,Regular,SPLR-006,1720537.26,12,143378.11,2062569.79,78.44,3.863,142.1705634,8.239
27,Dept-07,2012-08-17,Home Essentials,Regular,SPLR-009,1735339.59,31,55978.7,2033624.05,76.51,3.963,142.2157385,8.239
27,Dept-04,2012-08-24,Grocery,Regular,SPLR-003,1780443.36,42,42391.51,2056284.36,72.93,3.997,142.3105933,8.239
27,Dept-04,2012-08-31,Grocery,Regular,SPLR-006,1731935.43,42,41236.56,2067830.8,75.0,4.026,142.4054482,8.239
27,Dept-05,2012-07-09,Grocery,Regular,SPLR-002,1840955.23,35,52598.72,2187629.68,76.0,4.076,142.500303,8.239
27,Dept-06,2012-09-14,Electronics,New,SPLR-010,1519604.5,5,303920.9,1746235.71,68.72,4.088,142.5938833,8.239
27,Dept-02,2012-09-21,Pharmacy,Regular,SPLR-002,1557485.75,23,67716.77,1741058.11,66.1,4.203,142.6798167,8.239
27,Dept-02,2012-09-28,Clothing,Regular,SPLR-002,1540687.63,35,44019.65,1835704.95,64.92,4.158,142.76575,8.239
27,Dept-03,2012-05-10,Pharmacy,Premium,SPLR-005,1591816.88,7,227402.41,1895619.85,64.5,4.151,142.8516833,8.0
27,Dept-07,2012-12-10,Pharmacy,New,SPLR-006,1660081.29,43,38606.54,1866958.0,55.4,4.186,142.9376167,8.0
27,Dept-05,2012-10-19,Clothing,New,SPLR-004,1620374.24,43,37683.12,1881448.04,56.53,4.153,142.8633629,8.0
27,Dept-08,2012-10-26,Pharmacy,New,SPLR-004,1703047.74,40,42576.19,1917047.54,58.99,4.071,142.7624113,8.0
28,Dept-08,2010-05-02,Home Essentials,Premium,SPLR-010,1672352.29,32,52261.01,1926339.26,49.47,2.962,126.4420645,13.975
28,Dept-06,2010-12-02,Clothing,Regular,SPLR-004,1558968.49,2,779484.24,1724783.3,47.87,2.946,126.4962581,13.975
28,Dept-01,2010-02-19,Clothing,Regular,SPLR-009,1491300.42,5,298260.08,1775952.91,54.83,2.915,126.5262857,13.975
28,Dept-07,2010-02-26,Pharmacy,New,SPLR-009,1542173.33,41,37613.98,1804186.01,50.23,2.825,126.5522857,13.975
28,Dept-02,2010-05-03,Home Essentials,Regular,SPLR-004,1608435.45,17,94613.85,1812417.7,53.77,2.987,126.5782857,13.975
28,Dept-07,2010-12-03,Electronics,New,SPLR-007,1326877.11,8,165859.64,1498363.37,50.11,2.925,126.6042857,13.975
28,Dept-08,2010-03-19,Electronics,Regular,SPLR-003,1279819.43,19,67358.92,1413305.82,59.57,3.054,126.6066452,13.975
28,Dept-10,2010-03-26,Home Essentials,Regular,SPLR-008,1245268.77,39,31929.97,1482178.73,60.06,3.083,126.6050645,13.975
28,Dept-08,2010-02-04,Electronics,Regular,SPLR-007,1441559.4,13,110889.18,1645833.05,59.84,3.086,126.6034839,14.099
28,Dept-08,2010-09-04,Home Essentials,Regular,SPLR-004,1382359.21,1,1382359.21,1609802.04,59.25,3.09,126.6019032,14.099
28,Dept-03,2010-04-16,Home Essentials,Regular,SPLR-001,1268240.66,30,42274.69,1464922.02,64.95,3.109,126.5621,14.099
28,Dept-04,2010-04-23,Home Essentials,Regular,SPLR-004,1244177.21,19,65483.01,1384757.46,64.55,3.05,126.4713333,14.099
28,Dept-05,2010-04-30,Home Essentials,Regular,SPLR-004,1186971.02,41,28950.51,1343623.45,67.38,3.105,126.3805667,14.099
28,Dept-08,2010-07-05,Electronics,New,SPLR-008,1532893.22,1,1532893.22,1789292.9,70.15,3.127,126.2898,14.099
28,Dept-01,2010-05-14,Grocery,Regular,SPLR-009,1245898.73,5,249179.75,1477004.87,68.44,3.145,126.2085484,14.099
28,Dept-06,2010-05-21,Electronics,Regular,SPLR-008,1217923.71,32,38060.12,1367121.1,76.2,3.12,126.1843871,14.099
28,Dept-05,2010-05-28,Grocery,New,SPLR-010,1176588.25,28,42021.01,1309151.87,67.84,3.058,126.1602258,14.099
28,Dept-01,2010-04-06,Home Essentials,Regular,SPLR-005,1543678.02,46,33558.22,1835408.93,81.39,2.941,126.1360645,14.099
28,Dept-10,2010-11-06,Pharmacy,Regular,SPLR-001,1348995.17,49,27530.51,1531839.87,90.84,2.949,126.1119032,14.099
28,Dept-08,2010-06-18,Grocery,Regular,SPLR-005,1267619.06,44,28809.52,1447938.32,81.06,3.043,126.114,14.099
28,Dept-03,2010-06-25,Home Essentials,Regular,SPLR-008,1231025.07,21,58620.24,1362872.23,87.27,3.084,126.1266,14.099
28,Dept-06,2010-02-07,Pharmacy,Premium,SPLR-008,1399960.15,5,279992.03,1551511.36,91.98,3.105,126.1392,14.18
28,Dept-07,2010-09-07,Electronics,New,SPLR-005,1340293.87,21,63823.52,1541898.73,90.37,3.1,126.1518,14.18
28,Dept-02,2010-07-16,Clothing,New,SPLR-009,1225336.41,46,26637.75,1400722.41,97.18,3.094,126.1498065,14.18
28,Dept-08,2010-07-23,Pharmacy,Regular,SPLR-008,1205884.98,19,63467.63,1445236.09,99.22,3.112,126.1283548,14.18
28,Dept-07,2010-07-30,Clothing,New,SPLR-005,1150204.71,32,35943.9,1354060.37,96.31,3.017,126.1069032,14.18
28,Dept-06,2010-06-08,Clothing,Premium,SPLR-001,1523101.38,20,76155.07,1794144.5,92.95,3.123,126.0854516,14.18
28,Dept-01,2010-08-13,Pharmacy,Regular,SPLR-009,1218688.09,37,32937.52,1443668.79,87.01,3.159,126.064,14.18
28,Dept-10,2010-08-20,Grocery,Regular,SPLR-008,1195897.6,7,170842.51,1320788.73,92.81,3.041,126.0766452,14.18
28,Dept-06,2010-08-27,Clothing,Regular,SPLR-008,1191585.92,6,198597.65,1316086.11,93.19,3.129,126.0892903,14.18
28,Dept-06,2010-03-09,Home Essentials,Regular,SPLR-003,1523410.71,22,69245.94,1713565.0,83.12,3.087,126.1019355,14.18
28,Dept-01,2010-10-09,Clothing,Regular,SPLR-009,1246062.17,37,33677.36,1382480.48,83.63,3.044,126.1145806,14.18
28,Dept-02,2010-09-17,Home Essentials,New,SPLR-006,1159812.35,25,46392.49,1388375.59,82.45,3.028,126.1454667,14.18
28,Dept-05,2010-09-24,Electronics,Premium,SPLR-001,1111797.21,49,22689.74,1252732.28,81.77,2.939,126.1900333,14.18
28,Dept-04,2010-01-10,Pharmacy,Regular,SPLR-008,1203080.41,11,109370.95,1394309.72,85.2,3.001,126.2346,14.313
28,Dept-10,2010-08-10,Home Essentials,Premium,SPLR-002,1334571.87,8,166821.48,1573928.08,71.82,3.013,126.2791667,14.313
28,Dept-06,2010-10-15,Grocery,Regular,SPLR-004,1158062.99,37,31299.0,1360406.52,75.0,2.976,126.3266774,14.313
28,Dept-10,2010-10-22,Clothing,Premium,SPLR-003,1120619.32,16,70038.71,1265083.35,68.85,3.014,126.3815484,14.313
28,Dept-01,2010-10-29,Clothing,New,SPLR-003,1231688.48,22,55985.84,1432654.8,61.09,3.016,126.4364194,14.313
28,Dept-10,2010-05-11,Home Essentials,Regular,SPLR-006,1501663.26,41,36625.93,1776408.77,65.49,3.129,126.4912903,14.313
28,Dept-03,2010-12-11,Electronics,Regular,SPLR-002,1266460.45,9,140717.83,1447269.63,57.79,3.13,126.5461613,14.313
28,Dept-09,2010-11-19,Grocery,Regular,SPLR-007,1179315.72,44,26802.63,1387651.83,58.18,3.161,126.6072,14.313
28,Dept-08,2010-11-26,Home Essentials,Regular,SPLR-004,1937033.5,8,242129.19,2246417.22,47.66,3.162,126.6692667,14.313
28,Dept-10,2010-03-12,Home Essentials,Regular,SPLR-006,1447916.29,47,30806.73,1694730.93,43.33,3.041,126.7313333,14.313
28,Dept-03,2010-10-12,Grocery,Regular,SPLR-010,1466164.49,27,54302.39,1697238.4,50.01,3.203,126.7934,14.313
28,Dept-05,2010-12-17,Electronics,Premium,SPLR-002,1510443.62,29,52084.26,1758921.9,52.77,3.236,126.8794839,14.313
28,Dept-08,2010-12-24,Pharmacy,Premium,SPLR-008,2026026.39,15,135068.43,2296817.67,52.02,3.236,126.9835806,14.313
28,Dept-08,2010-12-31,Clothing,Premium,SPLR-003,1090558.57,21,51931.36,1209391.04,45.64,3.148,127.0876774,14.313
28,Dept-08,2011-07-01,Pharmacy,Regular,SPLR-006,1402902.47,34,41261.84,1552131.92,37.64,3.287,127.1917742,14.021
28,Dept-08,2011-01-14,Pharmacy,Premium,SPLR-004,1098286.61,7,156898.09,1296808.17,43.15,3.312,127.3009355,14.021
28,Dept-08,2011-01-21,Grocery,Regular,SPLR-005,1079669.11,11,98151.74,1206022.23,53.53,3.223,127.4404839,14.021
28,Dept-08,2011-01-28,Clothing,Premium,SPLR-010,1127859.69,20,56392.98,1338234.87,50.74,3.342,127.5800323,14.021
28,Dept-09,2011-04-02,Home Essentials,Regular,SPLR-007,1564897.32,43,36392.96,1778651.3,45.14,3.348,127.7195806,14.021
28,Dept-04,2011-11-02,Clothing,Regular,SPLR-010,1397301.38,27,51751.9,1565236.34,51.3,3.381,127.859129,14.021
28,Dept-03,2011-02-18,Grocery,New,SPLR-005,1514828.82,29,52235.48,1745666.0,53.35,3.43,127.99525,14.021
28,Dept-09,2011-02-25,Pharmacy,Regular,SPLR-005,1311796.91,6,218632.82,1454155.49,48.45,3.53,128.13,14.021
28,Dept-04,2011-04-03,Grocery,Regular,SPLR-007,1723736.91,25,68949.48,2030138.38,51.72,3.674,128.26475,14.021
28,Dept-08,2011-11-03,Home Essentials,Regular,SPLR-007,1380836.35,18,76713.13,1630807.25,57.75,3.818,128.3995,14.021
28,Dept-07,2011-03-18,Pharmacy,Regular,SPLR-010,1286413.71,37,34767.94,1533143.24,64.21,3.692,128.5121935,14.021
28,Dept-09,2011-03-25,Home Essentials,Regular,SPLR-003,1201059.72,36,33362.77,1402414.21,54.4,3.909,128.6160645,14.021
28,Dept-10,2011-01-04,Electronics,Regular,SPLR-010,1336838.41,28,47744.23,1507930.47,63.63,3.772,128.7199355,13.736
28,Dept-10,2011-08-04,Grocery,Regular,SPLR-003,1414713.5,12,117892.79,1669961.28,64.47,4.003,128.8238065,13.736
28,Dept-03,2011-04-15,Grocery,Regular,SPLR-009,1240126.07,7,177160.87,1411881.9,57.63,3.868,128.9107333,13.736
28,Dept-02,2011-04-22,Pharmacy,Premium,SPLR-009,1297452.0,9,144161.33,1429255.17,72.12,4.134,128.9553,13.736
28,Dept-10,2011-04-29,Home Essentials,Regular,SPLR-003,1222367.9,25,48894.72,1421477.08,68.27,4.151,128.9998667,13.736
28,Dept-01,2011-06-05,Grocery,Regular,SPLR-003,1515890.38,30,50529.68,1670872.53,68.4,4.193,129.0444333,13.736
28,Dept-10,2011-05-13,Home Essentials,New,SPLR-008,1253316.3,29,43217.8,1390686.27,70.93,4.202,129.089,13.736
28,Dept-07,2011-05-20,Clothing,Regular,SPLR-003,1151282.31,15,76752.15,1356606.29,66.59,4.169,129.0756774,13.736
28,Dept-09,2011-05-27,Electronics,Premium,SPLR-010,1160043.98,1,1160043.98,1330748.93,76.67,4.087,129.0623548,13.736
28,Dept-02,2011-03-06,Clothing,Premium,SPLR-008,1403779.25,20,70188.96,1618646.16,71.81,4.031,129.0490323,13.736
28,Dept-05,2011-10-06,Pharmacy,Premium,SPLR-005,1339972.83,48,27916.1,1559029.77,78.72,3.981,129.0357097,13.736
28,Dept-02,2011-06-17,Pharmacy,Regular,SPLR-010,1268503.49,31,40919.47,1436099.24,86.84,3.935,129.0432,13.736
28,Dept-07,2011-06-24,Electronics,Regular,SPLR-002,1208809.34,35,34537.41,1435012.04,88.95,3.898,129.0663,13.736
28,Dept-09,2011-01-07,Clothing,Regular,SPLR-005,1319054.57,30,43968.49,1577571.71,89.85,3.842,129.0894,13.503
28,Dept-08,2011-08-07,Home Essentials,Regular,SPLR-010,1459655.85,41,35601.36,1686009.85,89.9,3.705,129.1125,13.503
28,Dept-04,2011-07-15,Pharmacy,Regular,SPLR-001,1197373.13,3,399124.38,1332536.59,88.1,3.692,129.1338387,13.503
28,Dept-04,2011-07-22,Home Essentials,Regular,SPLR-009,1165870.54,32,36433.45,1377364.39,91.17,3.794,129.1507742,13.503
28,Dept-07,2011-07-29,Electronics,Premium,SPLR-008,1114530.29,46,24228.92,1278724.44,93.29,3.805,129.1677097,13.503
28,Dept-02,2011-05-08,Pharmacy,Regular,SPLR-008,1523870.89,27,56439.66,1771114.41,90.61,3.803,129.1846452,13.503
28,Dept-08,2011-12-08,Clothing,Regular,SPLR-009,1218764.94,33,36932.27,1359117.56,91.04,3.701,129.2015806,13.503
28,Dept-10,2011-08-19,Grocery,Regular,SPLR-003,1200019.74,33,36364.23,1379680.95,91.74,3.743,129.2405806,13.503
28,Dept-07,2011-08-26,Grocery,Regular,SPLR-004,1166479.51,20,58323.98,1326994.63,94.61,3.74,129.2832581,13.503
28,Dept-06,2011-02-09,Electronics,Premium,SPLR-002,1468871.49,6,244811.92,1724455.89,93.66,3.798,129.3259355,13.503
28,Dept-06,2011-09-09,Home Essentials,Premium,SPLR-006,1310087.0,4,327521.75,1471590.75,88.0,3.913,129.3686129,13.503
28,Dept-06,2011-09-16,Pharmacy,Regular,SPLR-004,1159212.1,41,28273.47,1308872.2,76.36,3.918,129.4306,13.503
28,Dept-08,2011-09-23,Home Essentials,Premium,SPLR-010,1109105.92,37,29975.84,1227777.91,82.95,3.789,129.5183333,13.503
28,Dept-06,2011-09-30,Pharmacy,Regular,SPLR-005,1120731.76,43,26063.53,1329659.18,83.26,3.877,129.6060667,13.503
28,Dept-01,2011-07-10,Electronics,New,SPLR-004,1557314.58,10,155731.46,1713490.16,70.44,3.827,129.6938,12.89
28,Dept-08,2011-10-14,Home Essentials,Regular,SPLR-006,1220984.94,21,58142.14,1381650.32,67.31,3.805,129.7706452,12.89
28,Dept-03,2011-10-21,Home Essentials,Premium,SPLR-003,1203172.05,22,54689.64,1368514.49,73.05,3.842,129.7821613,12.89
28,Dept-03,2011-10-28,Electronics,Premium,SPLR-003,1242746.06,41,30310.88,1402420.69,67.41,3.727,129.7936774,12.89
28,Dept-06,2011-04-11,Grocery,Premium,SPLR-009,1576654.67,34,46372.2,1807976.77,59.77,3.828,129.8051935,12.89
28,Dept-08,2011-11-11,Electronics,Regular,SPLR-008,1402654.95,29,48367.41,1639431.92,48.76,3.824,129.8167097,12.89
28,Dept-05,2011-11-18,Pharmacy,Regular,SPLR-008,1255081.22,21,59765.77,1422194.79,54.2,3.813,129.8268333,12.89
28,Dept-06,2011-11-25,Home Essentials,Premium,SPLR-009,1929738.27,39,49480.47,2227188.35,53.25,3.622,129.8364,12.89
28,Dept-10,2011-02-12,Pharmacy,New,SPLR-001,1368130.35,42,32574.53,1521498.7,52.5,3.701,129.8459667,12.89
28,Dept-05,2011-09-12,Pharmacy,Regular,SPLR-003,1467024.3,6,244504.05,1696040.8,42.17,3.644,129.8555333,12.89
28,Dept-02,2011-12-16,Electronics,Regular,SPLR-008,1429954.66,16,89372.17,1603511.28,43.29,3.6,129.8980645,12.89
28,Dept-06,2011-12-23,Home Essentials,Regular,SPLR-005,1796203.51,33,54430.41,2038423.77,45.4,3.541,129.9845484,12.89
28,Dept-05,2011-12-30,Home Essentials,Regular,SPLR-001,1270036.53,21,60477.93,1476612.15,44.64,3.428,130.0710323,12.89
28,Dept-06,2012-06-01,Grocery,Premium,SPLR-008,1466046.07,24,61085.25,1662682.0,50.43,3.599,130.1575161,12.187
28,Dept-03,2012-01-13,Pharmacy,Regular,SPLR-006,1161190.29,3,387063.43,1326828.38,48.07,3.657,130.244,12.187
28,Dept-09,2012-01-20,Electronics,New,SPLR-005,1129540.48,26,43443.86,1278934.85,46.2,3.66,130.2792258,12.187
28,Dept-08,2012-01-27,Electronics,Regular,SPLR-005,1132948.48,8,141618.56,1296168.63,50.43,3.675,130.3144516,12.187
28,Dept-06,2012-03-02,Home Essentials,Regular,SPLR-006,1531599.44,38,40305.25,1810825.21,50.58,3.702,130.3496774,12.187
28,Dept-02,2012-10-02,Electronics,New,SPLR-009,1572966.15,21,74903.15,1808652.8,52.27,3.722,130.3849032,12.187
28,Dept-04,2012-02-17,Clothing,Regular,SPLR-003,1501503.68,43,34918.69,1770177.77,51.8,3.781,130.4546207,12.187
28,Dept-03,2012-02-24,Grocery,Premium,SPLR-009,1323487.91,24,55145.33,1508865.68,53.13,3.95,130.5502069,12.187
28,Dept-09,2012-02-03,Home Essentials,New,SPLR-005,1451740.57,24,60489.19,1628033.4,52.27,4.178,130.6457931,12.187
28,Dept-05,2012-09-03,Electronics,Regular,SPLR-003,1680764.06,19,88461.27,1934381.83,54.54,4.25,130.7413793,12.187
28,Dept-09,2012-03-16,Electronics,Regular,SPLR-002,1337875.49,42,31854.18,1484002.64,64.44,4.273,130.8261935,12.187
28,Dept-09,2012-03-23,Electronics,Regular,SPLR-001,1216059.41,42,28953.8,1422312.25,56.26,4.038,130.8966452,12.187
28,Dept-04,2012-03-30,Pharmacy,Premium,SPLR-009,1209524.11,38,31829.58,1349963.28,64.36,4.294,130.9670968,12.187
28,Dept-07,2012-06-04,Home Essentials,Premium,SPLR-007,1559592.79,31,50309.44,1836576.77,64.05,4.121,131.0375484,11.627
28,Dept-02,2012-04-13,Grocery,New,SPLR-010,1290684.95,29,44506.38,1449163.83,64.28,4.254,131.108,11.627
28,Dept-05,2012-04-20,Clothing,Regular,SPLR-007,1180797.2,25,47231.89,1302580.33,66.73,4.222,131.1173333,11.627
28,Dept-01,2012-04-27,Pharmacy,Regular,SPLR-006,1170456.16,41,28547.71,1377055.97,77.99,4.193,131.1266667,11.627
28,Dept-07,2012-04-05,Grocery,Regular,SPLR-010,1450628.85,13,111586.83,1638141.99,76.03,4.171,131.136,11.627
28,Dept-04,2012-11-05,Pharmacy,Regular,SPLR-005,1264575.18,35,36130.72,1502942.13,77.27,4.186,131.1453333,11.627
28,Dept-01,2012-05-18,Electronics,New,SPLR-006,1213310.45,22,55150.48,1437864.89,84.51,4.11,131.0983226,11.627
28,Dept-06,2012-05-25,Electronics,New,SPLR-003,1151214.41,12,95934.53,1343904.66,83.84,4.293,131.0287742,11.627
28,Dept-05,2012-01-06,Grocery,New,SPLR-003,1245480.95,41,30377.58,1484324.32,78.11,4.277,130.9592258,11.627
28,Dept-08,2012-08-06,Pharmacy,Premium,SPLR-002,1440687.69,33,43657.2,1680961.34,84.83,4.103,130.8896774,11.627
28,Dept-09,2012-06-15,Home Essentials,Premium,SPLR-001,1229760.97,38,32362.13,1361405.68,85.94,4.144,130.8295333,11.627
28,Dept-09,2012-06-22,Electronics,Regular,SPLR-009,1180671.55,38,31070.3,1335513.23,91.61,4.014,130.7929,11.627
28,Dept-01,2012-06-29,Pharmacy,Premium,SPLR-002,1129031.98,20,56451.6,1321107.99,90.47,3.875,130.7562667,11.627
28,Dept-01,2012-06-07,Grocery,Regular,SPLR-010,1500863.54,10,150086.35,1681316.77,89.13,3.765,130.7196333,10.926
28,Dept-02,2012-07-13,Grocery,Regular,SPLR-010,1179915.04,36,32775.42,1396094.85,95.61,3.723,130.683,10.926
28,Dept-09,2012-07-20,Electronics,Regular,SPLR-008,1149427.48,41,28034.82,1361689.77,85.53,3.726,130.7012903,10.926
28,Dept-08,2012-07-27,Electronics,New,SPLR-010,1135035.09,24,47293.13,1356934.11,93.47,3.769,130.7195806,10.926
28,Dept-08,2012-03-08,Pharmacy,New,SPLR-010,1376520.1,46,29924.35,1620968.11,88.16,3.76,130.737871,10.926
28,Dept-01,2012-10-08,Grocery,Regular,SPLR-010,1269113.41,4,317278.35,1467922.62,95.91,3.811,130.7561613,10.926
28,Dept-10,2012-08-17,Pharmacy,Regular,SPLR-006,1184198.41,39,30364.06,1307539.9,94.87,4.002,130.7909677,10.926
28,Dept-01,2012-08-24,Electronics,Regular,SPLR-009,1199309.59,11,109028.14,1400675.48,85.32,4.055,130.8381613,10.926
28,Dept-05,2012-08-31,Grocery,Premium,SPLR-008,1227118.75,20,61355.94,1444788.17,89.78,4.093,130.8853548,10.926
28,Dept-01,2012-07-09,Pharmacy,New,SPLR-005,1469693.99,25,58787.76,1697159.26,88.52,4.124,130.9325484,10.926
28,Dept-01,2012-09-14,Clothing,Premium,SPLR-008,1124660.77,13,86512.37,1265893.84,83.64,4.133,130.9776667,10.926
28,Dept-09,2012-09-21,Home Essentials,Regular,SPLR-007,1135340.19,14,81095.73,1274696.31,82.97,4.125,131.0103333,10.926
28,Dept-04,2012-09-28,Grocery,Regular,SPLR-005,1129508.61,41,27548.99,1242466.56,81.22,3.966,131.043,10.926
28,Dept-05,2012-05-10,Grocery,Regular,SPLR-002,1462941.03,37,39538.95,1742319.35,81.61,3.966,131.0756667,10.199
28,Dept-06,2012-12-10,Home Essentials,Premium,SPLR-007,1205536.71,43,28035.74,1385227.17,71.74,4.468,131.1083333,10.199
28,Dept-02,2012-10-19,Electronics,New,SPLR-010,1143724.48,25,45748.98,1304896.17,68.66,4.449,131.1499677,10.199
28,Dept-09,2012-10-26,Home Essentials,Regular,SPLR-005,1213860.61,35,34681.73,1363918.42,65.95,4.301,131.1930968,10.199
29,Dept-06,2010-05-02,Home Essentials,New,SPLR-007,538634.46,8,67329.31,597692.97,24.36,2.788,131.5279032,10.064
29,Dept-06,2010-12-02,Electronics,Premium,SPLR-008,529672.95,21,25222.52,593393.5,28.14,2.771,131.5866129,10.064
29,Dept-08,2010-02-19,Home Essentials,Regular,SPLR-009,542399.07,49,11069.37,599968.44,31.96,2.747,131.637,10.064
29,Dept-02,2010-02-26,Home Essentials,Premium,SPLR-006,488417.61,39,12523.53,545450.71,35.98,2.753,131.686,10.064
29,Dept-05,2010-05-03,Electronics,Premium,SPLR-010,535087.91,47,11384.85,616837.71,36.82,2.766,131.735,10.064
29,Dept-04,2010-12-03,Home Essentials,Premium,SPLR-005,519042.49,46,11283.53,584542.06,43.43,2.805,131.784,10.064
29,Dept-07,2010-03-19,Home Essentials,Regular,SPLR-002,496851.6,26,19109.68,591804.32,46.03,2.834,131.8242903,10.064
29,Dept-02,2010-03-26,Electronics,Premium,SPLR-006,552985.34,28,19749.48,620979.11,48.56,2.831,131.863129,10.064
29,Dept-06,2010-02-04,Home Essentials,Regular,SPLR-006,599629.25,26,23062.66,673323.64,44.96,2.826,131.9019677,10.16
29,Dept-05,2010-09-04,Electronics,New,SPLR-008,569937.23,4,142484.31,673884.07,57.06,2.849,131.9408065,10.16
29,Dept-04,2010-04-16,Pharmacy,Regular,SPLR-010,509100.84,7,72728.69,587271.31,51.14,2.885,131.9809,10.16
29,Dept-04,2010-04-23,Pharmacy,Regular,SPLR-006,505329.66,14,36094.98,602083.19,51.04,2.895,132.0226667,10.16
29,Dept-06,2010-04-30,Pharmacy,Regular,SPLR-004,501013.47,10,50101.35,598954.49,50.96,2.935,132.0644333,10.16
29,Dept-05,2010-07-05,Grocery,New,SPLR-009,568497.35,43,13220.87,662794.51,63.81,2.981,132.1062,10.16
29,Dept-10,2010-05-14,Clothing,Regular,SPLR-010,518940.88,15,34596.06,581367.09,50.99,2.983,132.152129,10.16
29,Dept-06,2010-05-21,Home Essentials,Regular,SPLR-009,502021.82,5,100404.36,599920.41,59.99,2.961,132.2230323,10.16
29,Dept-10,2010-05-28,Clothing,Regular,SPLR-002,577627.66,32,18050.86,692372.43,65.64,2.906,132.2939355,10.16
29,Dept-06,2010-04-06,Clothing,New,SPLR-003,588017.66,43,13674.83,683317.22,69.49,2.857,132.3648387,10.16
29,Dept-01,2010-11-06,Pharmacy,Regular,SPLR-008,540716.58,5,108143.32,630050.5,65.01,2.83,132.4357419,10.16
29,Dept-03,2010-06-18,Clothing,New,SPLR-001,558731.74,31,18023.6,627234.14,67.13,2.805,132.4733333,10.16
29,Dept-07,2010-06-25,Clothing,Regular,SPLR-007,585548.79,30,19518.29,658045.44,74.37,2.81,132.4976,10.16
29,Dept-07,2010-02-07,Electronics,Regular,SPLR-007,581473.55,11,52861.23,686199.68,72.88,2.815,132.5218667,10.409
29,Dept-09,2010-09-07,Grocery,Regular,SPLR-010,563449.43,9,62605.49,667893.9,79.22,2.806,132.5461333,10.409
29,Dept-05,2010-07-16,Pharmacy,New,SPLR-008,512292.01,41,12494.93,594972.32,76.3,2.796,132.5667742,10.409
29,Dept-06,2010-07-23,Grocery,Premium,SPLR-005,506502.09,22,23022.82,584834.77,76.91,2.784,132.5825806,10.409
29,Dept-01,2010-07-30,Home Essentials,Premium,SPLR-001,509872.77,33,15450.69,575726.35,76.35,2.792,132.5983871,10.409
29,Dept-04,2010-06-08,Electronics,Regular,SPLR-009,519787.93,9,57754.21,602098.42,74.37,2.792,132.6141935,10.409
29,Dept-01,2010-08-13,Electronics,Regular,SPLR-001,495269.0,20,24763.45,575391.36,74.75,2.81,132.63,10.409
29,Dept-08,2010-08-20,Pharmacy,Regular,SPLR-003,531640.19,7,75948.6,620900.62,73.21,2.796,132.6616129,10.409
29,Dept-10,2010-08-27,Electronics,Regular,SPLR-004,545766.13,5,109153.23,631778.06,68.99,2.77,132.6932258,10.409
29,Dept-01,2010-03-09,Clothing,Regular,SPLR-002,579272.38,47,12324.94,688429.3,75.85,2.735,132.7248387,10.409
29,Dept-08,2010-10-09,Pharmacy,Premium,SPLR-003,491290.37,36,13646.95,587595.37,68.6,2.717,132.7564516,10.409
29,Dept-05,2010-09-17,Pharmacy,Regular,SPLR-009,463752.89,39,11891.1,512138.38,62.49,2.716,132.7670667,10.409
29,Dept-02,2010-09-24,Electronics,Regular,SPLR-008,465338.41,24,19389.1,551929.24,65.14,2.718,132.7619333,10.409
29,Dept-03,2010-01-10,Home Essentials,Regular,SPLR-005,474698.01,24,19779.08,533996.76,69.31,2.717,132.7568,10.524
29,Dept-04,2010-08-10,Electronics,Regular,SPLR-007,530059.06,41,12928.27,611315.4,56.32,2.776,132.7516667,10.524
29,Dept-07,2010-10-15,Clothing,Premium,SPLR-007,483011.69,41,11780.77,567792.22,55.23,2.878,132.7633548,10.524
29,Dept-05,2010-10-22,Home Essentials,New,SPLR-008,505221.17,15,33681.41,558655.54,50.24,2.919,132.8170968,10.524
29,Dept-07,2010-10-29,Electronics,Regular,SPLR-008,527058.59,30,17568.62,606697.31,57.73,2.938,132.8708387,10.524
29,Dept-08,2010-05-11,Grocery,Regular,SPLR-001,521002.97,33,15787.97,612638.95,44.34,2.938,132.9245806,10.524
29,Dept-09,2010-12-11,Grocery,Regular,SPLR-001,524450.7,26,20171.18,610075.46,44.42,2.961,132.9783226,10.524
29,Dept-05,2010-11-19,Clothing,Regular,SPLR-009,508174.55,22,23098.84,567762.36,48.62,3.03,132.9172,10.524
29,Dept-10,2010-11-26,Home Essentials,New,SPLR-001,975268.91,29,33629.96,1113008.91,44.61,3.07,132.8369333,10.524
29,Dept-04,2010-03-12,Home Essentials,New,SPLR-004,642678.53,3,214226.18,763658.77,39.42,3.065,132.7566667,10.524
29,Dept-09,2010-10-12,Clothing,Premium,SPLR-008,713834.74,5,142766.95,846349.55,28.43,3.132,132.6764,10.524
29,Dept-04,2010-12-17,Electronics,Regular,SPLR-003,850538.25,20,42526.91,1018764.52,30.46,3.139,132.6804516,10.524
29,Dept-05,2010-12-24,Electronics,New,SPLR-007,1130926.79,28,40390.24,1346451.46,29.76,3.15,132.7477419,10.524
29,Dept-03,2010-12-31,Electronics,Regular,SPLR-001,465992.02,40,11649.8,527329.35,28.49,3.177,132.8150323,10.524
29,Dept-08,2011-07-01,Pharmacy,Premium,SPLR-008,455952.18,15,30396.81,510984.29,32.56,3.193,132.8823226,10.256
29,Dept-02,2011-01-14,Grocery,Regular,SPLR-008,426905.26,34,12556.04,480138.72,24.76,3.215,132.9510645,10.256
29,Dept-10,2011-01-21,Pharmacy,New,SPLR-003,445134.15,39,11413.7,531524.09,26.8,3.232,133.0285161,10.256
29,Dept-07,2011-01-28,Pharmacy,Regular,SPLR-005,410426.97,36,11400.75,462283.39,20.61,3.243,133.1059677,10.256
29,Dept-05,2011-04-02,Electronics,Premium,SPLR-004,504126.89,36,14003.52,584848.89,26.39,3.24,133.1834194,10.256
29,Dept-04,2011-11-02,Electronics,Premium,SPLR-010,550387.78,23,23929.9,659078.87,28.89,3.255,133.260871,10.256
29,Dept-05,2011-02-18,Grocery,Regular,SPLR-001,542529.21,49,11072.02,636121.07,35.34,3.263,133.3701429,10.256
29,Dept-10,2011-02-25,Clothing,Regular,SPLR-006,483660.15,5,96732.03,550077.31,30.23,3.281,133.4921429,10.256
29,Dept-08,2011-04-03,Home Essentials,Regular,SPLR-003,536031.67,29,18483.85,593489.0,33.52,3.437,133.6141429,10.256
29,Dept-03,2011-11-03,Home Essentials,Regular,SPLR-009,493430.45,16,30839.4,574178.07,41.42,3.6,133.7361429,10.256
29,Dept-01,2011-03-18,Home Essentials,Regular,SPLR-003,493653.43,2,246826.72,558581.95,43.38,3.634,133.8492258,10.256
29,Dept-10,2011-03-25,Electronics,Regular,SPLR-010,478773.05,18,26598.5,533164.62,38.77,3.624,133.9587419,10.256
29,Dept-02,2011-01-04,Grocery,Regular,SPLR-004,475615.26,31,15342.43,533581.51,36.04,3.638,134.0682581,9.966
29,Dept-09,2011-08-04,Grocery,New,SPLR-003,505304.33,24,21054.35,580140.28,44.42,3.72,134.1777742,9.966
29,Dept-05,2011-04-15,Electronics,Premium,SPLR-008,518245.97,31,16717.61,589291.07,48.88,3.823,134.2784667,9.966
29,Dept-10,2011-04-22,Pharmacy,Regular,SPLR-006,589252.69,32,18414.15,675263.97,47.76,3.919,134.3571,9.966
29,Dept-04,2011-04-29,Pharmacy,Regular,SPLR-009,493078.64,9,54786.52,563390.53,57.2,3.988,134.4357333,9.966
29,Dept-06,2011-06-05,Home Essentials,Premium,SPLR-005,534372.53,30,17812.42,630768.95,53.63,4.078,134.5143667,9.966
29,Dept-09,2011-05-13,Home Essentials,Premium,SPLR-003,549551.02,11,49959.18,656250.08,57.71,4.095,134.593,9.966
29,Dept-09,2011-05-20,Clothing,Premium,SPLR-004,492932.51,12,41077.71,555735.03,58.56,4.101,134.6803871,9.966
29,Dept-09,2011-05-27,Electronics,Regular,SPLR-008,550735.64,12,45894.64,605852.21,62.59,4.034,134.7677742,9.966
29,Dept-07,2011-03-06,Home Essentials,Regular,SPLR-007,598251.57,49,12209.22,692624.61,70.09,3.973,134.8551613,9.966
29,Dept-09,2011-10-06,Electronics,Regular,SPLR-008,558431.44,22,25383.25,668265.96,69.53,3.924,134.9425484,9.966
29,Dept-02,2011-06-17,Clothing,Regular,SPLR-005,536914.17,3,178971.39,612534.65,63.97,3.873,135.0837333,9.966
29,Dept-04,2011-06-24,Grocery,Regular,SPLR-005,545368.17,49,11129.96,614452.14,68.53,3.851,135.2652667,9.966
29,Dept-09,2011-01-07,Pharmacy,Regular,SPLR-007,567114.6,7,81016.37,634554.46,70.8,3.815,135.4468,9.863
29,Dept-05,2011-08-07,Grocery,Premium,SPLR-009,547586.07,33,16593.52,630333.86,74.22,3.784,135.6283333,9.863
29,Dept-09,2011-07-15,Clothing,Premium,SPLR-009,505246.15,5,101049.23,578960.48,75.2,3.827,135.7837419,9.863
29,Dept-05,2011-07-22,Pharmacy,Regular,SPLR-006,507335.75,14,36238.27,603634.83,77.79,3.882,135.8738387,9.863
29,Dept-04,2011-07-29,Electronics,New,SPLR-006,474653.06,28,16951.9,564161.32,75.32,3.898,135.9639355,9.863
29,Dept-08,2011-05-08,Grocery,Regular,SPLR-008,503486.37,3,167828.79,595002.11,75.33,3.903,136.0540323,9.863
29,Dept-07,2011-12-08,Home Essentials,New,SPLR-007,471311.5,33,14282.17,524776.62,74.69,3.88,136.144129,9.863
29,Dept-07,2011-08-19,Clothing,Regular,SPLR-007,498056.0,35,14230.17,553920.26,71.3,3.82,136.183129,9.863
29,Dept-09,2011-08-26,Clothing,Regular,SPLR-005,608294.98,5,121659.0,696754.72,72.22,3.796,136.2136129,9.863
29,Dept-06,2011-02-09,Grocery,Regular,SPLR-006,497085.91,9,55231.77,558015.24,69.16,3.784,136.2440968,9.863
29,Dept-02,2011-09-09,Grocery,New,SPLR-010,505406.72,32,15793.96,588629.09,69.14,3.809,136.2745806,9.863
29,Dept-05,2011-09-16,Clothing,Regular,SPLR-004,474129.35,18,26340.52,556159.74,68.08,3.809,136.3145,9.863
29,Dept-07,2011-09-23,Pharmacy,New,SPLR-002,475696.37,35,13591.32,542773.63,62.36,3.758,136.367,9.863
29,Dept-06,2011-09-30,Electronics,Regular,SPLR-001,446516.26,21,21262.68,530165.55,69.78,3.684,136.4195,9.863
29,Dept-08,2011-07-10,Grocery,Premium,SPLR-005,514993.0,19,27104.89,610155.92,56.44,3.633,136.472,9.357
29,Dept-03,2011-10-14,Grocery,Regular,SPLR-008,475776.45,34,13993.42,532170.96,62.63,3.583,136.5150968,9.357
29,Dept-01,2011-10-21,Clothing,New,SPLR-010,505068.22,27,18706.23,595753.94,59.3,3.618,136.5017742,9.357
29,Dept-05,2011-10-28,Clothing,Regular,SPLR-003,515119.64,46,11198.25,613560.56,49.31,3.604,136.4884516,9.357
29,Dept-07,2011-04-11,Clothing,New,SPLR-002,620735.72,46,13494.25,690338.12,42.81,3.586,136.475129,9.357
29,Dept-06,2011-11-11,Electronics,Regular,SPLR-004,531600.62,40,13290.02,595791.62,47.8,3.57,136.4618065,9.357
29,Dept-07,2011-11-18,Electronics,Regular,SPLR-001,504601.29,15,33640.09,572044.44,50.62,3.571,136.4666667,9.357
29,Dept-03,2011-11-25,Home Essentials,Regular,SPLR-003,913165.19,23,39702.83,1049977.7,46.28,3.536,136.4788,9.357
29,Dept-04,2011-02-12,Clothing,Regular,SPLR-006,579874.22,36,16107.62,665911.41,49.11,3.501,136.4909333,9.357
29,Dept-04,2011-09-12,Clothing,Premium,SPLR-010,633240.53,39,16236.94,736740.64,45.35,3.47,136.5030667,9.357
29,Dept-07,2011-12-16,Grocery,Regular,SPLR-004,736805.66,32,23025.18,850391.91,39.11,3.445,136.5335161,9.357
29,Dept-08,2011-12-23,Pharmacy,Premium,SPLR-010,1016637.39,20,50831.87,1177123.22,39.83,3.413,136.5883871,9.357
29,Dept-09,2011-12-30,Home Essentials,Regular,SPLR-004,551743.05,4,137935.76,660542.87,36.28,3.402,136.6432581,9.357
29,Dept-09,2012-06-01,Electronics,New,SPLR-004,469773.85,32,14680.43,561413.17,34.61,3.439,136.698129,8.988
29,Dept-10,2012-01-13,Grocery,Premium,SPLR-004,444756.37,12,37063.03,493073.23,39.0,3.523,136.753,8.988
29,Dept-06,2012-01-20,Clothing,Premium,SPLR-006,446863.31,33,13541.31,512340.73,29.16,3.542,136.8564194,8.988
29,Dept-10,2012-01-27,Home Essentials,Regular,SPLR-008,395987.24,41,9658.23,459106.5,35.68,3.568,136.9598387,8.988
29,Dept-01,2012-03-02,Pharmacy,Regular,SPLR-007,493159.35,5,98631.87,549433.12,40.58,3.633,137.0632581,8.988
29,Dept-08,2012-10-02,Home Essentials,New,SPLR-008,545840.05,47,11613.62,641563.97,35.68,3.655,137.1666774,8.988
29,Dept-07,2012-02-17,Pharmacy,Regular,SPLR-008,559606.91,40,13990.17,671079.65,36.25,3.703,137.2583103,8.988
29,Dept-05,2012-02-24,Pharmacy,Regular,SPLR-003,488782.63,22,22217.39,574030.86,39.0,3.751,137.3411034,8.988
29,Dept-05,2012-02-03,Electronics,New,SPLR-006,500801.72,11,45527.43,579783.05,37.47,3.827,137.4238966,8.988
29,Dept-07,2012-09-03,Home Essentials,Premium,SPLR-008,504750.35,49,10301.03,589482.92,41.72,3.876,137.5066897,8.988
29,Dept-04,2012-03-16,Clothing,Regular,SPLR-008,489293.72,23,21273.64,556140.33,46.06,3.867,137.5843871,8.988
29,Dept-06,2012-03-23,Pharmacy,Regular,SPLR-006,517408.48,34,15217.9,580026.34,54.68,3.889,137.6552903,8.988
29,Dept-09,2012-03-30,Electronics,Premium,SPLR-001,504566.28,25,20182.65,598743.95,46.4,3.921,137.7261935,8.988
29,Dept-08,2012-06-04,Grocery,New,SPLR-004,633826.55,25,25353.06,739621.9,46.38,3.957,137.7970968,9.14
29,Dept-09,2012-04-13,Pharmacy,Regular,SPLR-005,520493.83,6,86748.97,588797.98,49.89,4.025,137.868,9.14
29,Dept-06,2012-04-20,Clothing,Regular,SPLR-004,525200.59,26,20200.02,622304.89,58.81,4.046,137.9230667,9.14
29,Dept-03,2012-04-27,Home Essentials,Regular,SPLR-001,497250.22,5,99450.04,565584.19,51.42,4.023,137.9781333,9.14
29,Dept-08,2012-04-05,Grocery,Premium,SPLR-008,504963.84,42,12022.95,580238.89,50.75,3.991,138.0332,9.14
29,Dept-07,2012-11-05,Clothing,Regular,SPLR-007,529707.87,1,529707.87,629274.73,56.72,3.947,138.0882667,9.14
29,Dept-02,2012-05-18,Electronics,Regular,SPLR-009,543706.04,22,24713.91,618352.74,61.9,3.899,138.1065806,9.14
29,Dept-06,2012-05-25,Grocery,Regular,SPLR-009,549665.67,24,22902.74,623697.9,62.39,3.85,138.1101935,9.14
29,Dept-03,2012-01-06,Pharmacy,Regular,SPLR-001,576252.35,33,17462.19,646996.59,70.01,3.798,138.1138065,9.14
29,Dept-01,2012-08-06,Pharmacy,New,SPLR-008,554093.15,35,15831.23,640463.56,61.71,3.746,138.1174194,9.14
29,Dept-06,2012-06-15,Clothing,Premium,SPLR-010,552338.76,42,13150.92,612066.64,66.56,3.683,138.1295333,9.14
29,Dept-02,2012-06-22,Grocery,Premium,SPLR-008,581854.5,33,17631.95,694021.02,70.61,3.629,138.1629,9.14
29,Dept-05,2012-06-29,Clothing,Premium,SPLR-010,555954.13,33,16847.09,612592.72,70.99,3.577,138.1962667,9.14
29,Dept-02,2012-06-07,Home Essentials,New,SPLR-010,578832.41,27,21438.24,651354.45,77.41,3.538,138.2296333,9.419
29,Dept-02,2012-07-13,Pharmacy,Regular,SPLR-007,514709.76,6,85784.96,583333.39,75.81,3.561,138.263,9.419
29,Dept-05,2012-07-20,Grocery,Regular,SPLR-005,506705.36,40,12667.63,599330.59,76.57,3.61,138.2331935,9.419
29,Dept-09,2012-07-27,Electronics,Regular,SPLR-008,475158.24,30,15838.61,558169.16,73.52,3.701,138.2033871,9.419
29,Dept-10,2012-03-08,Grocery,Premium,SPLR-007,504754.74,22,22943.4,587385.3,72.99,3.698,138.1735806,9.419
29,Dept-06,2012-10-08,Pharmacy,Regular,SPLR-006,518628.42,38,13648.12,573022.42,76.74,3.772,138.1437742,9.419
29,Dept-07,2012-08-17,Clothing,New,SPLR-001,416881.66,29,14375.23,458919.58,74.92,3.84,138.1857097,9.419
29,Dept-07,2012-08-24,Home Essentials,Premium,SPLR-010,615026.15,24,25626.09,687174.85,70.42,3.874,138.2814516,9.419
29,Dept-07,2012-08-31,Home Essentials,Regular,SPLR-003,545844.91,27,20216.48,608594.52,71.93,3.884,138.3771935,9.419
29,Dept-03,2012-07-09,Grocery,New,SPLR-005,540811.85,8,67601.48,622169.83,73.3,3.921,138.4729355,9.419
29,Dept-04,2012-09-14,Pharmacy,Regular,SPLR-010,475127.18,17,27948.66,551306.51,66.42,3.988,138.5673,9.419
29,Dept-05,2012-09-21,Home Essentials,Regular,SPLR-009,489079.23,8,61134.9,546380.27,63.38,4.056,138.6534,9.419
29,Dept-07,2012-09-28,Home Essentials,Regular,SPLR-005,489674.23,46,10645.09,580933.97,62.17,4.018,138.7395,9.419
29,Dept-04,2012-05-10,Grocery,Premium,SPLR-006,520632.8,49,10625.16,606533.68,62.09,4.027,138.8256,9.151
29,Dept-01,2012-12-10,Clothing,Regular,SPLR-005,513737.0,2,256868.5,588862.11,54.18,4.029,138.9117,9.151
29,Dept-08,2012-10-19,Electronics,Regular,SPLR-006,516909.24,45,11486.87,593060.8,55.28,4.0,138.8336129,9.151
29,Dept-09,2012-10-26,Clothing,Regular,SPLR-008,534970.68,29,18447.26,620718.51,57.58,3.917,138.7281613,9.151
30,Dept-07,2010-05-02,Clothing,Regular,SPLR-009,465108.52,38,12239.7,532691.29,39.05,2.572,210.7526053,8.324
30,Dept-06,2010-12-02,Grocery,Regular,SPLR-001,497374.57,4,124343.64,569609.89,37.77,2.548,210.8979935,8.324
30,Dept-10,2010-02-19,Home Essentials,Regular,SPLR-001,463513.26,26,17827.43,552917.78,39.75,2.514,210.9451605,8.324
30,Dept-10,2010-02-26,Electronics,Regular,SPLR-001,472330.71,44,10734.79,530525.44,45.31,2.561,210.9759573,8.324
30,Dept-01,2010-05-03,Electronics,Regular,SPLR-002,472591.07,1,472591.07,538133.19,48.61,2.625,211.0067542,8.324
30,Dept-09,2010-12-03,Electronics,Regular,SPLR-003,468189.93,18,26010.55,551823.48,57.1,2.667,211.037551,8.324
30,Dept-06,2010-03-19,Electronics,Regular,SPLR-007,445736.36,24,18572.35,520070.58,54.68,2.72,210.8733316,8.324
30,Dept-01,2010-03-26,Grocery,Regular,SPLR-010,442457.35,26,17017.59,508652.35,51.66,2.732,210.6766095,8.324
30,Dept-04,2010-02-04,Home Essentials,New,SPLR-007,457884.06,39,11740.62,537690.94,64.12,2.719,210.4798874,8.2
30,Dept-03,2010-09-04,Home Essentials,Regular,SPLR-006,454800.96,44,10336.39,522832.89,65.74,2.77,210.2831653,8.2
30,Dept-02,2010-04-16,Clothing,Regular,SPLR-009,471054.16,25,18842.17,541634.52,67.87,2.808,210.1495463,8.2
30,Dept-04,2010-04-23,Electronics,Regular,SPLR-009,462454.39,1,462454.39,517948.42,64.21,2.795,210.1000648,8.2
30,Dept-07,2010-04-30,Grocery,Premium,SPLR-008,456140.34,24,19005.85,515279.07,66.93,2.78,210.0505833,8.2
30,Dept-03,2010-07-05,Home Essentials,Regular,SPLR-006,457883.94,8,57235.49,524692.39,70.87,2.835,210.0011018,8.2
30,Dept-02,2010-05-14,Pharmacy,Premium,SPLR-009,461868.09,15,30791.21,518851.32,73.08,2.854,209.9984585,8.2
30,Dept-07,2010-05-21,Pharmacy,Regular,SPLR-007,455751.84,25,18230.07,532992.89,74.24,2.826,210.2768443,8.2
30,Dept-04,2010-05-28,Electronics,Regular,SPLR-003,462474.16,1,462474.16,539916.31,80.94,2.759,210.5552301,8.2
30,Dept-02,2010-04-06,Grocery,New,SPLR-001,458343.7,47,9751.99,523217.44,82.68,2.705,210.833616,8.2
30,Dept-01,2010-11-06,Pharmacy,Regular,SPLR-010,445530.16,12,37127.51,522222.12,83.51,2.668,211.1120018,8.2
30,Dept-08,2010-06-18,Home Essentials,Premium,SPLR-006,447727.52,47,9526.12,531326.7,86.18,2.637,211.1096543,8.2
30,Dept-03,2010-06-25,Grocery,Regular,SPLR-002,453210.24,34,13329.71,522685.02,87.01,2.653,210.9950134,8.2
30,Dept-03,2010-02-07,Electronics,Regular,SPLR-005,450337.47,25,18013.5,539014.65,82.29,2.669,210.8803726,8.099
30,Dept-06,2010-09-07,Clothing,Premium,SPLR-001,436293.4,5,87258.68,510353.18,81.67,2.642,210.7657317,8.099
30,Dept-07,2010-07-16,Grocery,Regular,SPLR-002,438068.71,37,11839.69,517629.46,85.61,2.623,210.7577954,8.099
30,Dept-10,2010-07-23,Clothing,Regular,SPLR-007,440491.33,36,12235.87,489835.67,87.17,2.608,210.8921319,8.099
30,Dept-05,2010-07-30,Clothing,Premium,SPLR-001,437893.76,16,27368.36,503072.65,83.59,2.64,211.0264684,8.099
30,Dept-08,2010-06-08,Clothing,Regular,SPLR-009,441407.06,20,22070.35,506268.79,90.3,2.627,211.1608049,8.099
30,Dept-07,2010-08-13,Home Essentials,Regular,SPLR-004,444160.07,23,19311.31,523951.5,89.65,2.692,211.2951413,8.099
30,Dept-04,2010-08-20,Pharmacy,Premium,SPLR-007,447139.8,11,40649.07,519427.53,89.58,2.664,211.2596586,8.099
30,Dept-01,2010-08-27,Home Essentials,Regular,SPLR-006,443810.78,40,11095.27,517724.73,86.2,2.619,211.2241759,8.099
30,Dept-02,2010-03-09,Pharmacy,Regular,SPLR-001,461548.98,11,41959.0,542440.79,82.57,2.577,211.1886931,8.099
30,Dept-09,2010-10-09,Clothing,New,SPLR-007,455162.92,14,32511.64,526264.01,79.3,2.565,211.1532104,8.099
30,Dept-08,2010-09-17,Electronics,Regular,SPLR-006,462058.19,31,14905.1,534695.18,83.03,2.582,211.1806415,8.099
30,Dept-05,2010-09-24,Clothing,New,SPLR-007,448392.17,36,12455.34,508090.14,80.79,2.624,211.2552578,8.099
30,Dept-03,2010-01-10,Pharmacy,New,SPLR-008,445475.3,42,10606.55,494311.76,70.28,2.603,211.3298742,8.163
30,Dept-06,2010-08-10,Grocery,Premium,SPLR-006,462080.47,22,21003.66,529404.36,65.76,2.633,211.4044906,8.163
30,Dept-04,2010-10-15,Electronics,Regular,SPLR-010,453943.89,20,22697.19,512201.78,68.61,2.72,211.4713286,8.163
30,Dept-03,2010-10-22,Home Essentials,Regular,SPLR-004,459631.74,31,14826.83,542215.62,70.72,2.725,211.5187208,8.163
30,Dept-10,2010-10-29,Grocery,Premium,SPLR-005,438334.39,29,15114.98,509781.46,67.51,2.716,211.5661131,8.163
30,Dept-05,2010-05-11,Pharmacy,New,SPLR-002,484661.87,28,17309.35,535773.8,58.71,2.689,211.6135053,8.163
30,Dept-06,2010-12-11,Electronics,Regular,SPLR-009,431266.64,5,86253.33,505447.64,60.95,2.728,211.6608975,8.163
30,Dept-03,2010-11-19,Clothing,Regular,SPLR-005,423707.69,27,15692.88,506265.98,51.71,2.771,211.5470304,8.163
30,Dept-01,2010-11-26,Electronics,Regular,SPLR-008,462732.36,42,11017.44,534167.6,62.96,2.735,211.4062867,8.163
30,Dept-08,2010-03-12,Grocery,Premium,SPLR-005,407112.22,12,33926.02,486375.08,50.43,2.708,211.265543,8.163
30,Dept-07,2010-10-12,Pharmacy,Regular,SPLR-003,428631.91,47,9119.83,510569.0,46.35,2.843,211.1247993,8.163
30,Dept-06,2010-12-17,Home Essentials,Regular,SPLR-006,445332.28,33,13494.92,533227.93,48.63,2.869,211.0645458,8.163
30,Dept-02,2010-12-24,Home Essentials,Regular,SPLR-008,519354.88,29,17908.79,599037.84,51.29,2.886,211.0646599,8.163
30,Dept-06,2010-12-31,Pharmacy,New,SPLR-007,397631.02,16,24851.94,445472.17,47.19,2.943,211.064774,8.163
30,Dept-03,2011-07-01,Grocery,Regular,SPLR-004,451077.21,6,75179.54,516043.19,44.24,2.976,211.0648881,8.028
30,Dept-01,2011-01-14,Clothing,New,SPLR-009,465408.72,7,66486.96,536234.67,34.14,2.983,211.1176713,8.028
30,Dept-02,2011-01-21,Electronics,Regular,SPLR-001,439132.62,33,13307.05,517380.89,42.72,3.016,211.4864691,8.028
30,Dept-10,2011-01-28,Electronics,Regular,SPLR-002,425989.04,19,22420.48,499321.18,44.04,3.01,211.8552668,8.028
30,Dept-09,2011-04-02,Grocery,Premium,SPLR-005,490970.95,40,12274.27,551072.78,36.33,2.989,212.2240646,8.028
30,Dept-08,2011-11-02,Electronics,Regular,SPLR-004,470921.24,49,9610.64,539481.39,34.61,3.022,212.5928624,8.028
30,Dept-05,2011-02-18,Clothing,Regular,SPLR-009,417070.51,41,10172.45,462926.88,59.87,3.045,212.9033115,8.028
30,Dept-10,2011-02-25,Electronics,Regular,SPLR-005,432687.97,12,36057.33,489762.41,61.27,3.065,213.190421,8.028
30,Dept-02,2011-04-03,Clothing,Regular,SPLR-010,443334.71,28,15833.38,493920.37,59.52,3.288,213.4775305,8.028
30,Dept-03,2011-11-03,Clothing,Regular,SPLR-003,438529.81,10,43852.98,497028.37,54.69,3.459,213.7646401,8.028
30,Dept-10,2011-03-18,Grocery,Premium,SPLR-010,425470.84,22,19339.58,481894.3,63.26,3.488,214.0156238,8.028
30,Dept-05,2011-03-25,Grocery,Premium,SPLR-010,431754.01,23,18771.91,485461.62,70.33,3.473,214.2521573,8.028
30,Dept-05,2011-01-04,Grocery,Regular,SPLR-010,437926.79,24,18246.95,515365.58,56.36,3.524,214.4886908,7.931
30,Dept-04,2011-08-04,Grocery,New,SPLR-004,443889.5,13,34145.35,517708.53,68.62,3.622,214.7252242,7.931
30,Dept-06,2011-04-15,Pharmacy,Premium,SPLR-007,426666.92,39,10940.18,485559.59,71.01,3.743,214.9420631,7.931
30,Dept-02,2011-04-22,Electronics,Regular,SPLR-005,445358.73,28,15905.67,510325.61,70.79,3.807,215.1096657,7.931
30,Dept-09,2011-04-29,Electronics,Regular,SPLR-008,423687.2,42,10087.79,479228.81,70.19,3.81,215.2772683,7.931
30,Dept-06,2011-06-05,Grocery,Regular,SPLR-007,438789.52,47,9335.95,507461.22,61.87,3.906,215.4448709,7.931
30,Dept-05,2011-05-13,Grocery,Regular,SPLR-008,424614.59,29,14641.88,492732.79,75.04,3.899,215.6124735,7.931
30,Dept-04,2011-05-20,Pharmacy,Regular,SPLR-007,435102.2,39,11156.47,484185.57,68.36,3.907,215.3834778,7.931
30,Dept-03,2011-05-27,Electronics,Premium,SPLR-006,429305.82,12,35775.48,487052.48,76.86,3.786,215.1544822,7.931
30,Dept-10,2011-03-06,Clothing,New,SPLR-002,432808.48,5,86561.7,479323.97,83.82,3.699,214.9254865,7.931
30,Dept-07,2011-10-06,Grocery,Regular,SPLR-005,424697.05,48,8847.86,502314.32,84.71,3.648,214.6964908,7.931
30,Dept-10,2011-06-17,Home Essentials,Premium,SPLR-004,435481.03,21,20737.19,516458.59,87.54,3.637,214.6513538,7.931
30,Dept-01,2011-06-24,Clothing,Regular,SPLR-002,422715.74,39,10838.87,499559.53,85.72,3.594,214.7441108,7.931
30,Dept-04,2011-01-07,Home Essentials,New,SPLR-003,428782.38,23,18642.71,513107.78,87.57,3.524,214.8368678,7.852
30,Dept-04,2011-08-07,Clothing,Regular,SPLR-006,419764.37,42,9994.39,468690.49,89.16,3.48,214.9296249,7.852
30,Dept-08,2011-07-15,Electronics,Regular,SPLR-006,420515.63,17,24736.21,483050.6,91.05,3.575,215.0134426,7.852
30,Dept-04,2011-07-22,Pharmacy,Regular,SPLR-004,423441.76,49,8641.67,507960.07,90.27,3.651,215.0749122,7.852
30,Dept-06,2011-07-29,Grocery,New,SPLR-010,414245.96,20,20712.3,477234.09,91.56,3.682,215.1363819,7.852
30,Dept-07,2011-05-08,Pharmacy,Regular,SPLR-003,431798.64,19,22726.24,492466.12,94.22,3.684,215.1978515,7.852
30,Dept-09,2011-12-08,Pharmacy,Regular,SPLR-005,412224.67,7,58889.24,480881.04,92.32,3.638,215.2593211,7.852
30,Dept-06,2011-08-19,Pharmacy,Regular,SPLR-003,414450.61,36,11512.52,466710.78,90.11,3.554,215.3229307,7.852
30,Dept-07,2011-08-26,Electronics,Regular,SPLR-003,387944.83,23,16867.17,430755.52,92.07,3.523,215.386897,7.852
30,Dept-02,2011-02-09,Home Essentials,Regular,SPLR-010,369722.32,16,23107.64,442143.21,91.94,3.533,215.4508632,7.852
30,Dept-06,2011-09-09,Home Essentials,Premium,SPLR-003,370897.82,23,16125.99,408766.94,78.87,3.546,215.5148295,7.852
30,Dept-02,2011-09-16,Pharmacy,Regular,SPLR-010,382914.66,3,127638.22,435636.67,80.62,3.526,215.6944378,7.852
30,Dept-10,2011-09-23,Clothing,Regular,SPLR-005,391837.56,25,15673.5,443325.27,75.68,3.467,216.0282356,7.852
30,Dept-07,2011-09-30,Clothing,New,SPLR-003,387001.13,27,14333.38,457539.63,78.91,3.355,216.3620333,7.852
30,Dept-06,2011-07-10,Grocery,New,SPLR-002,417528.26,45,9278.41,466984.69,71.64,3.285,216.6958311,7.441
30,Dept-10,2011-10-14,Electronics,Regular,SPLR-001,410711.99,47,8738.55,481012.7,69.79,3.274,217.0048261,7.441
30,Dept-09,2011-10-21,Electronics,Regular,SPLR-001,428958.53,11,38996.23,502626.86,65.16,3.353,217.1650042,7.441
30,Dept-07,2011-10-28,Grocery,Regular,SPLR-007,426151.88,8,53268.98,492637.44,65.46,3.372,217.3251824,7.441
30,Dept-02,2011-04-11,Clothing,Regular,SPLR-006,432359.04,26,16629.19,511356.67,56.01,3.332,217.4853605,7.441
30,Dept-09,2011-11-11,Grocery,Regular,SPLR-004,409686.63,30,13656.22,454103.92,59.8,3.297,217.6455387,7.441
30,Dept-10,2011-11-18,Grocery,New,SPLR-001,436462.63,45,9699.17,516981.13,61.9,3.308,217.8670218,7.441
30,Dept-10,2011-11-25,Home Essentials,Regular,SPLR-006,452163.93,33,13701.94,523932.43,56.43,3.236,218.1130269,7.441
30,Dept-05,2011-02-12,Electronics,Regular,SPLR-003,412385.75,23,17929.82,458504.81,48.72,3.172,218.3590319,7.441
30,Dept-10,2011-09-12,Pharmacy,Regular,SPLR-009,436741.02,30,14558.03,492119.99,41.44,3.158,218.605037,7.441
30,Dept-01,2011-12-16,Clothing,New,SPLR-008,441265.08,9,49029.45,512730.06,50.56,3.159,218.8217928,7.441
30,Dept-05,2011-12-23,Pharmacy,Regular,SPLR-010,492022.68,49,10041.28,575776.94,46.54,3.112,218.9995495,7.441
30,Dept-07,2011-12-30,Pharmacy,Regular,SPLR-006,376777.45,48,7849.53,447074.73,45.16,3.129,219.1773063,7.441
30,Dept-04,2012-06-01,Home Essentials,New,SPLR-010,457030.86,43,10628.62,547632.68,48.1,3.157,219.355063,7.057
30,Dept-02,2012-01-13,Clothing,Regular,SPLR-009,447023.91,27,16556.44,493331.95,45.0,3.261,219.5328198,7.057
30,Dept-07,2012-01-20,Pharmacy,New,SPLR-003,438760.62,15,29250.71,510851.22,52.21,3.268,219.6258417,7.057
30,Dept-06,2012-01-27,Electronics,New,SPLR-008,433037.66,22,19683.53,485029.97,50.79,3.29,219.7188636,7.057
30,Dept-10,2012-03-02,Grocery,Regular,SPLR-007,434080.74,42,10335.26,508821.66,55.83,3.36,219.8118854,7.057
30,Dept-10,2012-10-02,Clothing,New,SPLR-003,451365.99,8,56420.75,541430.35,46.52,3.409,219.9049073,7.057
30,Dept-04,2012-02-17,Pharmacy,Premium,SPLR-006,435109.11,40,10877.73,520220.2,45.03,3.51,220.0651993,7.057
30,Dept-10,2012-02-24,Pharmacy,Regular,SPLR-009,425215.71,39,10902.97,467847.97,54.81,3.555,220.275944,7.057
30,Dept-10,2012-02-03,Home Essentials,Regular,SPLR-008,438640.61,4,109660.15,483280.16,59.3,3.63,220.4866886,7.057
30,Dept-07,2012-09-03,Clothing,Regular,SPLR-005,446617.89,10,44661.79,528743.67,57.16,3.669,220.6974332,7.057
30,Dept-03,2012-03-16,Grocery,Premium,SPLR-009,413617.45,11,37601.59,460788.39,63.39,3.734,220.8498468,7.057
30,Dept-01,2012-03-23,Clothing,Regular,SPLR-008,430222.97,46,9352.67,513716.53,62.96,3.787,220.9244858,7.057
30,Dept-02,2012-03-30,Home Essentials,Regular,SPLR-005,449603.91,38,11831.68,497015.56,67.87,3.845,220.9991248,7.057
30,Dept-04,2012-06-04,Grocery,Regular,SPLR-004,461511.92,10,46151.19,552227.3,69.02,3.891,221.0737638,6.891
30,Dept-07,2012-04-13,Home Essentials,Premium,SPLR-004,428784.7,42,10209.16,487896.18,69.03,3.891,221.1484028,6.891
30,Dept-02,2012-04-20,Grocery,New,SPLR-001,462909.41,5,92581.88,529593.62,66.97,3.877,221.2021074,6.891
30,Dept-08,2012-04-27,Clothing,New,SPLR-006,433744.83,38,11414.34,508777.89,69.21,3.814,221.255812,6.891
30,Dept-06,2012-04-05,Pharmacy,Regular,SPLR-001,454477.54,48,9468.28,538291.98,77.53,3.749,221.3095166,6.891
30,Dept-02,2012-11-05,Electronics,Regular,SPLR-007,436070.45,26,16771.94,502440.46,74.14,3.688,221.3632212,6.891
30,Dept-08,2012-05-18,Pharmacy,Regular,SPLR-002,460945.14,13,35457.32,549610.45,72.42,3.63,221.380331,6.891
30,Dept-01,2012-05-25,Grocery,Premium,SPLR-007,449355.91,43,10450.14,513759.34,79.49,3.561,221.3828029,6.891
30,Dept-01,2012-01-06,Home Essentials,New,SPLR-001,427021.18,19,22474.8,508066.12,79.24,3.501,221.3852748,6.891
30,Dept-05,2012-08-06,Home Essentials,Regular,SPLR-001,437222.94,38,11505.87,498254.29,79.47,3.452,221.3877467,6.891
30,Dept-09,2012-06-15,Clothing,Regular,SPLR-006,438523.24,37,11851.98,489206.27,81.51,3.393,221.4009901,6.891
30,Dept-04,2012-06-22,Pharmacy,Regular,SPLR-006,428554.63,39,10988.58,502876.94,81.78,3.346,221.4411622,6.891
30,Dept-08,2012-06-29,Clothing,Regular,SPLR-004,423192.4,17,24893.67,487540.39,88.05,3.286,221.4813343,6.891
30,Dept-03,2012-06-07,Grocery,Regular,SPLR-003,440553.42,29,15191.5,489767.24,85.26,3.227,221.5215064,6.565
30,Dept-10,2012-07-13,Clothing,New,SPLR-002,417640.34,22,18983.65,484679.65,82.51,3.256,221.5616784,6.565
30,Dept-09,2012-07-20,Grocery,Premium,SPLR-002,427491.04,42,10178.36,475214.17,84.25,3.311,221.5701123,6.565
30,Dept-08,2012-07-27,Grocery,Regular,SPLR-006,424581.17,21,20218.15,479188.99,88.09,3.407,221.5785461,6.565
30,Dept-02,2012-03-08,Electronics,Regular,SPLR-002,425136.55,35,12146.76,494053.01,91.57,3.417,221.5869799,6.565
30,Dept-05,2012-10-08,Home Essentials,New,SPLR-001,430878.28,24,17953.26,500446.61,89.57,3.494,221.5954138,6.565
30,Dept-02,2012-08-17,Home Essentials,Premium,SPLR-004,423351.15,1,423351.15,469997.04,85.55,3.571,221.6751459,6.565
30,Dept-07,2012-08-24,Electronics,Regular,SPLR-010,425296.65,38,11192.02,476544.47,77.72,3.62,221.8083518,6.565
30,Dept-09,2012-08-31,Electronics,Regular,SPLR-005,439132.5,49,8961.89,507535.63,83.58,3.638,221.9415576,6.565
30,Dept-09,2012-07-09,Grocery,Premium,SPLR-008,433565.77,44,9853.77,493441.27,88.4,3.73,222.0747635,6.565
30,Dept-03,2012-09-14,Pharmacy,Regular,SPLR-001,437773.31,3,145924.44,515092.95,76.1,3.717,222.2174395,6.565
30,Dept-01,2012-09-21,Clothing,Regular,SPLR-003,443891.64,11,40353.79,496849.58,71.54,3.721,222.4169362,6.565
30,Dept-10,2012-09-28,Pharmacy,Regular,SPLR-001,425410.04,24,17725.42,491341.46,80.38,3.666,222.6164329,6.565
30,Dept-07,2012-05-10,Pharmacy,Regular,SPLR-010,446751.45,12,37229.29,511789.04,70.28,3.617,222.8159296,6.17
30,Dept-02,2012-12-10,Electronics,Regular,SPLR-004,434593.26,31,14019.14,497777.03,61.53,3.601,223.0154263,6.17
30,Dept-06,2012-10-19,Electronics,Regular,SPLR-009,437537.29,2,218768.64,495665.45,68.52,3.594,223.0598077,6.17
30,Dept-01,2012-10-26,Clothing,Regular,SPLR-003,439424.5,24,18309.35,510417.71,70.5,3.506,223.0783366,6.17
31,Dept-10,2010-05-02,Home Essentials,Premium,SPLR-003,1469252.05,25,58770.08,1737738.96,39.05,2.572,210.7526053,8.324
31,Dept-07,2010-12-02,Grocery,Regular,SPLR-009,1543947.23,11,140358.84,1822634.24,37.77,2.548,210.8979935,8.324
31,Dept-03,2010-02-19,Electronics,Regular,SPLR-010,1473386.75,30,49112.89,1724478.43,39.75,2.514,210.9451605,8.324
31,Dept-07,2010-02-26,Clothing,Regular,SPLR-005,1344354.41,46,29225.1,1559880.95,45.31,2.561,210.9759573,8.324
31,Dept-06,2010-05-03,Clothing,Regular,SPLR-005,1384870.51,33,41965.77,1620227.97,48.61,2.625,211.0067542,8.324
31,Dept-03,2010-12-03,Grocery,Regular,SPLR-003,1366193.35,24,56924.72,1575946.16,57.1,2.667,211.037551,8.324
31,Dept-05,2010-03-19,Clothing,Premium,SPLR-001,1332261.01,9,148029.0,1470556.72,54.68,2.72,210.8733316,8.324
31,Dept-10,2010-03-26,Electronics,Premium,SPLR-008,1229635.7,31,39665.67,1465899.96,51.66,2.732,210.6766095,8.324
31,Dept-01,2010-02-04,Clothing,Premium,SPLR-006,1357600.68,2,678800.34,1588740.23,64.12,2.719,210.4798874,8.2
31,Dept-05,2010-09-04,Electronics,Regular,SPLR-009,1395710.09,47,29695.96,1616471.27,65.74,2.77,210.2831653,8.2
31,Dept-01,2010-04-16,Grocery,New,SPLR-003,1367448.28,47,29094.64,1620860.88,67.87,2.808,210.1495463,8.2
31,Dept-08,2010-04-23,Home Essentials,New,SPLR-007,1280465.8,19,67392.94,1503191.18,64.21,2.795,210.1000648,8.2
31,Dept-05,2010-04-30,Electronics,Regular,SPLR-008,1243200.24,29,42868.97,1378087.33,66.93,2.78,210.0505833,8.2
31,Dept-06,2010-07-05,Clothing,Regular,SPLR-009,1381796.8,27,51177.66,1652662.47,70.87,2.835,210.0011018,8.2
31,Dept-02,2010-05-14,Home Essentials,Premium,SPLR-006,1287288.59,5,257457.72,1421325.54,73.08,2.854,209.9984585,8.2
31,Dept-04,2010-05-21,Grocery,Regular,SPLR-001,1337405.6,11,121582.33,1539658.1,74.24,2.826,210.2768443,8.2
31,Dept-03,2010-05-28,Clothing,Premium,SPLR-002,1309437.17,38,34458.87,1568522.52,80.94,2.759,210.5552301,8.2
31,Dept-06,2010-04-06,Home Essentials,Regular,SPLR-002,1427624.5,11,129784.05,1590883.57,82.68,2.705,210.833616,8.2
31,Dept-10,2010-11-06,Home Essentials,Regular,SPLR-009,1377092.33,2,688546.16,1588812.36,83.51,2.668,211.1120018,8.2
31,Dept-06,2010-06-18,Electronics,Premium,SPLR-004,1368090.08,33,41457.28,1597786.4,86.18,2.637,211.1096543,8.2
31,Dept-01,2010-06-25,Clothing,Premium,SPLR-004,1303523.73,14,93108.84,1557775.0,87.01,2.653,210.9950134,8.2
31,Dept-08,2010-02-07,Home Essentials,Regular,SPLR-009,1311704.92,14,93693.21,1516773.4,82.29,2.669,210.8803726,8.099
31,Dept-08,2010-09-07,Grocery,New,SPLR-008,1315118.4,34,38679.95,1547636.1,81.67,2.642,210.7657317,8.099
31,Dept-09,2010-07-16,Grocery,New,SPLR-010,1335433.72,37,36092.8,1532439.53,85.61,2.623,210.7577954,8.099
31,Dept-10,2010-07-23,Clothing,New,SPLR-006,1276031.84,47,27149.61,1512035.07,87.17,2.608,210.8921319,8.099
31,Dept-05,2010-07-30,Electronics,Premium,SPLR-004,1231993.14,12,102666.09,1386378.92,83.59,2.64,211.0264684,8.099
31,Dept-08,2010-06-08,Electronics,Regular,SPLR-004,1352401.08,31,43625.84,1517900.77,90.3,2.627,211.1608049,8.099
31,Dept-03,2010-08-13,Electronics,Regular,SPLR-010,1327719.34,42,31612.37,1474688.73,89.65,2.692,211.2951413,8.099
31,Dept-04,2010-08-20,Home Essentials,Regular,SPLR-004,1376571.21,2,688285.6,1536450.85,89.58,2.664,211.2596586,8.099
31,Dept-04,2010-08-27,Home Essentials,Regular,SPLR-006,1326621.98,18,73701.22,1580784.64,86.2,2.619,211.2241759,8.099
31,Dept-05,2010-03-09,Clothing,Regular,SPLR-001,1302047.48,14,93003.39,1555026.02,82.57,2.577,211.1886931,8.099
31,Dept-02,2010-10-09,Clothing,Premium,SPLR-005,1308179.02,28,46720.68,1469851.89,79.3,2.565,211.1532104,8.099
31,Dept-06,2010-09-17,Pharmacy,Regular,SPLR-001,1294105.01,28,46218.04,1441925.37,83.03,2.582,211.1806415,8.099
31,Dept-07,2010-09-24,Electronics,New,SPLR-004,1230250.25,16,76890.64,1471989.74,80.79,2.624,211.2552578,8.099
31,Dept-02,2010-01-10,Electronics,Regular,SPLR-001,1213981.64,32,37936.93,1388075.55,70.28,2.603,211.3298742,8.163
31,Dept-02,2010-08-10,Pharmacy,Premium,SPLR-008,1300131.68,30,43337.72,1438882.59,65.76,2.633,211.4044906,8.163
31,Dept-07,2010-10-15,Clothing,New,SPLR-001,1265852.43,14,90418.03,1465984.83,68.61,2.72,211.4713286,8.163
31,Dept-03,2010-10-22,Pharmacy,New,SPLR-004,1262289.29,27,46751.46,1404277.64,70.72,2.725,211.5187208,8.163
31,Dept-02,2010-10-29,Pharmacy,Premium,SPLR-001,1257921.28,15,83861.42,1503370.98,67.51,2.716,211.5661131,8.163
31,Dept-03,2010-05-11,Grocery,Regular,SPLR-008,1324455.72,49,27029.71,1478650.6,58.71,2.689,211.6135053,8.163
31,Dept-01,2010-12-11,Home Essentials,Regular,SPLR-008,1352780.76,8,169097.6,1595193.86,60.95,2.728,211.6608975,8.163
31,Dept-06,2010-11-19,Grocery,Regular,SPLR-007,1359158.57,20,67957.93,1593189.06,51.71,2.771,211.5470304,8.163
31,Dept-06,2010-11-26,Grocery,Regular,SPLR-008,1858856.06,16,116178.5,2175369.65,62.96,2.735,211.4062867,8.163
31,Dept-06,2010-03-12,Pharmacy,Regular,SPLR-010,1338716.37,37,36181.52,1507468.2,50.43,2.708,211.265543,8.163
31,Dept-02,2010-10-12,Home Essentials,Premium,SPLR-003,1475685.1,43,34318.26,1658957.87,46.35,2.843,211.1247993,8.163
31,Dept-04,2010-12-17,Pharmacy,New,SPLR-010,1714667.0,3,571555.67,2010195.69,48.63,2.869,211.0645458,8.163
31,Dept-09,2010-12-24,Grocery,Regular,SPLR-005,2068942.97,18,114941.28,2457854.91,51.29,2.886,211.0646599,8.163
31,Dept-04,2010-12-31,Electronics,New,SPLR-010,1198071.6,31,38647.47,1385210.35,47.19,2.943,211.064774,8.163
31,Dept-01,2011-07-01,Home Essentials,Regular,SPLR-010,1311986.87,38,34525.97,1487541.39,44.24,2.976,211.0648881,8.028
31,Dept-09,2011-01-14,Pharmacy,Regular,SPLR-003,1350730.31,48,28140.21,1526949.45,34.14,2.983,211.1176713,8.028
31,Dept-09,2011-01-21,Home Essentials,Regular,SPLR-010,1344167.13,7,192023.88,1609573.85,42.72,3.016,211.4864691,8.028
31,Dept-01,2011-01-28,Home Essentials,Premium,SPLR-010,1254955.68,16,78434.73,1388709.18,44.04,3.01,211.8552668,8.028
31,Dept-05,2011-04-02,Pharmacy,Premium,SPLR-002,1443206.46,44,32800.15,1718457.67,36.33,2.989,212.2240646,8.028
31,Dept-09,2011-11-02,Electronics,New,SPLR-004,1539230.32,15,102615.35,1694863.06,34.61,3.022,212.5928624,8.028
31,Dept-06,2011-02-18,Clothing,Regular,SPLR-005,1539063.91,38,40501.68,1836790.62,59.87,3.045,212.9033115,8.028
31,Dept-08,2011-02-25,Pharmacy,Regular,SPLR-009,1365678.22,36,37935.51,1580171.96,61.27,3.065,213.190421,8.028
31,Dept-03,2011-04-03,Home Essentials,Premium,SPLR-003,1412721.18,43,32853.98,1611132.2,59.52,3.288,213.4775305,8.028
31,Dept-06,2011-11-03,Home Essentials,Premium,SPLR-002,1405572.93,16,87848.31,1637097.93,54.69,3.459,213.7646401,8.028
31,Dept-03,2011-03-18,Grocery,Regular,SPLR-001,1425559.02,13,109658.39,1635276.06,63.26,3.488,214.0156238,8.028
31,Dept-05,2011-03-25,Pharmacy,Regular,SPLR-009,1357036.1,14,96931.15,1536253.11,70.33,3.473,214.2521573,8.028
31,Dept-07,2011-01-04,Electronics,Regular,SPLR-009,1344890.73,24,56037.11,1585538.26,56.36,3.524,214.4886908,7.931
31,Dept-01,2011-08-04,Grocery,Regular,SPLR-007,1416790.17,10,141679.02,1640408.95,68.62,3.622,214.7252242,7.931
31,Dept-02,2011-04-15,Grocery,Regular,SPLR-004,1408464.08,34,41425.41,1638231.81,71.01,3.743,214.9420631,7.931
31,Dept-02,2011-04-22,Pharmacy,Regular,SPLR-007,1461393.91,22,66427.0,1664130.51,70.79,3.807,215.1096657,7.931
31,Dept-01,2011-04-29,Pharmacy,Regular,SPLR-006,1331137.96,29,45901.31,1555705.63,70.19,3.81,215.2772683,7.931
31,Dept-04,2011-06-05,Grocery,New,SPLR-009,1388755.61,11,126250.51,1572113.32,61.87,3.906,215.4448709,7.931
31,Dept-02,2011-05-13,Home Essentials,Premium,SPLR-004,1408118.22,40,35202.96,1686406.94,75.04,3.899,215.6124735,7.931
31,Dept-05,2011-05-20,Electronics,Regular,SPLR-007,1387365.19,30,46245.51,1650131.29,68.36,3.907,215.3834778,7.931
31,Dept-03,2011-05-27,Home Essentials,Regular,SPLR-005,1342273.64,37,36277.67,1541658.11,76.86,3.786,215.1544822,7.931
31,Dept-06,2011-03-06,Clothing,New,SPLR-006,1430348.1,25,57213.92,1578935.55,83.82,3.699,214.9254865,7.931
31,Dept-10,2011-10-06,Electronics,Regular,SPLR-004,1425299.37,39,36546.14,1590885.91,84.71,3.648,214.6964908,7.931
31,Dept-09,2011-06-17,Electronics,New,SPLR-005,1491039.14,30,49701.3,1683576.94,87.54,3.637,214.6513538,7.931
31,Dept-06,2011-06-24,Electronics,Regular,SPLR-005,1375962.46,32,42998.83,1605710.68,85.72,3.594,214.7441108,7.931
31,Dept-06,2011-01-07,Grocery,New,SPLR-005,1371889.27,49,27997.74,1539201.7,87.57,3.524,214.8368678,7.852
31,Dept-02,2011-08-07,Home Essentials,New,SPLR-002,1423144.47,13,109472.65,1695564.47,89.16,3.48,214.9296249,7.852
31,Dept-03,2011-07-15,Pharmacy,New,SPLR-010,1415473.91,6,235912.32,1580557.93,91.05,3.575,215.0134426,7.852
31,Dept-07,2011-07-22,Pharmacy,Regular,SPLR-003,1401944.8,41,34193.78,1653190.11,90.27,3.651,215.0749122,7.852
31,Dept-05,2011-07-29,Clothing,Regular,SPLR-009,1308122.15,40,32703.05,1481832.98,91.56,3.682,215.1363819,7.852
31,Dept-07,2011-05-08,Electronics,Regular,SPLR-004,1428993.33,46,31065.07,1657939.95,94.22,3.684,215.1978515,7.852
31,Dept-10,2011-12-08,Home Essentials,New,SPLR-007,1443311.49,1,1443311.49,1670898.58,92.32,3.638,215.2593211,7.852
31,Dept-10,2011-08-19,Grocery,Regular,SPLR-010,1487542.53,6,247923.76,1642480.3,90.11,3.554,215.3229307,7.852
31,Dept-01,2011-08-26,Home Essentials,New,SPLR-007,1417267.07,45,31494.82,1669720.62,92.07,3.523,215.386897,7.852
31,Dept-06,2011-02-09,Grocery,Regular,SPLR-006,1385769.03,37,37453.22,1572733.74,91.94,3.533,215.4508632,7.852
31,Dept-09,2011-09-09,Grocery,Premium,SPLR-006,1376670.27,7,196667.18,1632996.38,78.87,3.546,215.5148295,7.852
31,Dept-01,2011-09-16,Pharmacy,Premium,SPLR-002,1363460.86,33,41317.0,1616875.88,80.62,3.526,215.6944378,7.852
31,Dept-06,2011-09-23,Clothing,Premium,SPLR-009,1347607.74,3,449202.58,1568994.25,75.68,3.467,216.0282356,7.852
31,Dept-02,2011-09-30,Pharmacy,New,SPLR-006,1285534.74,6,214255.79,1537567.48,78.91,3.355,216.3620333,7.852
31,Dept-01,2011-07-10,Clothing,Regular,SPLR-008,1427383.24,29,49220.11,1590105.19,71.64,3.285,216.6958311,7.441
31,Dept-03,2011-10-14,Electronics,Regular,SPLR-009,1378340.18,42,32817.62,1557203.65,69.79,3.274,217.0048261,7.441
31,Dept-02,2011-10-21,Grocery,Regular,SPLR-009,1409310.4,16,88081.9,1650292.67,65.16,3.353,217.1650042,7.441
31,Dept-01,2011-10-28,Clothing,Regular,SPLR-008,1346862.72,27,49883.8,1608732.18,65.46,3.372,217.3251824,7.441
31,Dept-01,2011-04-11,Electronics,Regular,SPLR-007,1426405.46,25,57056.22,1626830.08,56.01,3.332,217.4853605,7.441
31,Dept-10,2011-11-11,Home Essentials,Regular,SPLR-009,1444783.64,28,51599.42,1655550.52,59.8,3.297,217.6455387,7.441
31,Dept-10,2011-11-18,Clothing,Regular,SPLR-008,1445174.79,19,76061.83,1593584.02,61.9,3.308,217.8670218,7.441
31,Dept-04,2011-11-25,Electronics,Regular,SPLR-006,1934099.65,30,64469.99,2204366.67,56.43,3.236,218.1130269,7.441
31,Dept-01,2011-02-12,Home Essentials,Premium,SPLR-007,1388809.43,31,44800.3,1660667.77,48.72,3.172,218.3590319,7.441
31,Dept-05,2011-09-12,Pharmacy,Regular,SPLR-005,1556798.94,6,259466.49,1813996.01,41.44,3.158,218.605037,7.441
31,Dept-02,2011-12-16,Electronics,Regular,SPLR-004,1611196.61,48,33566.6,1870829.65,50.56,3.159,218.8217928,7.441
31,Dept-09,2011-12-23,Clothing,Regular,SPLR-008,2026176.14,36,56282.67,2262203.44,46.54,3.112,218.9995495,7.441
31,Dept-06,2011-12-30,Clothing,New,SPLR-010,1355405.95,8,169425.74,1524620.09,45.16,3.129,219.1773063,7.441
31,Dept-06,2012-06-01,Pharmacy,New,SPLR-007,1401232.52,11,127384.77,1586584.12,48.1,3.157,219.355063,7.057
31,Dept-06,2012-01-13,Pharmacy,Regular,SPLR-001,1377485.12,12,114790.43,1523318.54,45.0,3.261,219.5328198,7.057
31,Dept-10,2012-01-20,Clothing,New,SPLR-005,1372504.9,24,57187.7,1615239.46,52.21,3.268,219.6258417,7.057
31,Dept-07,2012-01-27,Home Essentials,Regular,SPLR-010,1259941.48,30,41998.05,1475678.83,50.79,3.29,219.7188636,7.057
31,Dept-06,2012-03-02,Electronics,Regular,SPLR-002,1391479.91,7,198782.84,1637990.07,55.83,3.36,219.8118854,7.057
31,Dept-02,2012-10-02,Grocery,New,SPLR-005,1527688.58,26,58757.25,1721263.16,46.52,3.409,219.9049073,7.057
31,Dept-06,2012-02-17,Home Essentials,Premium,SPLR-003,1570813.52,8,196351.69,1843521.67,45.03,3.51,220.0651993,7.057
31,Dept-09,2012-02-24,Pharmacy,Premium,SPLR-007,1392543.37,43,32384.73,1576150.53,54.81,3.555,220.275944,7.057
31,Dept-10,2012-02-03,Grocery,Premium,SPLR-007,1427881.22,12,118990.1,1627448.85,59.3,3.63,220.4866886,7.057
31,Dept-01,2012-09-03,Home Essentials,Premium,SPLR-004,1439034.86,43,33465.93,1631320.22,57.16,3.669,220.6974332,7.057
31,Dept-04,2012-03-16,Grocery,Premium,SPLR-006,1481728.13,35,42335.09,1706168.85,63.39,3.734,220.8498468,7.057
31,Dept-09,2012-03-23,Electronics,New,SPLR-007,1365824.97,32,42682.03,1578375.92,62.96,3.787,220.9244858,7.057
31,Dept-09,2012-03-30,Grocery,New,SPLR-004,1318854.22,32,41214.19,1474113.85,67.87,3.845,220.9991248,7.057
31,Dept-05,2012-06-04,Electronics,Regular,SPLR-006,1496169.81,11,136015.44,1775671.75,69.02,3.891,221.0737638,6.891
31,Dept-05,2012-04-13,Pharmacy,Regular,SPLR-006,1407842.91,6,234640.48,1649144.74,69.03,3.891,221.1484028,6.891
31,Dept-09,2012-04-20,Grocery,Regular,SPLR-008,1407036.59,19,74054.56,1631610.84,66.97,3.877,221.2021074,6.891
31,Dept-07,2012-04-27,Electronics,New,SPLR-001,1311352.25,20,65567.61,1545755.83,69.21,3.814,221.255812,6.891
31,Dept-01,2012-04-05,Electronics,Regular,SPLR-003,1391257.28,26,53509.9,1544268.0,77.53,3.749,221.3095166,6.891
31,Dept-10,2012-11-05,Clothing,Regular,SPLR-006,1392938.06,23,60562.52,1599553.05,74.14,3.688,221.3632212,6.891
31,Dept-04,2012-05-18,Home Essentials,New,SPLR-005,1441473.82,11,131043.07,1607623.95,72.42,3.63,221.380331,6.891
31,Dept-02,2012-05-25,Pharmacy,Regular,SPLR-003,1397094.26,47,29725.41,1665270.07,79.49,3.561,221.3828029,6.891
31,Dept-05,2012-01-06,Pharmacy,Regular,SPLR-001,1404516.29,18,78028.68,1628453.36,79.24,3.501,221.3852748,6.891
31,Dept-06,2012-08-06,Pharmacy,Regular,SPLR-003,1443285.79,41,35202.09,1611799.59,79.47,3.452,221.3877467,6.891
31,Dept-04,2012-06-15,Grocery,Regular,SPLR-002,1431003.43,2,715501.72,1627907.69,81.51,3.393,221.4009901,6.891
31,Dept-10,2012-06-22,Pharmacy,Regular,SPLR-008,1394065.76,5,278813.15,1590569.06,81.78,3.346,221.4411622,6.891
31,Dept-09,2012-06-29,Pharmacy,Regular,SPLR-005,1349202.25,39,34594.93,1557326.38,88.05,3.286,221.4813343,6.891
31,Dept-03,2012-06-07,Clothing,Regular,SPLR-009,1458059.42,30,48601.98,1667189.38,85.26,3.227,221.5215064,6.565
31,Dept-04,2012-07-13,Grocery,Regular,SPLR-006,1374301.34,40,34357.53,1623552.11,82.51,3.256,221.5616784,6.565
31,Dept-03,2012-07-20,Home Essentials,Regular,SPLR-002,1392395.2,48,29008.23,1541957.86,84.25,3.311,221.5701123,6.565
31,Dept-10,2012-07-27,Clothing,Regular,SPLR-007,1303732.36,45,28971.83,1473845.58,88.09,3.407,221.5785461,6.565
31,Dept-04,2012-03-08,Grocery,Regular,SPLR-007,1390174.63,40,34754.37,1557557.17,91.57,3.417,221.5869799,6.565
31,Dept-08,2012-10-08,Home Essentials,Regular,SPLR-005,1386472.59,38,36486.12,1558064.69,89.57,3.494,221.5954138,6.565
31,Dept-05,2012-08-17,Electronics,Regular,SPLR-001,1410181.7,13,108475.52,1649538.28,85.55,3.571,221.6751459,6.565
31,Dept-04,2012-08-24,Grocery,Regular,SPLR-010,1379783.21,32,43118.23,1541149.21,77.72,3.62,221.8083518,6.565
31,Dept-08,2012-08-31,Pharmacy,Premium,SPLR-006,1373651.49,43,31945.38,1539056.42,83.58,3.638,221.9415576,6.565
31,Dept-04,2012-07-09,Clothing,New,SPLR-001,1358111.62,25,54324.46,1546762.91,88.4,3.73,222.0747635,6.565
31,Dept-02,2012-09-14,Clothing,New,SPLR-007,1327705.44,15,88513.7,1519092.48,76.1,3.717,222.2174395,6.565
31,Dept-02,2012-09-21,Clothing,Regular,SPLR-008,1373064.87,11,124824.08,1608718.89,71.54,3.721,222.4169362,6.565
31,Dept-09,2012-09-28,Pharmacy,Regular,SPLR-004,1279080.58,46,27806.1,1512669.13,80.38,3.666,222.6164329,6.565
31,Dept-09,2012-05-10,Grocery,Premium,SPLR-002,1363365.05,33,41314.09,1538549.84,70.28,3.617,222.8159296,6.17
31,Dept-03,2012-12-10,Grocery,Regular,SPLR-010,1401113.42,16,87569.59,1680003.26,61.53,3.601,223.0154263,6.17
31,Dept-03,2012-10-19,Grocery,Regular,SPLR-009,1378730.45,13,106056.19,1620573.51,68.52,3.594,223.0598077,6.17
31,Dept-05,2012-10-26,Grocery,New,SPLR-006,1340232.55,35,38292.36,1486416.0,70.5,3.506,223.0783366,6.17
32,Dept-01,2010-05-02,Clothing,New,SPLR-007,1087616.19,17,63977.42,1284676.4,34.43,2.58,189.3816974,9.014
32,Dept-06,2010-12-02,Pharmacy,Regular,SPLR-001,1123566.12,39,28809.39,1289070.23,28.09,2.572,189.4642725,9.014
32,Dept-02,2010-02-19,Grocery,Premium,SPLR-008,1082559.06,39,27757.92,1238236.9,29.16,2.55,189.5340998,9.014
32,Dept-06,2010-02-26,Home Essentials,Premium,SPLR-009,1053247.1,9,117027.46,1169875.62,26.64,2.586,189.6018023,9.014
32,Dept-03,2010-05-03,Grocery,Regular,SPLR-002,1066566.74,27,39502.47,1252958.11,37.72,2.62,189.6695049,9.014
32,Dept-02,2010-12-03,Clothing,New,SPLR-005,1093319.37,21,52062.83,1295444.82,39.88,2.684,189.7372075,9.014
32,Dept-03,2010-03-19,Electronics,New,SPLR-001,1059781.78,46,23038.73,1264272.03,42.43,2.692,189.734262,9.014
32,Dept-09,2010-03-26,Grocery,New,SPLR-004,1076021.58,46,23391.77,1222066.91,36.59,2.717,189.7195417,9.014
32,Dept-10,2010-02-04,Home Essentials,Regular,SPLR-007,1131732.94,23,49205.78,1278491.0,48.28,2.725,189.7048215,8.963
32,Dept-01,2010-09-04,Electronics,Premium,SPLR-004,1095889.22,26,42149.59,1251516.39,44.88,2.75,189.6901012,8.963
32,Dept-09,2010-04-16,Pharmacy,Premium,SPLR-009,1082763.27,16,67672.7,1193533.92,53.49,2.765,189.6628845,8.963
32,Dept-04,2010-04-23,Grocery,Regular,SPLR-006,1072474.8,11,97497.71,1199686.92,50.06,2.776,189.6190057,8.963
32,Dept-10,2010-04-30,Clothing,Regular,SPLR-003,1066792.63,10,106679.26,1220781.62,47.51,2.766,189.575127,8.963
32,Dept-06,2010-07-05,Home Essentials,Regular,SPLR-001,1133657.58,41,27650.18,1304768.16,48.94,2.771,189.5312483,8.963
32,Dept-09,2010-05-14,Clothing,Regular,SPLR-002,1079314.52,5,215862.9,1290503.98,46.42,2.788,189.4904116,8.963
32,Dept-02,2010-05-21,Grocery,Premium,SPLR-009,1143819.35,5,228763.87,1264723.35,55.89,2.776,189.467827,8.963
32,Dept-04,2010-05-28,Home Essentials,Premium,SPLR-006,1205662.85,24,50235.95,1424177.23,64.69,2.737,189.4452425,8.963
32,Dept-10,2010-04-06,Home Essentials,New,SPLR-004,1149234.96,19,60486.05,1310570.38,66.69,2.7,189.422658,8.963
32,Dept-05,2010-11-06,Clothing,Regular,SPLR-001,1192074.09,11,108370.37,1409896.19,70.86,2.684,189.4000734,8.963
32,Dept-02,2010-06-18,Home Essentials,Regular,SPLR-001,1150191.72,42,27385.52,1345505.83,60.94,2.674,189.4185259,8.963
32,Dept-07,2010-06-25,Grocery,Regular,SPLR-002,1124763.74,10,112476.37,1270427.12,72.42,2.715,189.4533931,8.963
32,Dept-01,2010-02-07,Home Essentials,New,SPLR-008,1187988.64,33,35999.66,1349025.8,74.74,2.728,189.4882603,9.017
32,Dept-04,2010-09-07,Clothing,Regular,SPLR-010,1077253.67,17,63367.86,1205227.9,67.55,2.711,189.5231276,9.017
32,Dept-07,2010-07-16,Grocery,Premium,SPLR-002,1120172.24,29,38626.63,1293058.86,76.2,2.699,189.6125456,9.017
32,Dept-04,2010-07-23,Home Essentials,Premium,SPLR-006,1109574.11,40,27739.35,1307979.48,75.69,2.691,189.774698,9.017
32,Dept-06,2010-07-30,Home Essentials,Regular,SPLR-005,1065350.56,12,88779.21,1204082.95,75.62,2.69,189.9368504,9.017
32,Dept-02,2010-06-08,Home Essentials,Regular,SPLR-005,1144552.09,41,27915.9,1263702.04,72.95,2.69,190.0990028,9.017
32,Dept-02,2010-08-13,Home Essentials,Regular,SPLR-006,1157975.68,45,25732.79,1313217.74,74.97,2.723,190.2611552,9.017
32,Dept-05,2010-08-20,Clothing,Premium,SPLR-001,1189887.86,26,45764.92,1363716.27,71.46,2.732,190.2948237,9.017
32,Dept-10,2010-08-27,Pharmacy,Regular,SPLR-006,1140501.03,38,30013.18,1361722.94,74.95,2.731,190.3284922,9.017
32,Dept-09,2010-03-09,Home Essentials,Regular,SPLR-004,1095932.51,29,37790.78,1261022.91,70.2,2.773,190.3621607,9.017
32,Dept-10,2010-10-09,Clothing,Regular,SPLR-009,1028635.39,4,257158.85,1173388.26,68.44,2.78,190.3958293,9.017
32,Dept-08,2010-09-17,Grocery,New,SPLR-004,1043962.36,32,32623.82,1169002.37,67.17,2.8,190.4688287,9.017
32,Dept-07,2010-09-24,Electronics,Regular,SPLR-003,1067432.1,27,39534.52,1273577.56,64.19,2.793,190.5713264,9.017
32,Dept-03,2010-01-10,Home Essentials,Regular,SPLR-005,1061089.56,8,132636.2,1182493.83,66.14,2.759,190.6738241,9.137
32,Dept-01,2010-08-10,Electronics,Regular,SPLR-009,1085483.44,30,36182.78,1201906.51,61.81,2.745,190.7763218,9.137
32,Dept-02,2010-10-15,Pharmacy,Regular,SPLR-005,1096692.88,25,43867.72,1278152.95,52.96,2.762,190.8623087,9.137
32,Dept-01,2010-10-22,Home Essentials,Regular,SPLR-003,1102185.0,41,26882.56,1278511.37,52.3,2.762,190.9070184,9.137
32,Dept-01,2010-10-29,Electronics,New,SPLR-001,1115138.51,46,24242.14,1304474.16,45.45,2.748,190.951728,9.137
32,Dept-04,2010-05-11,Home Essentials,Premium,SPLR-004,1063056.21,11,96641.47,1207268.23,49.2,2.729,190.9964377,9.137
32,Dept-05,2010-12-11,Pharmacy,Premium,SPLR-009,1141019.11,20,57050.96,1290327.58,42.3,2.737,191.0411474,9.137
32,Dept-04,2010-11-19,Clothing,Regular,SPLR-008,1150729.89,10,115072.99,1340254.83,36.24,2.758,191.0312172,9.137
32,Dept-01,2010-11-26,Clothing,Regular,SPLR-008,1634635.86,24,68109.83,1932250.31,29.97,2.742,191.0121805,9.137
32,Dept-09,2010-03-12,Home Essentials,Regular,SPLR-007,1200892.56,33,36390.68,1324390.24,35.18,2.712,190.9931437,9.137
32,Dept-03,2010-10-12,Pharmacy,Regular,SPLR-004,1377322.73,38,36245.34,1585971.13,36.62,2.728,190.9741069,9.137
32,Dept-02,2010-12-17,Grocery,New,SPLR-009,1557776.1,32,48680.5,1769362.74,36.07,2.778,191.0303376,9.137
32,Dept-03,2010-12-24,Home Essentials,Regular,SPLR-002,1949183.14,30,64972.77,2206405.84,30.72,2.781,191.1430189,9.137
32,Dept-07,2010-12-31,Clothing,Premium,SPLR-004,955463.84,9,106162.65,1072628.57,27.7,2.829,191.2557002,9.137
32,Dept-07,2011-07-01,Pharmacy,Regular,SPLR-003,1046416.17,43,24335.26,1176013.68,23.78,2.882,191.3683815,8.818
32,Dept-04,2011-01-14,Pharmacy,Regular,SPLR-001,1028206.51,31,33167.95,1174682.31,21.69,2.911,191.4784939,8.818
32,Dept-06,2011-01-21,Home Essentials,New,SPLR-003,1078348.91,44,24507.93,1238272.95,34.54,2.973,191.5731924,8.818
32,Dept-06,2011-01-28,Home Essentials,Regular,SPLR-008,1006814.85,46,21887.28,1185104.13,34.86,3.008,191.667891,8.818
32,Dept-08,2011-04-02,Electronics,Regular,SPLR-003,1070457.8,25,42818.31,1200546.53,15.47,3.011,191.7625895,8.818
32,Dept-06,2011-11-02,Grocery,Regular,SPLR-008,1124357.2,48,23424.11,1306910.21,18.51,3.037,191.8572881,8.818
32,Dept-02,2011-02-18,Clothing,Premium,SPLR-008,1183528.58,24,49313.69,1408968.07,42.09,3.051,191.9178331,8.818
32,Dept-02,2011-02-25,Clothing,Regular,SPLR-001,1054754.67,7,150679.24,1223412.62,33.0,3.101,191.9647167,8.818
32,Dept-08,2011-04-03,Grocery,New,SPLR-009,1106847.62,46,24061.9,1237778.03,39.17,3.232,192.0116004,8.818
32,Dept-02,2011-11-03,Electronics,New,SPLR-003,1101458.21,34,32395.83,1275728.22,36.51,3.372,192.058484,8.818
32,Dept-02,2011-03-18,Grocery,Regular,SPLR-010,1100765.5,34,32375.46,1236490.62,45.25,3.406,192.1237981,8.818
32,Dept-06,2011-03-25,Pharmacy,Regular,SPLR-006,1068719.22,4,267179.8,1225867.84,46.7,3.414,192.1964844,8.818
32,Dept-04,2011-01-04,Clothing,New,SPLR-009,1051121.02,44,23889.11,1250276.76,44.83,3.461,192.2691707,8.595
32,Dept-07,2011-08-04,Clothing,Regular,SPLR-009,1102975.59,31,35579.86,1290757.05,48.81,3.532,192.3418571,8.595
32,Dept-02,2011-04-15,Electronics,Regular,SPLR-008,1120508.14,9,124500.9,1342021.57,45.97,3.611,192.4225954,8.595
32,Dept-09,2011-04-22,Clothing,Regular,SPLR-003,1210602.91,24,50441.79,1383218.23,48.69,3.636,192.5234638,8.595
32,Dept-03,2011-04-29,Clothing,Regular,SPLR-010,1107494.55,24,46145.61,1266344.87,44.86,3.663,192.6243322,8.595
32,Dept-07,2011-06-05,Pharmacy,Premium,SPLR-007,1181793.55,10,118179.36,1321936.43,46.65,3.735,192.7252006,8.595
32,Dept-09,2011-05-13,Grocery,Premium,SPLR-009,1138162.76,41,27760.07,1347655.63,56.09,3.767,192.826069,8.595
32,Dept-07,2011-05-20,Pharmacy,Premium,SPLR-002,1145084.76,7,163583.54,1334604.76,45.71,3.828,192.831317,8.595
32,Dept-01,2011-05-27,Pharmacy,New,SPLR-001,1175447.49,9,130605.28,1393536.13,55.13,3.795,192.8365651,8.595
32,Dept-09,2011-03-06,Pharmacy,Regular,SPLR-006,1167757.0,27,43250.26,1385180.29,61.25,3.763,192.8418131,8.595
32,Dept-05,2011-10-06,Grocery,Premium,SPLR-009,1239741.34,5,247948.27,1368783.08,65.49,3.735,192.8470612,8.595
32,Dept-05,2011-06-17,Pharmacy,Premium,SPLR-009,1192031.38,21,56763.4,1410952.68,67.38,3.697,192.9034759,8.595
32,Dept-02,2011-06-24,Home Essentials,Regular,SPLR-001,1163869.52,9,129318.84,1374479.77,65.06,3.661,192.9982655,8.595
32,Dept-02,2011-01-07,Pharmacy,Premium,SPLR-005,1199845.29,22,54538.42,1368527.59,72.86,3.597,193.0930552,8.622
32,Dept-03,2011-08-07,Clothing,New,SPLR-005,1110244.52,18,61680.25,1257604.43,72.56,3.54,193.1878448,8.622
32,Dept-06,2011-07-15,Home Essentials,Regular,SPLR-009,1144254.26,34,33654.54,1328162.58,70.55,3.532,193.3125484,8.622
32,Dept-07,2011-07-22,Electronics,New,SPLR-007,1185674.48,5,237134.9,1402326.57,76.0,3.545,193.5120367,8.622
32,Dept-07,2011-07-29,Pharmacy,Regular,SPLR-004,1169988.62,7,167141.23,1343885.85,75.91,3.547,193.711525,8.622
32,Dept-03,2011-05-08,Clothing,Regular,SPLR-005,1201694.14,5,240338.83,1391815.13,74.83,3.554,193.9110133,8.622
32,Dept-06,2011-12-08,Home Essentials,Regular,SPLR-001,1206795.74,34,35493.99,1422836.25,74.2,3.542,194.1105017,8.622
32,Dept-07,2011-08-19,Electronics,New,SPLR-005,1221318.17,33,37009.64,1356063.57,73.72,3.499,194.2500634,8.622
32,Dept-01,2011-08-26,Grocery,Regular,SPLR-006,1183740.91,23,51467.0,1390244.67,75.64,3.485,194.3796374,8.622
32,Dept-10,2011-02-09,Clothing,Premium,SPLR-008,1152117.5,33,34912.65,1314195.84,74.6,3.511,194.5092113,8.622
32,Dept-01,2011-09-09,Grocery,Premium,SPLR-005,1128237.3,8,141029.66,1301077.2,61.24,3.566,194.6387853,8.622
32,Dept-05,2011-09-16,Home Essentials,Regular,SPLR-005,1142499.25,42,27202.36,1328882.23,60.88,3.596,194.7419707,8.622
32,Dept-06,2011-09-23,Home Essentials,Regular,SPLR-009,1116140.29,3,372046.76,1287812.05,58.66,3.581,194.8099713,8.622
32,Dept-05,2011-09-30,Home Essentials,Regular,SPLR-004,1088943.98,6,181490.66,1270986.7,65.04,3.538,194.8779718,8.622
32,Dept-03,2011-07-10,Grocery,New,SPLR-010,1149448.02,37,31066.16,1307861.1,62.62,3.498,194.9459724,8.513
32,Dept-07,2011-10-14,Grocery,Premium,SPLR-009,1175420.26,28,41979.3,1328437.63,50.15,3.491,195.0261012,8.513
32,Dept-08,2011-10-21,Electronics,Premium,SPLR-002,1151258.74,9,127917.64,1302292.4,48.87,3.548,195.1789994,8.513
32,Dept-01,2011-10-28,Electronics,Premium,SPLR-007,1185391.96,47,25221.11,1411700.35,42.76,3.55,195.3318977,8.513
32,Dept-05,2011-04-11,Grocery,Regular,SPLR-008,1204628.28,49,24584.25,1380279.66,37.95,3.527,195.4847959,8.513
32,Dept-09,2011-11-11,Home Essentials,Regular,SPLR-002,1182733.0,15,78848.87,1355050.01,38.1,3.505,195.6376941,8.513
32,Dept-03,2011-11-18,Clothing,Regular,SPLR-005,1181651.55,4,295412.89,1318001.33,42.61,3.479,195.7184713,8.513
32,Dept-04,2011-11-25,Clothing,New,SPLR-005,1684468.66,35,48127.68,1955957.64,40.22,3.424,195.7704,8.513
32,Dept-09,2011-02-12,Pharmacy,Regular,SPLR-003,1179773.88,16,73735.87,1412508.29,33.8,3.378,195.8223287,8.513
32,Dept-02,2011-09-12,Pharmacy,New,SPLR-010,1415746.91,18,78652.61,1558049.04,17.94,3.331,195.8742575,8.513
32,Dept-05,2011-12-16,Grocery,Regular,SPLR-010,1556017.91,40,38900.45,1723588.74,26.23,3.266,195.9841685,8.513
32,Dept-09,2011-12-23,Clothing,Premium,SPLR-003,1959526.96,26,75366.42,2174627.88,25.97,3.173,196.1713893,8.513
32,Dept-06,2011-12-30,Pharmacy,Premium,SPLR-002,1102367.65,6,183727.94,1305210.24,32.99,3.119,196.3586101,8.513
32,Dept-08,2012-06-01,Pharmacy,Regular,SPLR-002,1099937.25,5,219987.45,1316378.04,36.75,3.095,196.5458309,8.256
32,Dept-09,2012-01-13,Grocery,Regular,SPLR-008,1071598.36,49,21869.35,1247299.05,28.99,3.077,196.7330517,8.256
32,Dept-09,2012-01-20,Electronics,New,SPLR-001,1080012.04,37,29189.51,1283956.15,36.86,3.055,196.7796652,8.256
32,Dept-10,2012-01-27,Clothing,Premium,SPLR-008,1051864.6,13,80912.66,1166999.81,36.67,3.038,196.8262786,8.256
32,Dept-06,2012-03-02,Grocery,New,SPLR-004,1156826.31,24,48201.1,1367757.5,35.89,3.031,196.8728921,8.256
32,Dept-01,2012-10-02,Home Essentials,Regular,SPLR-004,1129422.86,6,188237.14,1338820.46,23.34,3.103,196.9195056,8.256
32,Dept-07,2012-02-17,Grocery,New,SPLR-007,1243812.59,44,28268.47,1378637.21,24.26,3.113,196.9432711,8.256
32,Dept-01,2012-02-24,Pharmacy,Regular,SPLR-008,1091822.72,43,25391.23,1252995.21,33.41,3.129,196.9499007,8.256
32,Dept-01,2012-02-03,Grocery,New,SPLR-007,1153332.89,41,28130.07,1324905.82,33.4,3.191,196.9565303,8.256
32,Dept-01,2012-09-03,Pharmacy,Premium,SPLR-001,1124537.97,27,41649.55,1262990.8,39.9,3.286,196.9631599,8.256
32,Dept-07,2012-03-16,Electronics,Regular,SPLR-007,1138101.18,26,43773.12,1261314.39,51.51,3.486,197.0457208,8.256
32,Dept-05,2012-03-23,Grocery,Regular,SPLR-005,1146632.46,7,163804.64,1353994.72,47.64,3.664,197.2295234,8.256
32,Dept-08,2012-03-30,Clothing,Regular,SPLR-006,1108686.87,39,28427.87,1281975.55,56.09,3.75,197.4133259,8.256
32,Dept-05,2012-06-04,Electronics,New,SPLR-003,1270577.01,3,423525.67,1409402.69,51.49,3.854,197.5971285,8.09
32,Dept-06,2012-04-13,Pharmacy,Regular,SPLR-001,1171834.47,13,90141.11,1370974.25,52.1,3.901,197.780931,8.09
32,Dept-09,2012-04-20,Home Essentials,Regular,SPLR-001,1121405.91,37,30308.27,1339116.43,49.15,3.936,197.7227385,8.09
32,Dept-04,2012-04-27,Home Essentials,New,SPLR-006,1126962.44,34,33145.95,1323278.6,61.76,3.927,197.664546,8.09
32,Dept-05,2012-04-05,Pharmacy,Premium,SPLR-001,1187384.53,42,28271.06,1349948.97,58.29,3.903,197.6063534,8.09
32,Dept-08,2012-11-05,Electronics,Premium,SPLR-002,1187051.07,47,25256.41,1367206.33,55.4,3.87,197.5481609,8.09
32,Dept-08,2012-05-18,Grocery,Regular,SPLR-007,1177539.71,22,53524.53,1382726.45,57.46,3.837,197.5553137,8.09
32,Dept-03,2012-05-25,Pharmacy,Premium,SPLR-005,1232784.22,21,58704.01,1406017.84,59.74,3.804,197.5886046,8.09
32,Dept-10,2012-01-06,Grocery,Regular,SPLR-001,1157557.79,40,28938.94,1303186.61,62.84,3.764,197.6218954,8.09
32,Dept-03,2012-08-06,Electronics,New,SPLR-002,1246322.44,33,37767.35,1413277.7,71.14,3.741,197.6551863,8.09
32,Dept-01,2012-06-15,Electronics,Regular,SPLR-010,1234759.54,39,31660.5,1473172.85,70.91,3.723,197.692292,8.09
32,Dept-10,2012-06-22,Home Essentials,Regular,SPLR-007,1196880.11,1,1196880.11,1352411.86,74.85,3.735,197.7389345,8.09
32,Dept-10,2012-06-29,Electronics,New,SPLR-009,1178211.81,9,130912.42,1314789.38,81.95,3.693,197.785577,8.09
32,Dept-02,2012-06-07,Home Essentials,New,SPLR-010,1214183.97,42,28909.14,1410259.24,78.68,3.646,197.8322195,7.872
32,Dept-08,2012-07-13,Home Essentials,Regular,SPLR-001,1141184.66,35,32605.28,1324305.77,71.57,3.613,197.8788621,7.872
32,Dept-06,2012-07-20,Pharmacy,Regular,SPLR-010,1167829.33,27,43252.94,1371926.27,77.76,3.585,197.9290378,7.872
32,Dept-04,2012-07-27,Clothing,Regular,SPLR-003,1144901.52,38,30128.99,1308845.18,77.56,3.57,197.9792136,7.872
32,Dept-01,2012-03-08,Clothing,Regular,SPLR-004,1183571.35,49,24154.52,1353416.08,75.09,3.528,198.0293893,7.872
32,Dept-06,2012-10-08,Pharmacy,Premium,SPLR-007,1227469.2,49,25050.39,1430220.25,75.93,3.509,198.0795651,7.872
32,Dept-09,2012-08-17,Clothing,Regular,SPLR-006,1261306.37,29,43493.32,1473861.83,70.75,3.545,198.1001057,7.872
32,Dept-08,2012-08-24,Pharmacy,Regular,SPLR-006,1272809.11,9,141423.23,1496330.87,70.12,3.558,198.0984199,7.872
32,Dept-01,2012-08-31,Pharmacy,Regular,SPLR-010,1183979.27,3,394659.76,1307824.76,76.12,3.556,198.0967341,7.872
32,Dept-08,2012-07-09,Pharmacy,Regular,SPLR-009,1126685.95,21,53651.71,1252614.16,72.56,3.596,198.0950484,7.872
32,Dept-04,2012-09-14,Clothing,Regular,SPLR-006,1156377.47,41,28204.33,1293990.48,64.05,3.659,198.1267184,7.872
32,Dept-05,2012-09-21,Home Essentials,Regular,SPLR-010,1159119.6,12,96593.3,1309465.95,63.49,3.765,198.358523,7.872
32,Dept-08,2012-09-28,Grocery,Regular,SPLR-003,1157111.15,39,29669.52,1345766.07,60.62,3.789,198.5903276,7.872
32,Dept-04,2012-05-10,Clothing,Regular,SPLR-007,1202775.24,5,240555.05,1410217.71,55.34,3.779,198.8221322,7.557
32,Dept-05,2012-12-10,Home Essentials,New,SPLR-010,1176681.31,35,33619.47,1379533.84,43.49,3.76,199.0539368,7.557
32,Dept-09,2012-10-19,Electronics,New,SPLR-009,1199292.06,27,44418.22,1414240.67,53.57,3.75,199.1481963,7.557
32,Dept-02,2012-10-26,Pharmacy,Premium,SPLR-001,1219979.29,41,29755.59,1367413.25,47.22,3.686,199.2195317,7.557
33,Dept-01,2010-05-02,Grocery,New,SPLR-008,274593.43,12,22882.79,315949.17,58.4,2.962,126.4420645,10.115
33,Dept-07,2010-12-02,Home Essentials,Regular,SPLR-007,294882.83,1,294882.83,344110.18,55.47,2.828,126.4962581,10.115
33,Dept-07,2010-02-19,Clothing,Regular,SPLR-010,296850.83,39,7611.56,328956.59,62.16,2.915,126.5262857,10.115
33,Dept-01,2010-02-26,Electronics,Premium,SPLR-005,284052.77,3,94684.26,337338.74,56.5,2.825,126.5522857,10.115
33,Dept-07,2010-05-03,Grocery,Regular,SPLR-009,291484.89,5,58296.98,343021.43,59.17,2.877,126.5782857,10.115
33,Dept-04,2010-12-03,Pharmacy,Regular,SPLR-005,312161.0,39,8004.13,345593.25,55.61,3.034,126.6042857,10.115
33,Dept-06,2010-03-19,Home Essentials,New,SPLR-004,282235.73,15,18815.72,316283.75,64.6,3.054,126.6066452,10.115
33,Dept-04,2010-03-26,Clothing,Regular,SPLR-004,262893.76,16,16430.86,305251.59,64.09,2.98,126.6050645,10.115
33,Dept-05,2010-02-04,Pharmacy,Regular,SPLR-005,274634.52,30,9154.48,312404.94,66.79,3.086,126.6034839,9.849
33,Dept-06,2010-09-04,Home Essentials,Regular,SPLR-010,325201.05,46,7069.59,382449.15,68.43,3.004,126.6019032,9.849
33,Dept-03,2010-04-16,Clothing,Regular,SPLR-009,307779.64,34,9052.34,340009.3,72.44,3.109,126.5621,9.849
33,Dept-08,2010-04-23,Grocery,Regular,SPLR-003,263263.02,3,87754.34,299889.16,71.59,3.05,126.4713333,9.849
33,Dept-01,2010-04-30,Electronics,New,SPLR-001,275883.23,9,30653.69,327298.77,73.29,3.105,126.3805667,9.849
33,Dept-03,2010-07-05,Home Essentials,New,SPLR-002,326870.13,41,7972.44,361139.29,75.4,3.127,126.2898,9.849
33,Dept-01,2010-05-14,Home Essentials,Regular,SPLR-009,331173.51,30,11039.12,391993.94,76.8,3.145,126.2085484,9.849
33,Dept-04,2010-05-21,Electronics,Regular,SPLR-004,294264.2,46,6397.05,340432.91,82.8,3.12,126.1843871,9.849
33,Dept-08,2010-05-28,Clothing,Premium,SPLR-007,279246.33,39,7160.16,320413.09,78.47,3.058,126.1602258,9.849
33,Dept-05,2010-04-06,Grocery,Regular,SPLR-004,285100.0,47,6065.96,329314.97,86.06,2.941,126.1360645,9.849
33,Dept-08,2010-11-06,Clothing,Regular,SPLR-004,310800.79,27,11511.14,343174.3,93.52,3.057,126.1119032,9.849
33,Dept-02,2010-06-18,Pharmacy,Regular,SPLR-009,272399.08,18,15133.28,303647.06,87.69,2.935,126.114,9.849
33,Dept-10,2010-06-25,Clothing,Regular,SPLR-010,259419.91,34,7630.0,295030.19,93.66,3.084,126.1266,9.849
33,Dept-05,2010-02-07,Electronics,Premium,SPLR-001,267495.76,41,6524.29,300003.08,97.66,2.978,126.1392,9.495
33,Dept-08,2010-09-07,Grocery,New,SPLR-005,302423.93,39,7754.46,346637.64,95.88,3.1,126.1518,9.495
33,Dept-06,2010-07-16,Pharmacy,Regular,SPLR-003,280937.84,44,6384.95,317928.79,100.14,2.971,126.1498065,9.495
33,Dept-09,2010-07-23,Grocery,New,SPLR-004,252734.31,36,7020.4,281277.67,97.04,3.112,126.1283548,9.495
33,Dept-04,2010-07-30,Grocery,Premium,SPLR-004,242047.03,25,9681.88,267659.6,92.71,3.017,126.1069032,9.495
33,Dept-09,2010-06-08,Electronics,Regular,SPLR-010,262789.95,33,7963.33,298300.77,92.51,3.123,126.0854516,9.495
33,Dept-01,2010-08-13,Home Essentials,Premium,SPLR-010,265367.51,48,5528.49,312276.91,95.57,3.049,126.064,9.495
33,Dept-07,2010-08-20,Clothing,Premium,SPLR-009,230519.49,40,5762.99,267775.35,96.46,3.041,126.0766452,9.495
33,Dept-08,2010-08-27,Clothing,Regular,SPLR-001,224031.19,39,5744.39,248497.8,94.0,3.022,126.0892903,9.495
33,Dept-03,2010-03-09,Pharmacy,Regular,SPLR-001,237405.82,12,19783.82,276715.2,90.82,3.087,126.1019355,9.495
33,Dept-04,2010-10-09,Electronics,Regular,SPLR-009,272834.88,16,17052.18,319415.83,91.77,2.961,126.1145806,9.495
33,Dept-02,2010-09-17,Home Essentials,Regular,SPLR-004,246277.18,14,17591.23,272933.37,89.43,3.028,126.1454667,9.495
33,Dept-10,2010-09-24,Electronics,Regular,SPLR-006,231976.84,24,9665.7,256909.84,91.18,2.939,126.1900333,9.495
33,Dept-09,2010-01-10,Home Essentials,Regular,SPLR-008,224294.39,49,4577.44,250129.59,91.45,3.001,126.2346,9.265
33,Dept-04,2010-08-10,Grocery,New,SPLR-009,266484.19,42,6344.86,316808.39,79.02,2.924,126.2791667,9.265
33,Dept-04,2010-10-15,Pharmacy,Premium,SPLR-007,251732.92,5,50346.58,294506.07,80.49,3.08,126.3266774,9.265
33,Dept-01,2010-10-22,Pharmacy,Regular,SPLR-005,234175.92,40,5854.4,277501.45,74.2,3.014,126.3815484,9.265
33,Dept-08,2010-10-29,Clothing,Regular,SPLR-007,213538.32,21,10168.49,255844.22,71.34,3.13,126.4364194,9.265
33,Dept-07,2010-05-11,Grocery,Regular,SPLR-009,246124.61,10,24612.46,280404.38,74.23,3.009,126.4912903,9.265
33,Dept-04,2010-12-11,Clothing,Premium,SPLR-004,272803.94,47,5804.34,316098.35,65.21,3.13,126.5461613,9.265
33,Dept-09,2010-11-19,Pharmacy,Regular,SPLR-001,224639.76,10,22463.98,261336.01,61.95,3.047,126.6072,9.265
33,Dept-09,2010-11-26,Electronics,Regular,SPLR-009,240044.57,45,5334.32,287894.88,56.87,3.162,126.6692667,9.265
33,Dept-04,2010-03-12,Home Essentials,Regular,SPLR-007,209986.25,18,11665.9,233781.19,52.82,3.041,126.7313333,9.265
33,Dept-05,2010-10-12,Electronics,Regular,SPLR-006,253050.1,30,8435.0,281896.81,60.72,3.091,126.7934,9.265
33,Dept-10,2010-12-17,Pharmacy,New,SPLR-002,238875.26,47,5082.45,263958.16,61.12,3.125,126.8794839,9.265
33,Dept-09,2010-12-24,Grocery,Regular,SPLR-004,249246.8,3,83082.27,274249.22,60.43,3.236,126.9835806,9.265
33,Dept-06,2010-12-31,Pharmacy,Premium,SPLR-008,219804.85,38,5784.34,250613.47,52.91,3.148,127.0876774,9.265
33,Dept-04,2011-07-01,Pharmacy,New,SPLR-002,243948.82,31,7869.32,271449.84,46.25,3.287,127.1917742,8.951
33,Dept-07,2011-01-14,Grocery,Regular,SPLR-003,259527.75,6,43254.62,285705.8,53.63,3.312,127.3009355,8.951
33,Dept-09,2011-01-21,Pharmacy,Premium,SPLR-003,244856.44,2,122428.22,289492.2,59.46,3.336,127.4404839,8.951
33,Dept-01,2011-01-28,Home Essentials,Premium,SPLR-001,231155.9,38,6083.05,254747.79,56.62,3.231,127.5800323,8.951
33,Dept-10,2011-04-02,Home Essentials,Regular,SPLR-002,234218.03,30,7807.27,277557.03,49.26,3.348,127.7195806,8.951
33,Dept-07,2011-11-02,Home Essentials,Regular,SPLR-002,276198.74,44,6277.24,317096.12,53.35,3.381,127.859129,8.951
33,Dept-03,2011-02-18,Pharmacy,New,SPLR-003,252349.6,32,7885.92,280350.25,62.03,3.43,127.99525,8.951
33,Dept-03,2011-02-25,Home Essentials,Regular,SPLR-008,242901.21,40,6072.53,290814.02,54.89,3.398,128.13,8.951
33,Dept-04,2011-04-03,Clothing,Regular,SPLR-008,245435.8,21,11687.42,278749.24,59.51,3.674,128.26475,8.951
33,Dept-02,2011-11-03,Clothing,Regular,SPLR-007,270921.44,26,10420.06,322006.57,66.51,3.63,128.3995,8.951
33,Dept-07,2011-03-18,Home Essentials,Premium,SPLR-003,247234.47,34,7271.6,287787.07,72.72,3.892,128.5121935,8.951
33,Dept-05,2011-03-25,Clothing,Regular,SPLR-004,238084.08,14,17006.01,265402.63,63.34,3.716,128.6160645,8.951
33,Dept-02,2011-01-04,Home Essentials,New,SPLR-002,232769.09,36,6465.81,269119.31,71.41,3.772,128.7199355,8.687
33,Dept-07,2011-08-04,Grocery,Regular,SPLR-004,271924.73,6,45320.79,324398.98,75.11,3.818,128.8238065,8.687
33,Dept-05,2011-04-15,Pharmacy,Regular,SPLR-002,275749.56,37,7452.69,303367.64,64.64,4.089,128.9107333,8.687
33,Dept-09,2011-04-22,Clothing,Premium,SPLR-008,248603.3,5,49720.66,282839.5,79.46,3.917,128.9553,8.687
33,Dept-03,2011-04-29,Electronics,Regular,SPLR-008,248561.86,47,5288.55,281933.58,77.44,4.151,128.9998667,8.687
33,Dept-01,2011-06-05,Clothing,Regular,SPLR-005,257031.19,4,64257.8,282893.22,77.92,4.193,129.0444333,8.687
33,Dept-05,2011-05-13,Pharmacy,Regular,SPLR-009,279466.87,43,6499.23,334066.35,78.24,4.202,129.089,8.687
33,Dept-02,2011-05-20,Home Essentials,Regular,SPLR-005,239206.26,23,10400.27,268751.01,76.07,3.99,129.0756774,8.687
33,Dept-01,2011-05-27,Electronics,Premium,SPLR-007,239431.85,21,11401.52,286577.51,82.32,3.933,129.0623548,8.687
33,Dept-08,2011-03-06,Grocery,Regular,SPLR-008,243477.03,33,7378.09,271015.02,82.93,3.893,129.0490323,8.687
33,Dept-09,2011-10-06,Grocery,Regular,SPLR-010,258427.39,46,5617.99,303935.34,87.02,3.981,129.0357097,8.687
33,Dept-01,2011-06-17,Electronics,Premium,SPLR-001,238172.66,49,4860.67,268839.56,91.11,3.935,129.0432,8.687
33,Dept-03,2011-06-24,Electronics,New,SPLR-007,238433.53,7,34061.93,266427.76,94.11,3.807,129.0663,8.687
33,Dept-08,2011-01-07,Pharmacy,Premium,SPLR-001,226702.36,36,6297.29,266876.27,98.43,3.842,129.0894,8.442
33,Dept-05,2011-08-07,Pharmacy,Regular,SPLR-002,262717.71,32,8209.93,291369.89,96.44,3.793,129.1125,8.442
33,Dept-01,2011-07-15,Home Essentials,Premium,SPLR-010,265003.47,36,7361.21,298145.59,92.83,3.779,129.1338387,8.442
33,Dept-06,2011-07-22,Grocery,Regular,SPLR-002,238915.05,25,9556.6,267469.57,97.17,3.697,129.1507742,8.442
33,Dept-04,2011-07-29,Grocery,Regular,SPLR-010,224806.96,43,5228.07,260208.94,95.28,3.694,129.1677097,8.442
33,Dept-04,2011-05-08,Grocery,Regular,SPLR-010,242456.39,29,8360.57,279667.37,96.93,3.803,129.1846452,8.442
33,Dept-02,2011-12-08,Grocery,New,SPLR-001,274721.85,14,19622.99,326459.78,96.0,3.794,129.2015806,8.442
33,Dept-01,2011-08-19,Electronics,Regular,SPLR-002,242771.37,3,80923.79,277923.59,95.89,3.743,129.2405806,8.442
33,Dept-07,2011-08-26,Pharmacy,Regular,SPLR-004,237095.82,29,8175.72,268444.94,99.66,3.663,129.2832581,8.442
33,Dept-10,2011-02-09,Clothing,Regular,SPLR-007,239198.36,33,7248.44,271498.27,99.2,3.798,129.3259355,8.442
33,Dept-05,2011-09-09,Electronics,Regular,SPLR-003,281842.28,35,8052.64,326153.71,96.22,3.771,129.3686129,8.442
33,Dept-06,2011-09-16,Pharmacy,Regular,SPLR-004,262407.57,27,9718.8,297173.31,85.79,3.784,129.4306,8.442
33,Dept-07,2011-09-23,Electronics,Regular,SPLR-002,234793.12,22,10672.41,268054.44,88.93,3.789,129.5183333,8.442
33,Dept-08,2011-09-30,Clothing,Premium,SPLR-006,229731.98,36,6381.44,262540.45,89.1,3.877,129.6060667,8.442
33,Dept-06,2011-07-10,Grocery,Regular,SPLR-002,262159.13,26,10083.04,294038.47,81.16,3.827,129.6938,8.01
33,Dept-09,2011-10-14,Home Essentials,Regular,SPLR-010,272487.33,49,5560.97,308936.52,76.49,3.698,129.7706452,8.01
33,Dept-09,2011-10-21,Pharmacy,New,SPLR-010,233543.08,48,4865.48,263913.91,81.74,3.842,129.7821613,8.01
33,Dept-01,2011-10-28,Home Essentials,Premium,SPLR-007,231319.96,11,21029.09,254949.95,76.73,3.843,129.7936774,8.01
33,Dept-10,2011-04-11,Pharmacy,Regular,SPLR-009,236157.12,7,33736.73,268925.6,71.91,3.828,129.8051935,8.01
33,Dept-02,2011-11-11,Grocery,Regular,SPLR-007,271961.04,24,11331.71,314623.4,58.75,3.677,129.8167097,8.01
33,Dept-07,2011-11-18,Home Essentials,Premium,SPLR-001,251294.5,46,5462.92,293229.4,63.35,3.669,129.8268333,8.01
33,Dept-04,2011-11-25,Grocery,Regular,SPLR-006,255996.47,21,12190.31,294645.46,62.35,3.76,129.8364,8.01
33,Dept-09,2011-02-12,Pharmacy,Premium,SPLR-010,220060.35,20,11003.02,248527.72,59.12,3.701,129.8459667,8.01
33,Dept-06,2011-09-12,Home Essentials,Regular,SPLR-002,270373.05,29,9323.21,324176.33,47.7,3.644,129.8555333,8.01
33,Dept-04,2011-12-16,Grocery,Premium,SPLR-006,259638.35,25,10385.53,291284.78,53.18,3.489,129.8980645,8.01
33,Dept-05,2011-12-23,Electronics,Regular,SPLR-004,256235.19,38,6743.03,303066.48,53.39,3.541,129.9845484,8.01
33,Dept-06,2011-12-30,Home Essentials,Regular,SPLR-008,215359.21,11,19578.11,249375.2,51.6,3.428,130.0710323,8.01
33,Dept-07,2012-06-01,Pharmacy,New,SPLR-005,267058.08,4,66764.52,319295.9,60.92,3.443,130.1575161,7.603
33,Dept-02,2012-01-13,Electronics,Regular,SPLR-009,279447.22,46,6074.94,315236.68,54.61,3.477,130.244,7.603
33,Dept-10,2012-01-20,Pharmacy,New,SPLR-010,244899.2,37,6618.9,278364.41,55.99,3.66,130.2792258,7.603
33,Dept-10,2012-01-27,Home Essentials,New,SPLR-010,236920.49,46,5150.45,274018.71,56.33,3.675,130.3144516,7.603
33,Dept-09,2012-03-02,Grocery,Premium,SPLR-007,256091.32,17,15064.2,299410.69,59.53,3.543,130.3496774,7.603
33,Dept-05,2012-10-02,Grocery,New,SPLR-003,282552.58,16,17659.54,311614.56,59.94,3.722,130.3849032,7.603
33,Dept-05,2012-02-17,Electronics,Regular,SPLR-005,266300.98,12,22191.75,295257.69,57.8,3.781,130.4546207,7.603
33,Dept-01,2012-02-24,Clothing,Regular,SPLR-005,242526.7,6,40421.12,269816.22,59.41,3.95,130.5502069,7.603
33,Dept-05,2012-02-03,Clothing,Regular,SPLR-002,248051.53,45,5512.26,296807.34,60.91,3.882,130.6457931,7.603
33,Dept-02,2012-09-03,Home Essentials,Premium,SPLR-003,287346.29,9,31927.37,321268.16,62.2,3.963,130.7413793,7.603
33,Dept-08,2012-03-16,Home Essentials,Regular,SPLR-002,278067.73,39,7129.94,307173.43,65.99,4.273,130.8261935,7.603
33,Dept-01,2012-03-23,Pharmacy,Regular,SPLR-009,246970.97,39,6332.59,281147.62,60.82,4.288,130.8966452,7.603
33,Dept-06,2012-03-30,Clothing,Regular,SPLR-001,251327.67,47,5347.4,286515.23,71.34,4.294,130.9670968,7.603
33,Dept-03,2012-06-04,Pharmacy,New,SPLR-007,275911.97,43,6416.56,316146.05,70.75,4.282,131.0375484,7.396
33,Dept-04,2012-04-13,Grocery,Regular,SPLR-003,312698.67,34,9197.02,363632.22,73.17,4.254,131.108,7.396
33,Dept-10,2012-04-20,Clothing,New,SPLR-008,261837.2,37,7076.68,306218.53,72.94,4.111,131.1173333,7.396
33,Dept-01,2012-04-27,Home Essentials,Regular,SPLR-010,249798.75,30,8326.62,281411.05,83.07,4.088,131.1266667,7.396
33,Dept-01,2012-04-05,Pharmacy,Regular,SPLR-006,270497.51,47,5755.27,306040.19,82.43,4.058,131.136,7.396
33,Dept-07,2012-11-05,Electronics,New,SPLR-008,295841.84,37,7995.73,342231.35,81.02,4.186,131.1453333,7.396
33,Dept-03,2012-05-18,Grocery,Regular,SPLR-004,276899.95,26,10650.0,323117.46,89.81,4.308,131.0983226,7.396
33,Dept-03,2012-05-25,Home Essentials,Premium,SPLR-009,261851.74,37,7077.07,301495.34,88.89,4.127,131.0287742,7.396
33,Dept-05,2012-01-06,Electronics,New,SPLR-005,261131.09,49,5329.21,313239.52,83.57,4.277,130.9592258,7.396
33,Dept-10,2012-08-06,Home Essentials,Regular,SPLR-001,286082.76,42,6811.49,317795.27,90.94,4.103,130.8896774,7.396
33,Dept-09,2012-06-15,Pharmacy,Regular,SPLR-010,290444.31,47,6179.67,335836.3,92.44,4.144,130.8295333,7.396
33,Dept-06,2012-06-22,Clothing,Regular,SPLR-006,261666.29,41,6382.1,302543.41,95.75,4.014,130.7929,7.396
33,Dept-02,2012-06-29,Home Essentials,Regular,SPLR-001,244338.31,5,48867.66,279619.82,98.15,3.875,130.7562667,7.396
33,Dept-07,2012-06-07,Clothing,Regular,SPLR-003,273690.37,24,11403.77,315200.72,93.21,3.666,130.7196333,7.147
33,Dept-03,2012-07-13,Grocery,Regular,SPLR-006,287033.64,23,12479.72,318839.76,97.6,3.723,130.683,7.147
33,Dept-03,2012-07-20,Clothing,Premium,SPLR-008,253205.89,31,8167.93,296462.12,91.49,3.589,130.7012903,7.147
33,Dept-02,2012-07-27,Home Essentials,Premium,SPLR-008,249134.32,42,5931.77,286501.92,93.95,3.769,130.7195806,7.147
33,Dept-04,2012-03-08,Home Essentials,Regular,SPLR-008,258533.12,38,6803.5,308466.33,92.13,3.595,130.737871,7.147
33,Dept-08,2012-10-08,Clothing,Premium,SPLR-004,297753.49,42,7089.37,332414.53,100.07,3.811,130.7561613,7.147
33,Dept-05,2012-08-17,Clothing,Premium,SPLR-002,270097.76,29,9313.72,301600.72,96.79,4.002,130.7909677,7.147
33,Dept-05,2012-08-24,Grocery,Regular,SPLR-004,247672.56,47,5269.63,279292.86,89.62,4.055,130.8381613,7.147
33,Dept-08,2012-08-31,Pharmacy,Regular,SPLR-005,237129.81,34,6974.41,274314.3,94.55,3.886,130.8853548,7.147
33,Dept-04,2012-07-09,Pharmacy,New,SPLR-004,286428.78,3,95476.26,324316.83,92.02,4.124,130.9325484,7.147
33,Dept-10,2012-09-14,Pharmacy,Regular,SPLR-009,277417.53,28,9907.77,322411.97,83.4,3.966,130.9776667,7.147
33,Dept-01,2012-09-21,Electronics,Regular,SPLR-003,252709.58,33,7657.87,291289.89,86.53,4.125,131.0103333,7.147
33,Dept-10,2012-09-28,Grocery,Regular,SPLR-008,242813.51,4,60703.38,285356.72,86.42,3.966,131.043,7.147
33,Dept-07,2012-05-10,Electronics,Premium,SPLR-004,265444.9,29,9153.27,293624.48,85.18,4.132,131.0756667,6.895
33,Dept-08,2012-12-10,Clothing,New,SPLR-001,291781.15,42,6947.17,322362.91,79.64,4.468,131.1083333,6.895
33,Dept-03,2012-10-19,Pharmacy,Premium,SPLR-010,254412.34,2,127206.17,300582.8,75.55,4.449,131.1499677,6.895
33,Dept-03,2012-10-26,Clothing,New,SPLR-010,253731.13,26,9758.89,288488.47,73.7,4.301,131.1930968,6.895
34,Dept-05,2010-05-02,Clothing,Regular,SPLR-006,956228.96,19,50327.84,1115425.26,35.44,2.598,126.4420645,9.521
34,Dept-04,2010-12-02,Grocery,Regular,SPLR-006,994610.99,22,45209.59,1152797.99,36.13,2.573,126.4962581,9.521
34,Dept-08,2010-02-19,Electronics,Regular,SPLR-004,983963.07,13,75689.47,1163513.93,38.36,2.54,126.5262857,9.521
34,Dept-07,2010-02-26,Grocery,Regular,SPLR-001,905756.13,28,32348.43,1032133.15,37.28,2.59,126.5522857,9.521
34,Dept-04,2010-05-03,Pharmacy,Regular,SPLR-004,918295.79,29,31665.37,1050397.17,42.65,2.654,126.5782857,9.521
34,Dept-09,2010-12-03,Electronics,Regular,SPLR-006,921247.88,46,20027.13,1039220.72,42.26,2.704,126.6042857,9.521
34,Dept-04,2010-03-19,Pharmacy,Regular,SPLR-006,892070.82,39,22873.61,1058097.21,45.86,2.743,126.6066452,9.521
34,Dept-10,2010-03-26,Electronics,New,SPLR-004,880742.35,11,80067.49,1055125.61,42.91,2.752,126.6050645,9.521
34,Dept-10,2010-02-04,Home Essentials,Regular,SPLR-001,979428.66,15,65295.24,1156421.15,50.07,2.74,126.6034839,9.593
34,Dept-08,2010-09-04,Electronics,Premium,SPLR-003,950684.2,12,79223.68,1105913.16,51.26,2.773,126.6019032,9.593
34,Dept-05,2010-04-16,Electronics,Regular,SPLR-008,923344.54,33,27980.14,1040798.04,59.18,2.81,126.5621,9.593
34,Dept-06,2010-04-23,Home Essentials,Regular,SPLR-001,910240.68,38,23953.7,1035404.58,55.04,2.805,126.4713333,9.593
34,Dept-09,2010-04-30,Grocery,Regular,SPLR-002,859922.19,2,429961.1,988293.56,56.58,2.787,126.3805667,9.593
34,Dept-09,2010-07-05,Clothing,Regular,SPLR-009,953495.48,42,22702.27,1130214.17,57.39,2.836,126.2898,9.593
34,Dept-09,2010-05-14,Grocery,Premium,SPLR-003,933924.44,24,38913.52,1072790.57,60.74,2.845,126.2085484,9.593
34,Dept-03,2010-05-21,Pharmacy,Regular,SPLR-004,913616.32,1,913616.32,1027150.47,63.99,2.82,126.1843871,9.593
34,Dept-04,2010-05-28,Home Essentials,Regular,SPLR-009,942868.38,37,25482.93,1124626.02,68.68,2.756,126.1602258,9.593
34,Dept-03,2010-04-06,Clothing,New,SPLR-007,966187.51,15,64412.5,1065663.97,72.17,2.701,126.1360645,9.593
34,Dept-05,2010-11-06,Home Essentials,Regular,SPLR-004,954681.56,31,30796.18,1084169.63,80.84,2.668,126.1119032,9.593
34,Dept-09,2010-06-18,Grocery,Regular,SPLR-007,941612.04,32,29425.38,1118092.9,73.48,2.635,126.114,9.593
34,Dept-09,2010-06-25,Pharmacy,Premium,SPLR-009,895800.07,25,35832.0,1027517.93,78.47,2.654,126.1266,9.593
34,Dept-07,2010-02-07,Pharmacy,New,SPLR-006,919229.36,29,31697.56,1066946.52,73.66,2.668,126.1392,9.816
34,Dept-04,2010-09-07,Clothing,New,SPLR-002,911210.81,5,182242.16,1079101.68,75.0,2.637,126.1518,9.816
34,Dept-03,2010-07-16,Home Essentials,Regular,SPLR-007,930269.79,10,93026.98,1027891.46,78.53,2.621,126.1498065,9.816
34,Dept-08,2010-07-23,Grocery,New,SPLR-007,902050.95,30,30068.36,1008077.1,79.58,2.612,126.1283548,9.816
34,Dept-03,2010-07-30,Home Essentials,Regular,SPLR-005,875976.83,11,79634.26,1047533.26,72.26,2.65,126.1069032,9.816
34,Dept-09,2010-06-08,Electronics,Regular,SPLR-005,987435.35,40,24685.88,1125459.16,73.8,2.64,126.0854516,9.816
34,Dept-10,2010-08-13,Pharmacy,Regular,SPLR-004,951208.65,49,19412.42,1085276.68,76.72,2.698,126.064,9.816
34,Dept-04,2010-08-20,Home Essentials,New,SPLR-010,985152.94,39,25260.33,1151049.29,76.45,2.671,126.0766452,9.816
34,Dept-09,2010-08-27,Pharmacy,Regular,SPLR-005,855421.39,15,57028.09,973764.33,72.87,2.621,126.0892903,9.816
34,Dept-04,2010-03-09,Home Essentials,Regular,SPLR-003,964356.74,5,192871.35,1079357.26,72.59,2.584,126.1019355,9.816
34,Dept-06,2010-10-09,Clothing,Premium,SPLR-003,932240.96,47,19834.91,1114478.53,72.61,2.574,126.1145806,9.816
34,Dept-03,2010-09-17,Grocery,Regular,SPLR-002,885445.47,7,126492.21,1014182.52,70.71,2.594,126.1454667,9.816
34,Dept-10,2010-09-24,Electronics,Premium,SPLR-004,867539.07,13,66733.77,1020320.08,69.78,2.642,126.1900333,9.816
34,Dept-02,2010-01-10,Home Essentials,Regular,SPLR-007,865709.11,7,123672.73,994361.32,70.13,2.619,126.2346,10.21
34,Dept-05,2010-08-10,Home Essentials,Regular,SPLR-010,931710.67,23,40509.16,1103535.21,65.21,2.645,126.2791667,10.21
34,Dept-09,2010-10-15,Clothing,Regular,SPLR-010,888703.62,16,55543.98,1049861.5,59.57,2.732,126.3266774,10.21
34,Dept-05,2010-10-22,Electronics,Regular,SPLR-004,936293.6,44,21279.4,1050049.28,58.11,2.736,126.3815484,10.21
34,Dept-10,2010-10-29,Grocery,Regular,SPLR-001,926294.02,13,71253.39,1027040.07,50.78,2.718,126.4364194,10.21
34,Dept-04,2010-05-11,Electronics,Premium,SPLR-004,972292.31,6,162048.72,1107016.35,52.43,2.699,126.4912903,10.21
34,Dept-04,2010-12-11,Clothing,Regular,SPLR-003,979730.78,33,29688.81,1119458.68,47.2,2.741,126.5461613,10.21
34,Dept-04,2010-11-19,Home Essentials,Regular,SPLR-001,955766.33,35,27307.61,1079087.46,40.93,2.78,126.6072,10.21
34,Dept-10,2010-11-26,Grocery,Premium,SPLR-002,1309476.68,31,42241.18,1561959.9,41.13,2.752,126.6692667,10.21
34,Dept-01,2010-03-12,Clothing,Regular,SPLR-009,1001512.21,31,32306.85,1143159.98,34.7,2.727,126.7313333,10.21
34,Dept-01,2010-10-12,Electronics,Premium,SPLR-004,1086661.02,43,25271.19,1214101.86,41.93,2.86,126.7934,10.21
34,Dept-02,2010-12-17,Clothing,Regular,SPLR-003,1227148.13,31,39585.42,1394281.06,42.64,2.884,126.8794839,10.21
34,Dept-10,2010-12-24,Grocery,Regular,SPLR-002,1620748.25,48,33765.59,1791868.17,42.74,2.887,126.9835806,10.21
34,Dept-08,2010-12-31,Home Essentials,Regular,SPLR-002,902109.69,3,300703.23,997905.76,34.11,2.955,127.0876774,10.21
34,Dept-10,2011-07-01,Electronics,Premium,SPLR-009,900646.94,31,29053.13,1034811.36,24.5,2.98,127.1917742,10.398
34,Dept-10,2011-01-14,Clothing,Regular,SPLR-007,898610.33,28,32093.23,1042442.15,30.75,2.992,127.3009355,10.398
34,Dept-04,2011-01-21,Clothing,New,SPLR-008,891025.39,19,46896.07,988633.32,39.57,3.017,127.4404839,10.398
34,Dept-08,2011-01-28,Grocery,Regular,SPLR-009,836717.75,13,64362.9,959392.3,34.68,3.022,127.5800323,10.398
34,Dept-04,2011-04-02,Pharmacy,Premium,SPLR-008,971932.87,27,35997.51,1085178.25,23.82,2.996,127.7195806,10.398
34,Dept-09,2011-11-02,Home Essentials,Regular,SPLR-008,1015654.6,37,27450.12,1160080.58,28.66,3.033,127.859129,10.398
34,Dept-02,2011-02-18,Electronics,Regular,SPLR-001,1062629.3,40,26565.73,1249681.56,45.12,3.058,127.99525,10.398
34,Dept-03,2011-02-25,Electronics,New,SPLR-001,953331.45,3,317777.15,1060996.74,44.57,3.087,128.13,10.398
34,Dept-10,2011-04-03,Home Essentials,New,SPLR-001,963910.81,8,120488.85,1060643.02,46.21,3.305,128.26475,10.398
34,Dept-06,2011-11-03,Clothing,Regular,SPLR-004,943951.67,27,34961.17,1097215.55,45.87,3.461,128.3995,10.398
34,Dept-09,2011-03-18,Pharmacy,New,SPLR-001,1014218.8,29,34973.06,1152149.71,55.58,3.495,128.5121935,10.398
34,Dept-10,2011-03-25,Grocery,Regular,SPLR-006,922898.38,7,131842.63,1084540.73,53.11,3.48,128.6160645,10.398
34,Dept-06,2011-01-04,Home Essentials,Regular,SPLR-007,884233.67,16,55264.6,1020556.86,55.46,3.521,128.7199355,10.581
34,Dept-07,2011-08-04,Grocery,Regular,SPLR-009,975479.83,15,65031.99,1135818.87,58.59,3.605,128.8238065,10.581
34,Dept-09,2011-04-15,Grocery,New,SPLR-003,941829.0,28,33636.75,1044766.86,53.3,3.724,128.9107333,10.581
34,Dept-08,2011-04-22,Pharmacy,Regular,SPLR-010,1051518.45,6,175253.08,1213040.4,63.83,3.781,128.9553,10.581
34,Dept-05,2011-04-29,Clothing,Regular,SPLR-010,895973.02,6,149328.84,1062121.26,57.73,3.781,128.9998667,10.581
34,Dept-05,2011-06-05,Pharmacy,Regular,SPLR-009,965853.58,30,32195.12,1118202.96,54.4,3.866,129.0444333,10.581
34,Dept-02,2011-05-13,Home Essentials,Premium,SPLR-009,966232.69,10,96623.27,1146069.84,63.05,3.872,129.089,10.581
34,Dept-07,2011-05-20,Clothing,Regular,SPLR-010,945018.83,17,55589.34,1097466.3,61.47,3.881,129.0756774,10.581
34,Dept-01,2011-05-27,Pharmacy,Regular,SPLR-004,941311.83,39,24136.2,1073643.51,65.99,3.771,129.0623548,10.581
34,Dept-08,2011-03-06,Pharmacy,New,SPLR-006,947229.24,1,947229.24,1114077.25,74.64,3.683,129.0490323,10.581
34,Dept-08,2011-10-06,Grocery,Premium,SPLR-005,943912.77,36,26219.8,1075598.64,74.57,3.64,129.0357097,10.581
34,Dept-07,2011-06-17,Pharmacy,Premium,SPLR-006,968258.09,44,22005.87,1089080.17,76.58,3.618,129.0432,10.581
34,Dept-09,2011-06-24,Electronics,Regular,SPLR-005,923795.04,26,35530.58,1096233.49,77.16,3.57,129.0663,10.581
34,Dept-04,2011-01-07,Grocery,Regular,SPLR-009,911106.22,32,28472.07,1005641.09,81.96,3.504,129.0894,10.641
34,Dept-08,2011-08-07,Electronics,Premium,SPLR-001,926934.57,41,22608.16,1078599.64,80.84,3.469,129.1125,10.641
34,Dept-08,2011-07-15,Home Essentials,Regular,SPLR-003,903882.96,36,25107.86,1054615.98,78.09,3.563,129.1338387,10.641
34,Dept-09,2011-07-22,Grocery,Regular,SPLR-009,913236.62,12,76103.05,1063377.94,80.75,3.627,129.1507742,10.641
34,Dept-10,2011-07-29,Home Essentials,Regular,SPLR-003,851461.9,33,25801.88,1007980.39,78.04,3.659,129.1677097,10.641
34,Dept-02,2011-05-08,Grocery,Regular,SPLR-005,942236.45,39,24159.91,1090404.78,76.71,3.662,129.1846452,10.641
34,Dept-10,2011-12-08,Electronics,Regular,SPLR-009,956251.18,39,24519.26,1114352.7,80.23,3.617,129.2015806,10.641
34,Dept-03,2011-08-19,Grocery,Premium,SPLR-002,960418.54,20,48020.93,1109853.07,77.08,3.55,129.2405806,10.641
34,Dept-07,2011-08-26,Clothing,Premium,SPLR-007,871404.6,41,21253.77,995633.03,77.27,3.523,129.2832581,10.641
34,Dept-04,2011-02-09,Clothing,Regular,SPLR-001,926455.64,24,38602.32,1026566.58,78.24,3.533,129.3259355,10.641
34,Dept-04,2011-09-09,Clothing,Regular,SPLR-008,930506.14,38,24487.0,1072342.99,70.05,3.554,129.3686129,10.641
34,Dept-09,2011-09-16,Pharmacy,New,SPLR-008,927249.61,4,231812.4,1107739.2,64.94,3.532,129.4306,10.641
34,Dept-01,2011-09-23,Home Essentials,Regular,SPLR-005,902852.73,19,47518.56,1003405.83,66.23,3.473,129.5183333,10.641
34,Dept-06,2011-09-30,Grocery,New,SPLR-003,871847.85,44,19814.72,994314.33,69.44,3.371,129.6060667,10.641
34,Dept-04,2011-07-10,Clothing,Regular,SPLR-006,954069.45,49,19470.81,1103875.63,60.42,3.299,129.6938,10.148
34,Dept-07,2011-10-14,Home Essentials,Premium,SPLR-003,911788.79,2,455894.4,1085801.61,54.72,3.283,129.7706452,10.148
34,Dept-02,2011-10-21,Grocery,New,SPLR-005,953693.23,29,32885.97,1066679.16,58.93,3.361,129.7821613,10.148
34,Dept-07,2011-10-28,Home Essentials,Regular,SPLR-001,958063.87,40,23951.6,1065711.84,54.56,3.362,129.7936774,10.148
34,Dept-08,2011-04-11,Home Essentials,Premium,SPLR-010,992621.93,39,25451.84,1119003.08,48.04,3.322,129.8051935,10.148
34,Dept-06,2011-11-11,Electronics,Regular,SPLR-010,991570.02,46,21555.87,1162699.45,41.04,3.286,129.8167097,10.148
34,Dept-02,2011-11-18,Home Essentials,New,SPLR-005,947552.44,4,236888.11,1082834.02,46.0,3.294,129.8268333,10.148
34,Dept-05,2011-11-25,Pharmacy,Regular,SPLR-007,1345595.82,9,149510.65,1512758.01,45.99,3.225,129.8364,10.148
34,Dept-06,2011-02-12,Pharmacy,Premium,SPLR-008,988742.08,19,52039.06,1180140.47,39.75,3.176,129.8459667,10.148
34,Dept-03,2011-09-12,Grocery,Regular,SPLR-001,1084243.91,1,1084243.91,1229937.06,24.69,3.153,129.8555333,10.148
34,Dept-08,2011-12-16,Electronics,Regular,SPLR-001,1151052.86,10,115105.29,1325548.71,32.31,3.149,129.8980645,10.148
34,Dept-07,2011-12-23,Clothing,Regular,SPLR-005,1593655.96,44,36219.45,1818854.87,32.45,3.103,129.9845484,10.148
34,Dept-09,2011-12-30,Clothing,Premium,SPLR-001,965512.36,43,22453.78,1066317.09,28.84,3.119,130.0710323,10.148
34,Dept-03,2012-06-01,Grocery,Regular,SPLR-007,953844.85,39,24457.56,1071412.8,36.39,3.158,130.1575161,9.653
34,Dept-02,2012-01-13,Electronics,Regular,SPLR-006,913755.12,38,24046.19,1064959.3,33.99,3.263,130.244,9.653
34,Dept-08,2012-01-20,Electronics,Regular,SPLR-003,910899.05,30,30363.3,1014906.9,39.28,3.273,130.2792258,9.653
34,Dept-06,2012-01-27,Pharmacy,Regular,SPLR-004,872450.37,29,30084.5,1024919.89,39.81,3.29,130.3144516,9.653
34,Dept-06,2012-03-02,Grocery,Premium,SPLR-009,939367.14,39,24086.34,1045649.51,38.64,3.354,130.3496774,9.653
34,Dept-07,2012-10-02,Electronics,Regular,SPLR-001,1047658.09,29,36126.14,1235051.79,36.7,3.411,130.3849032,9.653
34,Dept-01,2012-02-17,Grocery,Regular,SPLR-004,1123446.51,30,37448.22,1266299.45,37.25,3.493,130.4546207,9.653
34,Dept-09,2012-02-24,Clothing,Regular,SPLR-010,950154.24,20,47507.71,1047651.69,39.89,3.541,130.5502069,9.653
34,Dept-10,2012-02-03,Clothing,Regular,SPLR-008,990263.7,36,27507.32,1098364.35,42.74,3.619,130.6457931,9.653
34,Dept-03,2012-09-03,Clothing,Regular,SPLR-001,976393.43,35,27896.96,1155491.96,42.7,3.667,130.7413793,9.653
34,Dept-06,2012-03-16,Clothing,Regular,SPLR-004,999298.43,49,20393.85,1187454.99,48.09,3.707,130.8261935,9.653
34,Dept-01,2012-03-23,Pharmacy,New,SPLR-009,945143.33,21,45006.83,1109018.79,47.93,3.759,130.8966452,9.653
34,Dept-06,2012-03-30,Electronics,Premium,SPLR-003,938861.77,18,52158.99,1043111.7,59.29,3.82,130.9670968,9.653
34,Dept-02,2012-06-04,Pharmacy,Premium,SPLR-008,1091020.37,15,72734.69,1225353.65,54.42,3.864,131.0375484,9.575
34,Dept-03,2012-04-13,Electronics,Regular,SPLR-005,987353.65,40,24683.84,1143834.17,59.12,3.881,131.108,9.575
34,Dept-03,2012-04-20,Grocery,Regular,SPLR-006,977628.78,48,20367.27,1130477.23,55.34,3.864,131.1173333,9.575
34,Dept-08,2012-04-27,Electronics,New,SPLR-008,940299.87,24,39179.16,1081834.41,66.49,3.81,131.1266667,9.575
34,Dept-05,2012-04-05,Pharmacy,New,SPLR-005,991104.4,21,47195.45,1132413.72,65.04,3.747,131.136,9.575
34,Dept-05,2012-11-05,Clothing,Regular,SPLR-003,949625.52,38,24990.15,1120397.01,61.92,3.685,131.1453333,9.575
34,Dept-05,2012-05-18,Electronics,New,SPLR-003,998672.85,24,41611.37,1191110.45,64.97,3.62,131.0983226,9.575
34,Dept-03,2012-05-25,Electronics,Regular,SPLR-007,1015737.61,3,338579.2,1126024.89,72.42,3.551,131.0287742,9.575
34,Dept-03,2012-01-06,Pharmacy,Regular,SPLR-006,977062.44,14,69790.17,1144365.5,70.41,3.483,130.9592258,9.575
34,Dept-09,2012-08-06,Home Essentials,New,SPLR-001,999511.29,1,999511.29,1182031.37,75.35,3.433,130.8896774,9.575
34,Dept-06,2012-06-15,Grocery,Premium,SPLR-003,982345.51,15,65489.7,1171753.7,76.48,3.372,130.8295333,9.575
34,Dept-03,2012-06-22,Clothing,New,SPLR-003,1000285.1,9,111142.79,1130264.4,78.85,3.329,130.7929,9.575
34,Dept-02,2012-06-29,Home Essentials,Premium,SPLR-008,942970.63,6,157161.77,1042142.34,81.91,3.257,130.7562667,9.575
34,Dept-07,2012-06-07,Grocery,Premium,SPLR-003,1007867.68,27,37328.43,1142083.72,77.95,3.187,130.7196333,9.285
34,Dept-07,2012-07-13,Electronics,Premium,SPLR-008,954677.75,32,29833.68,1075567.53,74.02,3.224,130.683,9.285
34,Dept-01,2012-07-20,Pharmacy,New,SPLR-004,950929.59,43,22114.64,1139353.46,77.7,3.263,130.7012903,9.285
34,Dept-07,2012-07-27,Pharmacy,New,SPLR-002,917883.79,5,183576.76,1071468.64,77.3,3.356,130.7195806,9.285
34,Dept-09,2012-03-08,Pharmacy,Regular,SPLR-001,973250.41,32,30414.08,1087413.17,78.93,3.374,130.737871,9.285
34,Dept-01,2012-10-08,Grocery,New,SPLR-006,1004523.59,31,32403.99,1187707.5,78.26,3.476,130.7561613,9.285
34,Dept-02,2012-08-17,Grocery,Regular,SPLR-003,1013820.86,44,23041.38,1115231.16,77.78,3.552,130.7909677,9.285
34,Dept-04,2012-08-24,Grocery,Regular,SPLR-007,926250.21,48,19296.88,1090261.81,72.44,3.61,130.8381613,9.285
34,Dept-06,2012-08-31,Home Essentials,Regular,SPLR-005,933487.71,8,116685.96,1115219.47,75.89,3.646,130.8853548,9.285
34,Dept-06,2012-07-09,Home Essentials,New,SPLR-004,976415.56,8,122051.94,1120803.59,78.26,3.709,130.9325484,9.285
34,Dept-07,2012-09-14,Grocery,New,SPLR-007,955211.7,15,63680.78,1071943.12,64.28,3.706,130.9776667,9.285
34,Dept-08,2012-09-21,Electronics,New,SPLR-008,943047.78,15,62869.85,1073741.26,66.08,3.721,131.0103333,9.285
34,Dept-09,2012-09-28,Grocery,Regular,SPLR-004,928629.31,41,22649.5,1098047.97,67.06,3.666,131.043,9.285
34,Dept-05,2012-05-10,Home Essentials,New,SPLR-006,968896.68,10,96889.67,1095139.13,65.41,3.62,131.0756667,8.839
34,Dept-06,2012-12-10,Pharmacy,New,SPLR-003,948613.39,36,26350.37,1109889.16,59.94,3.603,131.1083333,8.839
34,Dept-07,2012-10-19,Clothing,Regular,SPLR-007,963516.28,45,21411.47,1128555.39,58.47,3.61,131.1499677,8.839
34,Dept-02,2012-10-26,Electronics,New,SPLR-003,956987.81,46,20804.08,1109547.74,57.95,3.514,131.1930968,8.839
35,Dept-07,2010-05-02,Electronics,Regular,SPLR-009,1230613.5,48,25637.78,1419024.88,27.19,2.784,135.3524608,9.262
35,Dept-08,2010-12-02,Home Essentials,Premium,SPLR-004,1168815.31,35,33394.72,1388643.65,29.81,2.773,135.4113076,9.262
35,Dept-05,2010-02-19,Electronics,Regular,SPLR-005,1270658.64,38,33438.39,1403648.72,32.44,2.745,135.4657781,9.262
35,Dept-06,2010-02-26,Clothing,Regular,SPLR-006,1020651.74,36,28351.44,1150300.47,36.0,2.754,135.5195191,9.262
35,Dept-10,2010-05-03,Pharmacy,New,SPLR-003,1162610.27,49,23726.74,1290998.6,38.07,2.777,135.5732602,9.262
35,Dept-01,2010-12-03,Pharmacy,Regular,SPLR-007,1150344.39,45,25563.21,1337121.62,45.98,2.818,135.6270013,9.262
35,Dept-10,2010-03-19,Electronics,New,SPLR-008,1117536.09,13,85964.31,1320308.79,49.04,2.844,135.6682247,9.262
35,Dept-10,2010-03-26,Home Essentials,Premium,SPLR-006,1078900.44,6,179816.74,1268418.79,52.34,2.854,135.7073618,9.262
35,Dept-08,2010-02-04,Home Essentials,Regular,SPLR-005,1189556.47,47,25309.71,1370309.3,46.9,2.85,135.7464988,9.051
35,Dept-02,2010-09-04,Home Essentials,Regular,SPLR-009,1198014.97,33,36303.48,1383624.41,62.62,2.869,135.7856359,9.051
35,Dept-10,2010-04-16,Electronics,Premium,SPLR-008,1084487.55,3,361495.85,1203115.8,54.95,2.899,135.82725,9.051
35,Dept-03,2010-04-23,Electronics,Premium,SPLR-002,1110827.48,33,33661.44,1324232.2,53.91,2.902,135.8721667,9.051
35,Dept-07,2010-04-30,Grocery,Premium,SPLR-003,1096930.65,15,73128.71,1266407.49,53.55,2.921,135.9170833,9.051
35,Dept-07,2010-07-05,Clothing,New,SPLR-006,1182099.88,18,65672.22,1358156.87,69.02,2.966,135.962,9.051
35,Dept-04,2010-05-14,Clothing,Regular,SPLR-001,1104277.57,22,50194.44,1258787.51,53.82,2.982,136.010394,9.051
35,Dept-05,2010-05-21,Clothing,Regular,SPLR-008,1078182.18,5,215636.44,1293577.68,63.31,2.958,136.0796521,9.051
35,Dept-04,2010-05-28,Clothing,New,SPLR-007,1223777.48,35,34965.07,1359356.7,67.88,2.899,136.1489101,9.051
35,Dept-10,2010-04-06,Electronics,Regular,SPLR-001,1282378.71,22,58289.94,1501342.72,74.29,2.847,136.2181682,9.051
35,Dept-09,2010-11-06,Electronics,Regular,SPLR-002,1160412.71,3,386804.24,1312865.98,68.9,2.809,136.2874263,9.051
35,Dept-07,2010-06-18,Clothing,Regular,SPLR-009,1198025.76,19,63053.99,1390114.83,70.0,2.78,136.3243393,9.051
35,Dept-08,2010-06-25,Clothing,Regular,SPLR-004,1230245.74,20,61512.29,1376383.54,78.02,2.808,136.3483143,9.051
35,Dept-09,2010-02-07,Grocery,Premium,SPLR-005,1245827.08,27,46141.74,1412916.96,76.25,2.815,136.3722893,8.861
35,Dept-08,2010-09-07,Electronics,Regular,SPLR-007,1268766.76,2,634383.38,1465146.78,82.69,2.793,136.3962643,8.861
35,Dept-07,2010-07-16,Clothing,Regular,SPLR-005,1124414.87,47,23923.72,1323178.97,78.26,2.783,136.4179827,8.861
35,Dept-09,2010-07-23,Home Essentials,New,SPLR-010,1121756.43,10,112175.64,1300737.73,81.56,2.771,136.4366924,8.861
35,Dept-10,2010-07-30,Home Essentials,Regular,SPLR-003,1139131.78,3,379710.59,1340397.8,79.78,2.781,136.4554021,8.861
35,Dept-05,2010-06-08,Clothing,Regular,SPLR-002,1180183.39,25,47207.34,1388492.03,77.45,2.784,136.4741118,8.861
35,Dept-05,2010-08-13,Clothing,Regular,SPLR-007,1090587.5,13,83891.35,1305532.99,77.36,2.805,136.4928214,8.861
35,Dept-10,2010-08-20,Clothing,Regular,SPLR-009,1033719.5,10,103371.95,1210217.24,75.16,2.779,136.5249182,8.861
35,Dept-07,2010-08-27,Grocery,Regular,SPLR-007,917693.06,4,229423.26,1066454.53,70.31,2.755,136.557015,8.861
35,Dept-08,2010-03-09,Home Essentials,New,SPLR-007,948660.79,19,49929.52,1125881.18,78.52,2.715,136.5891118,8.861
35,Dept-05,2010-10-09,Home Essentials,New,SPLR-008,961685.98,42,22897.29,1141257.88,70.38,2.699,136.6212085,8.861
35,Dept-05,2010-09-17,Home Essentials,Regular,SPLR-002,831443.61,35,23755.53,947317.48,64.5,2.706,136.6338071,8.861
35,Dept-05,2010-09-24,Electronics,Regular,SPLR-001,758069.78,16,47379.36,838715.33,67.08,2.713,136.6317821,8.861
35,Dept-09,2010-01-10,Electronics,Premium,SPLR-007,771065.21,30,25702.17,862543.32,70.19,2.707,136.6297571,8.763
35,Dept-06,2010-08-10,Grocery,New,SPLR-002,874615.32,18,48589.74,989750.04,57.78,2.764,136.6277321,8.763
35,Dept-08,2010-10-15,Home Essentials,Regular,SPLR-003,798376.99,11,72579.73,943460.18,58.38,2.868,136.6401935,8.763
35,Dept-01,2010-10-22,Clothing,Premium,SPLR-007,827705.82,10,82770.58,933346.88,52.82,2.917,136.688871,8.763
35,Dept-07,2010-10-29,Electronics,Premium,SPLR-003,857797.33,28,30635.62,958672.16,61.02,2.921,136.7375484,8.763
35,Dept-06,2010-05-11,Home Essentials,New,SPLR-002,843755.12,36,23437.64,1000102.5,45.91,2.917,136.7862258,8.763
35,Dept-09,2010-12-11,Clothing,Regular,SPLR-003,870914.69,19,45837.62,1029950.63,45.9,2.931,136.8349032,8.763
35,Dept-06,2010-11-19,Electronics,New,SPLR-005,846850.35,31,27317.75,1015580.24,50.81,3.0,136.7715714,8.763
35,Dept-08,2010-11-26,Pharmacy,Premium,SPLR-004,1781866.98,19,93782.47,1962383.42,46.67,3.039,136.6895714,8.763
35,Dept-03,2010-03-12,Pharmacy,Regular,SPLR-003,982598.88,15,65506.59,1172660.35,41.81,3.046,136.6075714,8.763
35,Dept-05,2010-10-12,Electronics,Regular,SPLR-002,1108580.19,24,46190.84,1285713.9,30.83,3.109,136.5255714,8.763
35,Dept-04,2010-12-17,Home Essentials,Regular,SPLR-003,1314987.4,31,42418.95,1528168.07,31.62,3.14,136.5292811,8.763
35,Dept-09,2010-12-24,Grocery,Regular,SPLR-007,1779236.54,33,53916.26,1964102.94,31.34,3.141,136.597273,8.763
35,Dept-06,2010-12-31,Electronics,Premium,SPLR-001,576332.05,13,44333.23,674237.9,29.59,3.179,136.665265,8.763
35,Dept-07,2011-07-01,Home Essentials,Regular,SPLR-006,649289.75,5,129857.95,755707.88,34.42,3.193,136.7332569,8.549
35,Dept-01,2011-01-14,Clothing,Regular,SPLR-003,687670.78,47,14631.29,771746.85,25.7,3.205,136.803477,8.549
35,Dept-08,2011-01-21,Pharmacy,Regular,SPLR-007,659902.07,43,15346.56,736420.76,30.13,3.229,136.8870657,8.549
35,Dept-03,2011-01-28,Pharmacy,New,SPLR-007,633289.78,21,30156.66,755524.95,23.64,3.237,136.9706544,8.549
35,Dept-06,2011-04-02,Grocery,New,SPLR-010,747577.05,15,49838.47,846356.47,28.7,3.231,137.0542431,8.549
35,Dept-05,2011-11-02,Grocery,Premium,SPLR-001,859258.17,18,47736.56,996021.44,30.45,3.239,137.1378318,8.549
35,Dept-04,2011-02-18,Grocery,New,SPLR-007,865305.88,24,36054.41,1001358.75,39.32,3.245,137.2511849,8.549
35,Dept-07,2011-02-25,Grocery,Regular,SPLR-001,841129.26,44,19116.57,936085.19,33.05,3.274,137.3764439,8.549
35,Dept-08,2011-04-03,Clothing,Regular,SPLR-006,850448.54,34,25013.19,956046.5,36.99,3.433,137.5017028,8.549
35,Dept-04,2011-11-03,Electronics,New,SPLR-006,830601.39,1,830601.39,986865.48,43.64,3.582,137.6269617,8.549
35,Dept-01,2011-03-18,Electronics,Premium,SPLR-005,800662.82,15,53377.52,953336.14,46.65,3.631,137.7398929,8.549
35,Dept-08,2011-03-25,Pharmacy,Premium,SPLR-010,762184.1,29,26282.21,845133.78,40.11,3.625,137.8478929,8.549
35,Dept-09,2011-01-04,Clothing,Premium,SPLR-009,762620.94,34,22430.03,890089.6,37.27,3.638,137.9558929,8.512
35,Dept-04,2011-08-04,Home Essentials,Premium,SPLR-004,813352.41,10,81335.24,920443.59,46.87,3.72,138.0638929,8.512
35,Dept-02,2011-04-15,Home Essentials,Premium,SPLR-002,795157.2,42,18932.31,902822.62,52.24,3.821,138.1646952,8.512
35,Dept-10,2011-04-22,Electronics,Regular,SPLR-005,841778.34,30,28059.28,955193.4,50.02,3.892,138.2475036,8.512
35,Dept-09,2011-04-29,Pharmacy,Regular,SPLR-010,811824.06,17,47754.36,949185.88,61.71,3.962,138.3303119,8.512
35,Dept-06,2011-06-05,Electronics,Regular,SPLR-006,835181.18,25,33407.25,925671.69,56.48,4.046,138.4131202,8.512
35,Dept-10,2011-05-13,Grocery,Regular,SPLR-006,826155.95,34,24298.7,932326.68,60.07,4.066,138.4959286,8.512
35,Dept-01,2011-05-20,Home Essentials,Regular,SPLR-004,776838.56,6,129473.09,928634.71,60.22,4.062,138.587106,8.512
35,Dept-08,2011-05-27,Home Essentials,Regular,SPLR-009,850708.6,37,22992.12,967415.0,66.43,3.985,138.6782834,8.512
35,Dept-08,2011-03-06,Pharmacy,Regular,SPLR-004,955466.84,38,25143.86,1125553.34,74.17,3.922,138.7694608,8.512
35,Dept-07,2011-10-06,Electronics,Regular,SPLR-010,855130.21,48,17815.21,1000803.37,73.26,3.881,138.8606382,8.512
35,Dept-06,2011-06-17,Electronics,Premium,SPLR-005,828594.86,48,17262.39,947348.46,67.03,3.842,139.0028333,8.512
35,Dept-02,2011-06-24,Home Essentials,Premium,SPLR-003,849397.57,42,20223.75,966849.37,72.02,3.804,139.1832917,8.512
35,Dept-01,2011-01-07,Pharmacy,Regular,SPLR-009,874453.88,45,19432.31,1008024.88,73.76,3.748,139.36375,8.684
35,Dept-06,2011-08-07,Clothing,Regular,SPLR-003,827717.85,17,48689.29,974202.69,76.87,3.711,139.5442083,8.684
35,Dept-06,2011-07-15,Electronics,New,SPLR-003,813845.5,43,18926.64,896864.74,77.83,3.76,139.7006325,8.684
35,Dept-08,2011-07-22,Clothing,Regular,SPLR-002,820188.42,12,68349.04,949354.13,82.28,3.811,139.7969712,8.684
35,Dept-09,2011-07-29,Electronics,Regular,SPLR-008,770820.27,41,18800.49,913812.44,79.41,3.829,139.8933099,8.684
35,Dept-05,2011-05-08,Pharmacy,Regular,SPLR-009,826820.71,47,17591.93,919153.97,78.14,3.842,139.9896486,8.684
35,Dept-05,2011-12-08,Grocery,New,SPLR-010,819911.89,47,17444.93,947909.35,76.67,3.812,140.0859873,8.684
35,Dept-10,2011-08-19,Pharmacy,Regular,SPLR-005,820288.35,43,19076.47,910309.64,72.97,3.747,140.1289205,8.684
35,Dept-04,2011-08-26,Clothing,Premium,SPLR-003,897037.25,28,32037.04,1046460.37,72.88,3.704,140.1629528,8.684
35,Dept-09,2011-02-09,Electronics,Regular,SPLR-005,813486.55,1,813486.55,967897.95,71.44,3.703,140.196985,8.684
35,Dept-02,2011-09-09,Grocery,New,SPLR-004,922440.64,11,83858.24,1026999.87,70.93,3.738,140.2310173,8.684
35,Dept-09,2011-09-16,Home Essentials,Premium,SPLR-002,738792.11,46,16060.7,852104.42,69.65,3.742,140.2735,8.684
35,Dept-08,2011-09-23,Home Essentials,Premium,SPLR-005,705802.45,5,141160.49,803460.51,63.61,3.711,140.32725,8.684
35,Dept-08,2011-09-30,Pharmacy,Regular,SPLR-007,749676.95,31,24183.13,887473.16,70.92,3.645,140.381,8.684
35,Dept-02,2011-07-10,Clothing,Regular,SPLR-007,791637.53,25,31665.5,874597.86,56.91,3.583,140.43475,8.745
35,Dept-10,2011-10-14,Electronics,Premium,SPLR-003,772859.25,47,16443.81,917496.03,64.78,3.541,140.4784194,8.745
35,Dept-06,2011-10-21,Electronics,Regular,SPLR-008,811328.4,23,35275.15,956356.76,59.62,3.57,140.4616048,8.745
35,Dept-05,2011-10-28,Pharmacy,Regular,SPLR-007,808821.5,1,808821.5,966232.82,51.81,3.569,140.4447903,8.745
35,Dept-06,2011-04-11,Clothing,Regular,SPLR-005,653468.75,19,34393.09,750774.01,44.46,3.551,140.4279758,8.745
35,Dept-07,2011-11-11,Electronics,Premium,SPLR-010,880576.33,9,97841.81,1005913.38,49.69,3.53,140.4111613,8.745
35,Dept-03,2011-11-18,Electronics,Regular,SPLR-007,820964.1,1,820964.1,962962.09,51.42,3.53,140.4127857,8.745
35,Dept-02,2011-11-25,Clothing,Regular,SPLR-005,1733822.4,35,49537.78,1958412.69,47.88,3.492,140.4217857,8.745
35,Dept-06,2011-02-12,Electronics,Regular,SPLR-004,903606.03,7,129086.58,1013790.43,50.55,3.452,140.4307857,8.745
35,Dept-01,2011-09-12,Electronics,Premium,SPLR-007,948964.99,13,72997.31,1093588.92,46.28,3.415,140.4397857,8.745
35,Dept-06,2011-12-16,Grocery,Regular,SPLR-008,1115255.65,19,58697.67,1270284.23,40.68,3.413,140.4700795,8.745
35,Dept-01,2011-12-23,Electronics,Premium,SPLR-004,1550214.02,33,46976.18,1819088.54,41.59,3.389,140.528765,8.745
35,Dept-03,2011-12-30,Pharmacy,Regular,SPLR-002,904650.55,34,26607.37,1053537.25,37.85,3.389,140.5874505,8.745
35,Dept-07,2012-06-01,Home Essentials,Regular,SPLR-002,671708.09,9,74634.23,751002.63,35.8,3.422,140.6461359,8.744
35,Dept-06,2012-01-13,Grocery,Regular,SPLR-005,625135.11,19,32901.85,693488.54,41.3,3.513,140.7048214,8.744
35,Dept-03,2012-01-20,Home Essentials,New,SPLR-006,669850.04,3,223283.35,763631.58,30.35,3.533,140.8086118,8.744
35,Dept-05,2012-01-27,Home Essentials,Regular,SPLR-008,588722.99,21,28034.43,680334.07,36.96,3.567,140.9124021,8.744
35,Dept-01,2012-03-02,Grocery,New,SPLR-010,746901.03,15,49793.4,887589.13,42.52,3.617,141.0161924,8.744
35,Dept-05,2012-10-02,Pharmacy,Regular,SPLR-007,849779.14,6,141629.86,991090.33,37.86,3.64,141.1199827,8.744
35,Dept-03,2012-02-17,Grocery,Premium,SPLR-006,824568.39,24,34357.02,969249.67,37.24,3.695,141.2140357,8.744
35,Dept-05,2012-02-24,Grocery,Regular,SPLR-003,805028.74,2,402514.37,896151.69,41.74,3.739,141.3007857,8.744
35,Dept-04,2012-02-03,Electronics,Regular,SPLR-003,766571.1,20,38328.56,909398.61,40.07,3.816,141.3875357,8.744
35,Dept-03,2012-09-03,Home Essentials,New,SPLR-004,796351.35,2,398175.68,935273.61,44.32,3.848,141.4742857,8.744
35,Dept-01,2012-03-16,Grocery,Regular,SPLR-002,793045.82,16,49565.36,932320.71,49.6,3.862,141.55478,8.744
35,Dept-09,2012-03-23,Clothing,New,SPLR-009,760671.1,16,47541.94,895543.15,57.3,3.9,141.6269332,8.744
35,Dept-07,2012-03-30,Home Essentials,New,SPLR-001,744525.69,34,21897.81,869203.26,49.4,3.953,141.6990864,8.744
35,Dept-01,2012-06-04,Pharmacy,Premium,SPLR-002,860293.46,47,18304.12,999219.5,48.73,3.996,141.7712396,8.876
35,Dept-05,2012-04-13,Electronics,Regular,SPLR-003,788633.42,49,16094.56,922177.23,52.22,4.044,141.8433929,8.876
35,Dept-06,2012-04-20,Electronics,Premium,SPLR-010,794660.24,37,21477.3,884785.13,62.62,4.027,141.9015262,8.876
35,Dept-04,2012-04-27,Electronics,Regular,SPLR-006,721212.45,46,15678.53,860116.93,52.33,4.004,141.9596595,8.876
35,Dept-08,2012-04-05,Grocery,New,SPLR-010,772036.6,46,16783.4,849672.24,53.68,3.951,142.0177929,8.876
35,Dept-10,2012-11-05,Clothing,Regular,SPLR-004,802383.63,9,89153.74,894686.79,58.97,3.889,142.0759262,8.876
35,Dept-02,2012-05-18,Grocery,New,SPLR-005,819196.68,7,117028.1,950975.97,65.15,3.848,142.0970115,8.876
35,Dept-09,2012-05-25,Clothing,Regular,SPLR-010,822167.17,41,20052.86,979015.82,64.77,3.798,142.1032776,8.876
35,Dept-03,2012-01-06,Pharmacy,Premium,SPLR-004,932195.52,7,133170.79,1109191.48,73.4,3.742,142.1095438,8.876
35,Dept-08,2012-08-06,Electronics,Premium,SPLR-001,873415.01,41,21302.81,977864.02,64.05,3.689,142.1158099,8.876
35,Dept-10,2012-06-15,Grocery,New,SPLR-003,848289.41,43,19727.66,974862.38,69.52,3.62,142.1292548,8.876
35,Dept-06,2012-06-22,Electronics,Premium,SPLR-001,911696.0,29,31437.79,1022406.71,73.23,3.564,142.1606464,8.876
35,Dept-02,2012-06-29,Home Essentials,Regular,SPLR-004,892133.41,41,21759.35,993658.01,73.94,3.506,142.1920381,8.876
35,Dept-08,2012-06-07,Electronics,Regular,SPLR-010,985479.64,6,164246.61,1102139.61,82.08,3.475,142.2234298,8.839
35,Dept-10,2012-07-13,Electronics,Regular,SPLR-001,825763.48,40,20644.09,927795.18,78.95,3.523,142.2548214,8.839
35,Dept-06,2012-07-20,Home Essentials,Regular,SPLR-003,841224.74,32,26288.27,962237.17,78.64,3.567,142.2337569,8.839
35,Dept-02,2012-07-27,Grocery,Premium,SPLR-007,808030.15,14,57716.44,969093.99,76.01,3.647,142.2126924,8.839
35,Dept-09,2012-03-08,Grocery,Premium,SPLR-005,866216.36,29,29869.53,1010106.64,75.22,3.654,142.1916279,8.839
35,Dept-10,2012-10-08,Electronics,Premium,SPLR-008,888368.8,33,26920.27,1024276.02,78.44,3.722,142.1705634,8.839
35,Dept-03,2012-08-17,Home Essentials,Regular,SPLR-002,887979.47,39,22768.7,1016283.42,76.51,3.807,142.2157385,8.839
35,Dept-03,2012-08-24,Home Essentials,Regular,SPLR-004,895274.72,38,23559.86,1051380.86,72.93,3.834,142.3105933,8.839
35,Dept-04,2012-08-31,Home Essentials,Regular,SPLR-003,931278.97,24,38803.29,1116769.54,75.0,3.867,142.4054482,8.839
35,Dept-10,2012-07-09,Electronics,Regular,SPLR-006,984833.35,18,54712.96,1122789.26,76.0,3.911,142.500303,8.839
35,Dept-09,2012-09-14,Electronics,Regular,SPLR-007,821568.64,30,27385.62,907451.85,68.72,3.948,142.5938833,8.839
35,Dept-06,2012-09-21,Grocery,Premium,SPLR-010,772302.94,30,25743.43,854817.2,66.1,4.038,142.6798167,8.839
35,Dept-10,2012-09-28,Home Essentials,Regular,SPLR-002,814099.86,43,18932.55,938856.51,64.92,3.997,142.76575,8.839
35,Dept-09,2012-05-10,Pharmacy,New,SPLR-005,866064.4,11,78733.13,1011470.15,64.5,3.985,142.8516833,8.665
35,Dept-01,2012-12-10,Home Essentials,Regular,SPLR-003,873643.14,47,18588.15,972721.55,55.4,4.0,142.9376167,8.665
35,Dept-10,2012-10-19,Clothing,Regular,SPLR-006,829284.67,27,30714.25,945556.57,56.53,3.969,142.8633629,8.665
35,Dept-09,2012-10-26,Pharmacy,Regular,SPLR-007,865137.6,37,23382.1,975273.14,58.99,3.882,142.7624113,8.665
36,Dept-05,2010-05-02,Electronics,Premium,SPLR-009,467546.74,7,66792.39,551759.73,45.97,2.545,209.8529663,8.554
36,Dept-08,2010-12-02,Home Essentials,New,SPLR-008,469563.7,22,21343.8,555885.67,46.11,2.539,209.9970208,8.554
36,Dept-02,2010-02-19,Grocery,New,SPLR-008,470281.03,10,47028.1,529313.89,45.66,2.472,210.0451024,8.554
36,Dept-02,2010-02-26,Pharmacy,Premium,SPLR-009,447519.44,31,14436.11,517054.35,50.87,2.52,210.0771885,8.554
36,Dept-04,2010-05-03,Grocery,New,SPLR-001,480203.43,30,16006.78,530976.15,51.33,2.574,210.1092746,8.554
36,Dept-07,2010-12-03,Home Essentials,Premium,SPLR-004,441434.2,8,55179.28,492197.63,61.96,2.619,210.1413607,8.554
36,Dept-06,2010-03-19,Pharmacy,Regular,SPLR-008,428851.99,33,12995.51,503484.14,59.56,2.701,209.9803208,8.554
36,Dept-05,2010-03-26,Electronics,Regular,SPLR-010,404438.51,22,18383.57,466771.81,55.76,2.711,209.7870932,8.554
36,Dept-06,2010-02-04,Electronics,Regular,SPLR-003,435972.82,44,9908.47,492064.65,63.43,2.708,209.5938656,8.464
36,Dept-05,2010-09-04,Pharmacy,Premium,SPLR-002,453016.91,2,226508.46,534319.49,68.54,2.743,209.400638,8.464
36,Dept-04,2010-04-16,Home Essentials,New,SPLR-010,483699.56,18,26872.2,533764.99,66.74,2.769,209.2691428,8.464
36,Dept-08,2010-04-23,Electronics,New,SPLR-006,434116.8,38,11424.13,481686.03,68.03,2.762,209.2199574,8.464
36,Dept-10,2010-04-30,Pharmacy,Premium,SPLR-005,457899.64,8,57237.46,539242.44,70.9,2.725,209.170772,8.464
36,Dept-09,2010-07-05,Electronics,Premium,SPLR-003,489372.02,45,10874.93,546811.39,75.56,2.786,209.1215867,8.464
36,Dept-08,2010-05-14,Electronics,New,SPLR-005,476733.74,12,39727.81,571785.41,77.53,2.805,209.118536,8.464
36,Dept-05,2010-05-21,Electronics,Regular,SPLR-006,474917.98,5,94983.6,564289.45,77.34,2.767,209.3922937,8.464
36,Dept-05,2010-05-28,Home Essentials,Regular,SPLR-009,447050.42,41,10903.67,495319.39,80.87,2.716,209.6660514,8.464
36,Dept-08,2010-04-06,Clothing,Regular,SPLR-003,471088.88,31,15196.42,538752.72,79.93,2.664,209.9398091,8.464
36,Dept-10,2010-11-06,Pharmacy,Regular,SPLR-002,467711.18,20,23385.56,546769.51,82.3,2.615,210.2135668,8.464
36,Dept-05,2010-06-18,Pharmacy,Regular,SPLR-006,485694.72,33,14718.02,540751.16,84.37,2.572,210.2108417,8.464
36,Dept-10,2010-06-25,Electronics,New,SPLR-005,434879.87,12,36239.99,498470.97,84.14,2.601,210.0975233,8.464
36,Dept-06,2010-02-07,Grocery,Premium,SPLR-002,434252.15,9,48250.24,496080.27,81.85,2.606,209.984205,8.36
36,Dept-05,2010-09-07,Pharmacy,New,SPLR-004,471713.59,30,15723.79,547494.87,81.74,2.596,209.8708867,8.36
36,Dept-04,2010-07-16,Grocery,Regular,SPLR-002,466962.04,12,38913.5,544314.71,84.43,2.561,209.8630532,8.36
36,Dept-02,2010-07-23,Home Essentials,Premium,SPLR-001,452021.2,6,75336.87,499043.53,82.6,2.542,209.9958663,8.36
36,Dept-06,2010-07-30,Electronics,Regular,SPLR-005,432451.91,13,33265.53,489683.19,81.88,2.602,210.1286794,8.36
36,Dept-07,2010-06-08,Pharmacy,Regular,SPLR-008,467442.94,45,10387.62,536191.95,85.49,2.573,210.2614925,8.36
36,Dept-03,2010-08-13,Electronics,New,SPLR-008,470436.8,41,11474.07,541577.67,86.06,2.644,210.3943056,8.36
36,Dept-06,2010-08-20,Electronics,New,SPLR-005,437949.9,14,31282.14,499997.75,85.54,2.604,210.3617581,8.36
36,Dept-04,2010-08-27,Home Essentials,New,SPLR-002,412050.73,8,51506.34,460236.15,84.62,2.562,210.3292106,8.36
36,Dept-01,2010-03-09,Clothing,Premium,SPLR-009,431294.45,41,10519.38,481019.82,82.29,2.533,210.2966631,8.36
36,Dept-10,2010-10-09,Pharmacy,Regular,SPLR-002,434471.38,22,19748.7,506533.94,80.58,2.513,210.2641156,8.36
36,Dept-05,2010-09-17,Clothing,Regular,SPLR-010,454694.21,5,90938.84,517685.05,82.1,2.55,210.2924504,8.36
36,Dept-02,2010-09-24,Clothing,Regular,SPLR-004,419348.59,42,9984.49,499818.31,79.17,2.578,210.3664469,8.36
36,Dept-01,2010-01-10,Clothing,Regular,SPLR-005,422169.47,30,14072.32,502956.91,74.66,2.567,210.4404433,8.476
36,Dept-05,2010-08-10,Grocery,New,SPLR-002,444351.61,35,12695.76,514400.32,66.34,2.595,210.5144398,8.476
36,Dept-04,2010-10-15,Clothing,Regular,SPLR-009,453308.15,8,56663.52,525150.98,71.57,2.705,210.5805944,8.476
36,Dept-02,2010-10-22,Electronics,Regular,SPLR-010,424956.3,44,9658.1,497031.94,72.24,2.698,210.6271444,8.476
36,Dept-01,2010-10-29,Clothing,Regular,SPLR-007,392654.26,40,9816.36,444921.2,76.22,2.68,210.6736944,8.476
36,Dept-07,2010-05-11,Clothing,New,SPLR-010,405860.37,41,9899.03,459063.87,62.72,2.655,210.7202444,8.476
36,Dept-06,2010-12-11,Home Essentials,Regular,SPLR-005,425804.8,18,23655.82,476392.02,61.97,2.705,210.7667944,8.476
36,Dept-08,2010-11-19,Grocery,Regular,SPLR-008,411615.71,16,25725.98,455202.6,56.73,2.741,210.65429,8.476
36,Dept-01,2010-11-26,Electronics,Regular,SPLR-002,408891.49,49,8344.72,466465.53,67.73,2.725,210.5152765,8.476
36,Dept-08,2010-03-12,Electronics,Regular,SPLR-008,360266.09,24,15011.09,405879.04,54.44,2.694,210.376263,8.476
36,Dept-09,2010-10-12,Pharmacy,Regular,SPLR-002,404545.03,16,25284.06,472839.98,51.83,2.813,210.2372494,8.476
36,Dept-04,2010-12-17,Clothing,Premium,SPLR-004,410214.7,15,27347.65,471803.22,56.73,2.852,210.1787224,8.476
36,Dept-08,2010-12-24,Home Essentials,Regular,SPLR-010,422093.59,28,15074.77,484090.27,59.1,2.863,210.1805602,8.476
36,Dept-04,2010-12-31,Home Essentials,Premium,SPLR-001,359310.65,11,32664.6,397987.1,52.88,2.949,210.182398,8.476
36,Dept-04,2011-07-01,Clothing,Premium,SPLR-009,384659.85,6,64109.98,444875.01,54.11,2.942,210.1842358,8.395
36,Dept-10,2011-01-14,Electronics,Regular,SPLR-006,410497.73,1,410497.73,467537.49,42.87,2.971,210.2379731,8.395
36,Dept-04,2011-01-21,Grocery,Regular,SPLR-008,399191.05,33,12096.7,477363.49,51.18,2.98,210.6031072,8.395
36,Dept-08,2011-01-28,Clothing,New,SPLR-001,372174.12,1,372174.12,441297.97,48.74,2.995,210.9682412,8.395
36,Dept-01,2011-04-02,Electronics,Premium,SPLR-007,417521.7,23,18153.12,469189.93,46.68,2.98,211.3333753,8.395
36,Dept-07,2011-11-02,Clothing,Regular,SPLR-003,401501.2,20,20075.06,473773.48,41.16,3.009,211.6985093,8.395
36,Dept-07,2011-02-18,Electronics,New,SPLR-008,427175.03,5,85435.01,504650.55,57.48,3.017,212.0063522,8.395
36,Dept-07,2011-02-25,Electronics,New,SPLR-009,380279.44,39,9750.75,445625.43,67.73,3.053,212.2912786,8.395
36,Dept-10,2011-04-03,Grocery,New,SPLR-002,402579.84,22,18299.08,451962.62,64.55,3.282,212.576205,8.395
36,Dept-03,2011-11-03,Electronics,Regular,SPLR-003,407506.78,29,14051.96,452149.88,59.15,3.448,212.8611313,8.395
36,Dept-02,2011-03-18,Clothing,Regular,SPLR-002,431412.22,10,43141.22,481813.31,64.9,3.487,213.1096787,8.395
36,Dept-06,2011-03-25,Electronics,Regular,SPLR-001,390732.02,25,15629.28,439300.74,71.07,3.488,213.3436744,8.395
36,Dept-07,2011-01-04,Home Essentials,Regular,SPLR-002,385672.11,32,12052.25,447586.1,67.31,3.529,213.5776701,8.3
36,Dept-09,2011-08-04,Clothing,New,SPLR-010,428727.61,28,15311.7,508785.51,69.39,3.645,213.8116658,8.3
36,Dept-03,2011-04-15,Grocery,Premium,SPLR-004,414986.54,44,9431.51,466407.07,73.25,3.763,214.026217,8.3
36,Dept-02,2011-04-22,Electronics,Regular,SPLR-001,374574.72,14,26755.34,446063.84,74.57,3.805,214.1921572,8.3
36,Dept-07,2011-04-29,Home Essentials,Regular,SPLR-005,340708.78,23,14813.43,390301.96,76.1,3.837,214.3580974,8.3
36,Dept-08,2011-06-05,Electronics,Regular,SPLR-007,393401.4,16,24587.59,458980.06,69.56,3.917,214.5240376,8.3
36,Dept-06,2011-05-13,Pharmacy,New,SPLR-005,395316.65,36,10981.02,471672.65,76.73,3.92,214.6899778,8.3
36,Dept-07,2011-05-20,Home Essentials,Regular,SPLR-002,376183.44,6,62697.24,416160.08,73.02,3.925,214.465412,8.3
36,Dept-03,2011-05-27,Home Essentials,New,SPLR-003,348655.2,8,43581.9,394498.22,81.28,3.786,214.2408462,8.3
36,Dept-04,2011-03-06,Pharmacy,Premium,SPLR-002,373703.95,23,16248.0,422860.59,82.96,3.69,214.0162805,8.3
36,Dept-05,2011-10-06,Grocery,Regular,SPLR-003,374182.04,17,22010.71,438612.62,82.41,3.633,213.7917147,8.3
36,Dept-04,2011-06-17,Electronics,Regular,SPLR-008,394645.25,11,35876.84,465794.58,84.43,3.599,213.7481256,8.3
36,Dept-05,2011-06-24,Home Essentials,Regular,SPLR-003,360009.94,10,36000.99,413045.03,83.95,3.569,213.8402689,8.3
36,Dept-02,2011-01-07,Clothing,Regular,SPLR-001,354270.77,19,18645.83,393035.82,85.33,3.502,213.9324122,8.177
36,Dept-07,2011-08-07,Pharmacy,Regular,SPLR-001,377464.62,7,53923.52,419574.02,84.71,3.44,214.0245556,8.177
36,Dept-06,2011-07-15,Home Essentials,New,SPLR-009,385631.48,42,9181.7,455942.4,85.63,3.55,214.1083654,8.177
36,Dept-09,2011-07-22,Grocery,Premium,SPLR-001,361311.41,21,17205.31,428531.4,83.31,3.637,214.1713416,8.177
36,Dept-02,2011-07-29,Pharmacy,Regular,SPLR-003,354361.08,44,8053.66,400817.21,84.99,3.66,214.2343177,8.177
36,Dept-10,2011-05-08,Pharmacy,Regular,SPLR-008,381017.75,15,25401.18,455624.9,86.71,3.652,214.2972939,8.177
36,Dept-09,2011-12-08,Clothing,Premium,SPLR-009,380188.69,34,11182.02,428093.39,87.64,3.608,214.3602701,8.177
36,Dept-04,2011-08-19,Home Essentials,Premium,SPLR-009,373267.58,23,16229.03,441530.33,87.24,3.534,214.4239935,8.177
36,Dept-05,2011-08-26,Grocery,New,SPLR-006,344964.2,20,17248.21,404430.14,86.02,3.501,214.4878416,8.177
36,Dept-05,2011-02-09,Grocery,Regular,SPLR-002,350276.29,27,12973.2,389340.25,87.5,3.481,214.5516896,8.177
36,Dept-10,2011-09-09,Electronics,Regular,SPLR-003,352960.64,25,14118.43,398238.86,77.94,3.499,214.6155376,8.177
36,Dept-09,2011-09-16,Clothing,New,SPLR-008,343108.12,41,8368.49,391227.8,82.06,3.473,214.7934111,8.177
36,Dept-02,2011-09-23,Grocery,Regular,SPLR-006,322405.13,14,23028.94,384460.5,78.35,3.441,215.1233185,8.177
36,Dept-02,2011-09-30,Grocery,Regular,SPLR-009,314910.37,25,12596.41,349726.75,81.52,3.328,215.4532259,8.177
36,Dept-02,2011-07-10,Clothing,Premium,SPLR-005,346137.87,10,34613.79,403826.46,71.2,3.262,215.7831333,7.716
36,Dept-09,2011-10-14,Home Essentials,New,SPLR-008,342076.99,3,114025.66,399299.79,74.16,3.234,216.0885258,7.716
36,Dept-06,2011-10-21,Home Essentials,Regular,SPLR-003,328633.34,9,36514.82,384177.29,67.89,3.308,216.2468287,7.716
36,Dept-03,2011-10-28,Pharmacy,Regular,SPLR-005,306193.81,16,19137.11,346196.63,71.31,3.306,216.4051315,7.716
36,Dept-03,2011-04-11,Clothing,Premium,SPLR-007,313387.11,11,28489.74,363556.12,58.97,3.287,216.5634344,7.716
36,Dept-02,2011-11-11,Home Essentials,Regular,SPLR-001,328498.92,8,41062.36,362630.03,63.5,3.254,216.7217373,7.716
36,Dept-09,2011-11-18,Grocery,Regular,SPLR-010,332901.94,32,10403.19,388050.82,66.28,3.26,216.9395861,7.716
36,Dept-03,2011-11-25,Home Essentials,Regular,SPLR-004,332811.55,26,12800.44,371965.78,66.41,3.181,217.1812533,7.716
36,Dept-10,2011-02-12,Grocery,Regular,SPLR-010,293350.51,48,6111.47,336553.6,53.57,3.164,217.4229206,7.716
36,Dept-09,2011-09-12,Home Essentials,Premium,SPLR-002,312298.37,2,156149.18,374091.86,50.64,3.147,217.6645878,7.716
36,Dept-04,2011-12-16,Pharmacy,Regular,SPLR-007,341503.92,34,10044.23,405850.9,58.31,3.133,217.8781339,7.716
36,Dept-02,2011-12-23,Home Essentials,Regular,SPLR-007,325262.46,14,23233.03,370115.81,55.41,3.098,218.0541851,7.716
36,Dept-02,2011-12-30,Electronics,New,SPLR-007,287425.22,25,11497.01,339418.04,48.26,3.132,218.2302364,7.716
36,Dept-03,2012-06-01,Pharmacy,Premium,SPLR-006,329467.82,25,13178.71,377049.57,57.18,3.129,218.4062876,7.244
36,Dept-08,2012-01-13,Home Essentials,New,SPLR-004,325976.34,30,10865.88,367264.57,56.28,3.254,218.5823389,7.244
36,Dept-06,2012-01-20,Grocery,New,SPLR-009,330927.21,36,9192.42,383469.72,58.9,3.275,218.6755292,7.244
36,Dept-10,2012-01-27,Home Essentials,Regular,SPLR-002,301444.94,44,6851.02,357908.31,62.73,3.313,218.7687195,7.244
36,Dept-01,2012-03-02,Clothing,Regular,SPLR-010,310982.87,14,22213.06,367108.56,61.33,3.421,218.8619099,7.244
36,Dept-04,2012-10-02,Grocery,Regular,SPLR-004,335741.9,47,7143.44,387605.46,54.49,3.462,218.9551002,7.244
36,Dept-03,2012-02-17,Electronics,Regular,SPLR-005,326316.73,7,46616.68,385610.6,54.38,3.503,219.1148297,7.244
36,Dept-10,2012-02-24,Grocery,New,SPLR-004,313270.45,44,7119.78,353249.18,62.21,3.55,219.3244636,7.244
36,Dept-02,2012-02-03,Home Essentials,Regular,SPLR-008,315396.72,32,9856.15,349997.34,64.54,3.619,219.5340975,7.244
36,Dept-01,2012-09-03,Clothing,Premium,SPLR-008,318674.93,13,24513.46,357875.11,63.19,3.647,219.7437314,7.244
36,Dept-08,2012-03-16,Home Essentials,Premium,SPLR-003,335345.82,26,12897.92,378914.42,67.48,3.779,219.8956335,7.244
36,Dept-09,2012-03-23,Clothing,Regular,SPLR-008,317872.51,47,6763.24,377048.91,69.18,3.845,219.9705599,7.244
36,Dept-05,2012-03-30,Clothing,Regular,SPLR-003,304144.9,32,9504.53,334952.55,70.48,3.891,220.0454862,7.244
36,Dept-08,2012-06-04,Home Essentials,Premium,SPLR-006,331026.11,4,82756.53,389903.77,73.95,3.934,220.1204125,6.989
36,Dept-05,2012-04-13,Electronics,Regular,SPLR-002,339407.94,47,7221.45,391562.52,72.54,3.919,220.1953389,6.989
36,Dept-07,2012-04-20,Pharmacy,Regular,SPLR-009,323915.32,26,12458.28,382127.49,70.87,3.918,220.2483937,6.989
36,Dept-04,2012-04-27,Electronics,Regular,SPLR-009,308389.82,20,15419.49,340705.73,70.06,3.888,220.3014485,6.989
36,Dept-09,2012-04-05,Home Essentials,New,SPLR-001,312467.52,6,52077.92,366895.94,77.17,3.835,220.3545033,6.989
36,Dept-07,2012-11-05,Electronics,New,SPLR-010,330518.34,47,7032.31,369418.12,76.55,3.764,220.4075581,6.989
36,Dept-10,2012-05-18,Electronics,Premium,SPLR-007,324801.13,22,14763.69,370589.7,73.7,3.713,220.4252149,6.989
36,Dept-07,2012-05-25,Clothing,Regular,SPLR-009,306098.17,2,153049.08,351286.85,78.94,3.636,220.4287124,6.989
36,Dept-07,2012-01-06,Pharmacy,New,SPLR-003,306005.53,4,76501.38,340620.6,80.74,3.567,220.4322099,6.989
36,Dept-04,2012-08-06,Clothing,Regular,SPLR-001,338273.38,6,56378.9,397646.39,81.5,3.513,220.4357073,6.989
36,Dept-05,2012-06-15,Electronics,Regular,SPLR-004,333146.88,3,111048.96,395527.64,82.15,3.407,220.4494148,6.989
36,Dept-01,2012-06-22,Clothing,Regular,SPLR-002,306411.01,7,43773.0,360887.88,80.4,3.358,220.4886472,6.989
36,Dept-02,2012-06-29,Grocery,Regular,SPLR-006,291530.43,36,8098.07,348702.67,86.68,3.273,220.5278796,6.989
36,Dept-08,2012-06-07,Electronics,Premium,SPLR-007,306578.89,45,6812.86,340412.07,81.52,3.232,220.567112,6.623
36,Dept-10,2012-07-13,Clothing,Regular,SPLR-002,298337.41,2,149168.7,334082.92,78.15,3.245,220.6063444,6.623
36,Dept-08,2012-07-20,Grocery,Regular,SPLR-002,303289.55,12,25274.13,344381.94,81.76,3.301,220.6148749,6.623
36,Dept-07,2012-07-27,Grocery,Regular,SPLR-010,279643.43,32,8738.86,322390.17,84.0,3.392,220.6234054,6.623
36,Dept-10,2012-03-08,Electronics,Regular,SPLR-006,304989.97,37,8242.97,356079.53,85.56,3.404,220.6319358,6.623
36,Dept-04,2012-10-08,Grocery,Regular,SPLR-008,298947.51,5,59789.5,340568.4,84.41,3.49,220.6404663,6.623
36,Dept-09,2012-08-17,Clothing,Premium,SPLR-004,314607.22,27,11652.12,356684.59,85.89,3.571,220.7199609,6.623
36,Dept-08,2012-08-24,Electronics,Regular,SPLR-004,282545.55,2,141272.78,327051.17,81.26,3.574,220.8526787,6.623
36,Dept-04,2012-08-31,Home Essentials,New,SPLR-009,282647.48,14,20189.11,323557.49,84.79,3.608,220.9853964,6.623
36,Dept-09,2012-07-09,Electronics,New,SPLR-001,293728.57,8,36716.07,327542.06,84.19,3.697,221.1181142,6.623
36,Dept-03,2012-09-14,Electronics,Regular,SPLR-001,301893.63,31,9738.5,341876.46,78.16,3.692,221.2601207,6.623
36,Dept-02,2012-09-21,Clothing,New,SPLR-010,293804.45,34,8641.31,335188.92,75.98,3.709,221.4578604,6.623
36,Dept-02,2012-09-28,Grocery,Regular,SPLR-009,270677.98,34,7961.12,320722.81,79.49,3.66,221.6556,6.623
36,Dept-10,2012-05-10,Electronics,Regular,SPLR-006,277137.86,11,25194.35,318206.72,73.57,3.611,221.8533396,6.228
36,Dept-08,2012-12-10,Grocery,Premium,SPLR-003,300236.85,6,50039.48,332812.27,71.28,3.576,222.0510793,6.228
36,Dept-01,2012-10-19,Pharmacy,Regular,SPLR-006,287360.05,15,19157.34,338839.26,74.06,3.57,222.0951719,6.228
36,Dept-06,2012-10-26,Home Essentials,Premium,SPLR-008,272489.41,41,6646.08,319742.89,74.39,3.494,222.1136566,6.228
37,Dept-10,2010-05-02,Electronics,Regular,SPLR-002,536006.73,8,67000.84,614692.59,45.97,2.572,209.8529663,8.554
37,Dept-01,2010-12-02,Pharmacy,Regular,SPLR-008,529852.7,44,12042.11,603126.32,46.11,2.548,209.9970208,8.554
37,Dept-09,2010-02-19,Pharmacy,Regular,SPLR-006,510382.5,16,31898.91,601594.17,45.66,2.514,210.0451024,8.554
37,Dept-09,2010-02-26,Pharmacy,Regular,SPLR-004,513615.82,20,25680.79,575120.96,50.87,2.561,210.0771885,8.554
37,Dept-09,2010-05-03,Clothing,New,SPLR-004,519255.68,48,10817.83,611805.52,51.33,2.625,210.1092746,8.554
37,Dept-02,2010-12-03,Clothing,New,SPLR-003,513015.35,21,24429.3,599582.48,61.96,2.667,210.1413607,8.554
37,Dept-02,2010-03-19,Clothing,New,SPLR-005,460020.74,8,57502.59,519803.01,59.56,2.72,209.9803208,8.554
37,Dept-01,2010-03-26,Electronics,Regular,SPLR-010,515777.97,12,42981.5,610421.67,55.76,2.732,209.7870932,8.554
37,Dept-06,2010-02-04,Electronics,Regular,SPLR-004,540189.7,46,11743.25,629859.15,63.43,2.719,209.5938656,8.464
37,Dept-09,2010-09-04,Pharmacy,Premium,SPLR-003,513327.55,29,17700.95,614692.51,68.54,2.77,209.400638,8.464
37,Dept-02,2010-04-16,Pharmacy,Regular,SPLR-002,524544.83,24,21856.03,615080.87,66.74,2.808,209.2691428,8.464
37,Dept-01,2010-04-23,Pharmacy,Regular,SPLR-009,527019.78,28,18822.14,618993.18,68.03,2.795,209.2199574,8.464
37,Dept-09,2010-04-30,Home Essentials,Regular,SPLR-009,517850.83,3,172616.94,570341.18,70.9,2.78,209.170772,8.464
37,Dept-06,2010-07-05,Clothing,Regular,SPLR-001,543234.77,2,271617.38,629058.53,75.56,2.835,209.1215867,8.464
37,Dept-10,2010-05-14,Electronics,Regular,SPLR-004,505196.08,7,72170.87,568064.11,77.53,2.854,209.118536,8.464
37,Dept-03,2010-05-21,Clothing,Regular,SPLR-001,510494.7,33,15469.54,608256.89,77.34,2.826,209.3922937,8.464
37,Dept-03,2010-05-28,Home Essentials,New,SPLR-004,532241.22,31,17169.07,610100.96,80.87,2.759,209.6660514,8.464
37,Dept-05,2010-04-06,Clothing,Premium,SPLR-004,479195.02,8,59899.38,568510.07,79.93,2.705,209.9398091,8.464
37,Dept-07,2010-11-06,Home Essentials,Regular,SPLR-009,481915.11,20,24095.76,571948.53,82.3,2.668,210.2135668,8.464
37,Dept-04,2010-06-18,Home Essentials,New,SPLR-010,505761.62,39,12968.25,576858.2,84.37,2.637,210.2108417,8.464
37,Dept-10,2010-06-25,Pharmacy,New,SPLR-002,485419.39,9,53935.49,575117.51,84.14,2.653,210.0975233,8.464
37,Dept-06,2010-02-07,Electronics,Regular,SPLR-001,498292.53,20,24914.63,555286.42,81.85,2.669,209.984205,8.36
37,Dept-09,2010-09-07,Clothing,Regular,SPLR-009,502456.04,36,13957.11,574813.28,81.74,2.642,209.8708867,8.36
37,Dept-10,2010-07-16,Clothing,Regular,SPLR-006,485150.01,38,12767.11,543590.21,84.43,2.623,209.8630532,8.36
37,Dept-01,2010-07-23,Grocery,Regular,SPLR-006,491998.12,3,163999.37,572139.14,82.6,2.608,209.9958663,8.36
37,Dept-02,2010-07-30,Grocery,Regular,SPLR-004,487912.95,33,14785.24,557699.3,81.88,2.64,210.1286794,8.36
37,Dept-01,2010-06-08,Home Essentials,Regular,SPLR-001,508576.62,17,29916.27,598073.59,85.49,2.627,210.2614925,8.36
37,Dept-03,2010-08-13,Clothing,New,SPLR-001,491815.83,2,245907.92,557230.45,86.06,2.692,210.3943056,8.36
37,Dept-08,2010-08-20,Grocery,New,SPLR-002,486930.72,16,30433.17,563112.18,85.54,2.664,210.3617581,8.36
37,Dept-01,2010-08-27,Pharmacy,New,SPLR-009,512157.25,30,17071.91,596111.74,84.62,2.619,210.3292106,8.36
37,Dept-02,2010-03-09,Electronics,Premium,SPLR-007,510427.53,43,11870.41,586757.32,82.29,2.577,210.2966631,8.36
37,Dept-01,2010-10-09,Clothing,New,SPLR-008,510296.07,17,30017.42,589822.48,80.58,2.565,210.2641156,8.36
37,Dept-04,2010-09-17,Electronics,New,SPLR-003,501251.4,14,35803.67,558287.17,82.1,2.582,210.2924504,8.36
37,Dept-10,2010-09-24,Home Essentials,Premium,SPLR-001,494265.48,34,14537.22,592046.73,79.17,2.624,210.3664469,8.36
37,Dept-07,2010-01-10,Home Essentials,Regular,SPLR-007,529877.93,2,264938.97,620709.04,74.66,2.603,210.4404433,8.476
37,Dept-09,2010-08-10,Electronics,Regular,SPLR-001,524483.65,46,11401.82,604893.16,66.34,2.633,210.5144398,8.476
37,Dept-06,2010-10-15,Home Essentials,Premium,SPLR-005,498925.86,37,13484.48,592006.99,71.57,2.72,210.5805944,8.476
37,Dept-01,2010-10-22,Electronics,New,SPLR-002,510425.4,22,23201.15,589941.81,72.24,2.725,210.6271444,8.476
37,Dept-08,2010-10-29,Grocery,Premium,SPLR-002,514485.9,49,10499.71,604111.83,76.22,2.716,210.6736944,8.476
37,Dept-04,2010-05-11,Pharmacy,New,SPLR-006,539683.42,45,11992.96,637845.67,62.72,2.689,210.7202444,8.476
37,Dept-01,2010-12-11,Pharmacy,New,SPLR-002,517546.69,35,14787.05,598299.79,61.97,2.728,210.7667944,8.476
37,Dept-08,2010-11-19,Pharmacy,New,SPLR-004,518124.16,25,20724.97,613484.88,56.73,2.771,210.65429,8.476
37,Dept-05,2010-11-26,Clothing,Regular,SPLR-006,518220.72,14,37015.77,596773.18,67.73,2.735,210.5152765,8.476
37,Dept-05,2010-03-12,Grocery,Premium,SPLR-003,508213.14,47,10813.05,594894.96,54.44,2.708,210.376263,8.476
37,Dept-08,2010-10-12,Electronics,New,SPLR-010,511207.52,42,12171.61,601487.4,51.83,2.843,210.2372494,8.476
37,Dept-08,2010-12-17,Grocery,Regular,SPLR-001,534285.21,1,534285.21,592014.25,56.73,2.869,210.1787224,8.476
37,Dept-02,2010-12-24,Grocery,New,SPLR-010,576809.92,19,30358.42,666241.87,59.1,2.886,210.1805602,8.476
37,Dept-09,2010-12-31,Grocery,Premium,SPLR-007,460331.7,5,92066.34,515187.3,52.88,2.943,210.182398,8.476
37,Dept-10,2011-07-01,Home Essentials,New,SPLR-007,542464.02,34,15954.82,606353.25,54.11,2.976,210.1842358,8.395
37,Dept-10,2011-01-14,Grocery,Regular,SPLR-002,525616.9,8,65702.11,622103.66,42.87,2.983,210.2379731,8.395
37,Dept-07,2011-01-21,Pharmacy,Regular,SPLR-004,526486.82,30,17549.56,621095.9,51.18,3.016,210.6031072,8.395
37,Dept-02,2011-01-28,Grocery,Premium,SPLR-009,513672.36,28,18345.44,566408.86,48.74,3.01,210.9682412,8.395
37,Dept-06,2011-04-02,Electronics,Regular,SPLR-002,583835.18,13,44910.4,663666.39,46.68,2.989,211.3333753,8.395
37,Dept-06,2011-11-02,Clothing,Regular,SPLR-005,522514.32,30,17417.14,580503.57,41.16,3.022,211.6985093,8.395
37,Dept-05,2011-02-18,Pharmacy,Regular,SPLR-003,536840.69,17,31578.86,617484.68,57.48,3.045,212.0063522,8.395
37,Dept-02,2011-02-25,Electronics,Premium,SPLR-005,514758.19,20,25737.91,578335.1,67.73,3.065,212.2912786,8.395
37,Dept-04,2011-04-03,Electronics,Regular,SPLR-008,527572.25,25,21102.89,589841.1,64.55,3.288,212.576205,8.395
37,Dept-10,2011-11-03,Electronics,Regular,SPLR-004,505610.4,1,505610.4,572674.73,59.15,3.459,212.8611313,8.395
37,Dept-02,2011-03-18,Grocery,Regular,SPLR-009,478503.06,42,11392.93,526519.68,64.9,3.488,213.1096787,8.395
37,Dept-09,2011-03-25,Pharmacy,Premium,SPLR-001,522105.93,9,58011.77,620870.9,71.07,3.473,213.3436744,8.395
37,Dept-09,2011-01-04,Electronics,Regular,SPLR-008,534578.78,4,133644.7,595233.2,67.31,3.524,213.5776701,8.3
37,Dept-09,2011-08-04,Clothing,Premium,SPLR-010,543703.16,22,24713.78,643381.02,69.39,3.622,213.8116658,8.3
37,Dept-04,2011-04-15,Clothing,Regular,SPLR-006,543775.87,25,21751.03,605916.14,73.25,3.743,214.026217,8.3
37,Dept-07,2011-04-22,Pharmacy,Regular,SPLR-007,526434.37,26,20247.48,616427.81,74.57,3.807,214.1921572,8.3
37,Dept-04,2011-04-29,Home Essentials,Premium,SPLR-001,502918.18,35,14369.09,594882.77,76.1,3.81,214.3580974,8.3
37,Dept-09,2011-06-05,Clothing,Regular,SPLR-003,547513.3,5,109502.66,642608.68,69.56,3.906,214.5240376,8.3
37,Dept-05,2011-05-13,Electronics,Regular,SPLR-001,511871.63,10,51187.16,567504.52,76.73,3.899,214.6899778,8.3
37,Dept-07,2011-05-20,Pharmacy,Regular,SPLR-008,533564.42,48,11115.93,614648.74,73.02,3.907,214.465412,8.3
37,Dept-10,2011-05-27,Electronics,New,SPLR-004,507086.75,26,19503.34,572125.94,81.28,3.786,214.2408462,8.3
37,Dept-08,2011-03-06,Grocery,Regular,SPLR-007,500381.23,26,19245.43,582118.23,82.96,3.699,214.0162805,8.3
37,Dept-03,2011-10-06,Electronics,Regular,SPLR-010,509647.25,47,10843.56,575291.69,82.41,3.648,213.7917147,8.3
37,Dept-02,2011-06-17,Grocery,Premium,SPLR-006,525132.36,11,47739.31,622570.68,84.43,3.637,213.7481256,8.3
37,Dept-08,2011-06-24,Clothing,New,SPLR-007,509276.22,34,14978.71,581440.95,83.95,3.594,213.8402689,8.3
37,Dept-06,2011-01-07,Pharmacy,Regular,SPLR-007,517021.3,26,19885.43,593650.9,85.33,3.524,213.9324122,8.177
37,Dept-04,2011-08-07,Pharmacy,Regular,SPLR-003,489059.93,25,19562.4,564196.69,84.71,3.48,214.0245556,8.177
37,Dept-07,2011-07-15,Pharmacy,Regular,SPLR-006,498749.62,9,55416.62,572245.11,85.63,3.575,214.1083654,8.177
37,Dept-04,2011-07-22,Pharmacy,Premium,SPLR-010,505543.53,17,29737.85,573466.76,83.31,3.651,214.1713416,8.177
37,Dept-03,2011-07-29,Clothing,Premium,SPLR-004,504974.95,22,22953.41,600037.75,84.99,3.682,214.2343177,8.177
37,Dept-05,2011-05-08,Electronics,Regular,SPLR-006,510787.46,15,34052.5,577350.25,86.71,3.684,214.2972939,8.177
37,Dept-07,2011-12-08,Grocery,Regular,SPLR-001,502504.39,23,21848.02,553089.08,87.64,3.638,214.3602701,8.177
37,Dept-05,2011-08-19,Pharmacy,Regular,SPLR-008,506897.98,20,25344.9,599612.87,87.24,3.554,214.4239935,8.177
37,Dept-06,2011-08-26,Grocery,Regular,SPLR-003,527947.21,17,31055.72,632086.06,86.02,3.523,214.4878416,8.177
37,Dept-03,2011-02-09,Grocery,Regular,SPLR-003,530367.83,22,24107.63,608529.91,87.5,3.533,214.5516896,8.177
37,Dept-09,2011-09-09,Clothing,Premium,SPLR-010,506273.74,44,11506.22,603473.71,77.94,3.546,214.6155376,8.177
37,Dept-01,2011-09-16,Home Essentials,Regular,SPLR-004,513341.94,37,13874.11,605195.63,82.06,3.526,214.7934111,8.177
37,Dept-05,2011-09-23,Home Essentials,Regular,SPLR-008,516556.94,1,516556.94,588467.3,78.35,3.467,215.1233185,8.177
37,Dept-04,2011-09-30,Electronics,Premium,SPLR-010,516402.1,21,24590.58,589996.18,81.52,3.355,215.4532259,8.177
37,Dept-02,2011-07-10,Clothing,Premium,SPLR-005,522816.85,30,17427.23,595939.18,71.2,3.285,215.7831333,7.716
37,Dept-06,2011-10-14,Electronics,Regular,SPLR-007,513636.01,34,15106.94,611042.56,74.16,3.274,216.0885258,7.716
37,Dept-10,2011-10-21,Home Essentials,New,SPLR-002,522784.33,11,47525.85,615076.82,67.89,3.353,216.2468287,7.716
37,Dept-01,2011-10-28,Grocery,Regular,SPLR-008,517355.44,31,16688.89,569850.21,71.31,3.372,216.4051315,7.716
37,Dept-08,2011-04-11,Clothing,New,SPLR-007,555925.6,47,11828.2,650569.97,58.97,3.332,216.5634344,7.716
37,Dept-02,2011-11-11,Home Essentials,Regular,SPLR-004,501268.78,34,14743.2,557644.55,63.5,3.297,216.7217373,7.716
37,Dept-05,2011-11-18,Clothing,Regular,SPLR-003,527495.09,13,40576.55,592181.16,66.28,3.308,216.9395861,7.716
37,Dept-06,2011-11-25,Grocery,Regular,SPLR-009,522554.04,1,522554.04,624300.52,66.41,3.236,217.1812533,7.716
37,Dept-01,2011-02-12,Grocery,New,SPLR-004,527117.81,29,18176.48,604157.56,53.57,3.172,217.4229206,7.716
37,Dept-03,2011-09-12,Electronics,New,SPLR-001,537224.52,27,19897.2,631793.08,50.64,3.158,217.6645878,7.716
37,Dept-03,2011-12-16,Electronics,Regular,SPLR-005,533905.67,23,23213.29,620480.21,58.31,3.159,217.8781339,7.716
37,Dept-05,2011-12-23,Grocery,New,SPLR-003,605791.46,27,22436.72,708797.0,55.41,3.112,218.0541851,7.716
37,Dept-03,2011-12-30,Pharmacy,Regular,SPLR-005,451327.61,9,50147.51,521446.39,48.26,3.129,218.2302364,7.716
37,Dept-06,2012-06-01,Pharmacy,Premium,SPLR-009,558343.57,27,20679.39,638771.79,57.18,3.157,218.4062876,7.244
37,Dept-06,2012-01-13,Clothing,Regular,SPLR-002,546221.4,15,36414.76,610604.73,56.28,3.261,218.5823389,7.244
37,Dept-04,2012-01-20,Home Essentials,Regular,SPLR-001,543894.07,7,77699.15,601866.57,58.9,3.268,218.6755292,7.244
37,Dept-07,2012-01-27,Clothing,New,SPLR-005,514116.58,24,21421.52,597590.57,62.73,3.29,218.7687195,7.244
37,Dept-10,2012-03-02,Home Essentials,Regular,SPLR-004,555424.24,16,34714.02,660690.68,61.33,3.36,218.8619099,7.244
37,Dept-07,2012-10-02,Grocery,Regular,SPLR-006,527041.46,43,12256.78,613777.41,54.49,3.409,218.9551002,7.244
37,Dept-08,2012-02-17,Clothing,Regular,SPLR-002,541071.29,21,25765.3,633411.46,54.38,3.51,219.1148297,7.244
37,Dept-06,2012-02-24,Grocery,Regular,SPLR-005,518696.89,15,34579.79,574369.79,62.21,3.555,219.3244636,7.244
37,Dept-02,2012-02-03,Electronics,Premium,SPLR-003,525559.17,30,17518.64,612932.62,64.54,3.63,219.5340975,7.244
37,Dept-01,2012-09-03,Home Essentials,Regular,SPLR-010,535937.25,30,17864.58,617681.91,63.19,3.669,219.7437314,7.244
37,Dept-08,2012-03-16,Grocery,Regular,SPLR-006,484588.34,46,10534.53,575459.66,67.48,3.734,219.8956335,7.244
37,Dept-01,2012-03-23,Electronics,Regular,SPLR-010,520887.23,31,16802.81,589944.45,69.18,3.787,219.9705599,7.244
37,Dept-07,2012-03-30,Clothing,Regular,SPLR-010,533734.94,44,12130.34,598780.91,70.48,3.845,220.0454862,7.244
37,Dept-04,2012-06-04,Electronics,Regular,SPLR-006,564848.78,47,12018.06,647075.84,73.95,3.891,220.1204125,6.989
37,Dept-10,2012-04-13,Clothing,New,SPLR-003,506973.17,8,63371.65,599846.64,72.54,3.891,220.1953389,6.989
37,Dept-10,2012-04-20,Pharmacy,Regular,SPLR-008,523483.19,47,11137.94,616877.11,70.87,3.877,220.2483937,6.989
37,Dept-06,2012-04-27,Electronics,Premium,SPLR-006,528807.45,18,29378.19,601759.07,70.06,3.814,220.3014485,6.989
37,Dept-08,2012-04-05,Grocery,Regular,SPLR-007,535311.64,48,11152.33,642360.7,77.17,3.749,220.3545033,6.989
37,Dept-05,2012-11-05,Grocery,Regular,SPLR-005,527983.04,9,58664.78,617577.96,76.55,3.688,220.4075581,6.989
37,Dept-02,2012-05-18,Pharmacy,Premium,SPLR-009,534847.96,27,19809.18,637992.55,73.7,3.63,220.4252149,6.989
37,Dept-05,2012-05-25,Electronics,New,SPLR-001,540625.79,7,77232.26,622592.37,78.94,3.561,220.4287124,6.989
37,Dept-04,2012-01-06,Pharmacy,Regular,SPLR-002,531811.85,41,12971.02,630858.42,80.74,3.501,220.4322099,6.989
37,Dept-09,2012-08-06,Pharmacy,Regular,SPLR-006,528940.78,2,264470.39,624131.26,81.5,3.452,220.4357073,6.989
37,Dept-07,2012-06-15,Home Essentials,New,SPLR-004,508573.16,22,23116.96,564746.55,82.15,3.393,220.4494148,6.989
37,Dept-03,2012-06-22,Grocery,Regular,SPLR-005,484032.75,43,11256.58,579138.62,80.4,3.346,220.4886472,6.989
37,Dept-06,2012-06-29,Electronics,Premium,SPLR-010,508309.81,13,39100.75,593183.68,86.68,3.286,220.5278796,6.989
37,Dept-09,2012-06-07,Electronics,New,SPLR-008,519498.32,28,18553.51,590772.66,81.52,3.227,220.567112,6.623
37,Dept-10,2012-07-13,Electronics,Regular,SPLR-003,506005.47,25,20240.22,589878.31,78.15,3.256,220.6063444,6.623
37,Dept-05,2012-07-20,Clothing,Regular,SPLR-009,503744.56,42,11993.92,560761.86,81.76,3.311,220.6148749,6.623
37,Dept-06,2012-07-27,Clothing,Regular,SPLR-005,514489.17,30,17149.64,590306.24,84.0,3.407,220.6234054,6.623
37,Dept-10,2012-03-08,Home Essentials,Regular,SPLR-007,521959.28,25,20878.37,594725.54,85.56,3.417,220.6319358,6.623
37,Dept-03,2012-10-08,Pharmacy,Regular,SPLR-010,500964.59,46,10890.53,566653.86,84.41,3.494,220.6404663,6.623
37,Dept-07,2012-08-17,Home Essentials,Regular,SPLR-006,509633.71,25,20385.35,603561.08,85.89,3.571,220.7199609,6.623
37,Dept-07,2012-08-24,Electronics,Regular,SPLR-002,522665.04,26,20102.5,601081.15,81.26,3.62,220.8526787,6.623
37,Dept-04,2012-08-31,Home Essentials,Regular,SPLR-004,538344.1,32,16823.25,609525.4,84.79,3.638,220.9853964,6.623
37,Dept-07,2012-07-09,Home Essentials,New,SPLR-005,526838.14,16,32927.38,612667.39,84.19,3.73,221.1181142,6.623
37,Dept-08,2012-09-14,Clothing,Premium,SPLR-010,514651.74,49,10503.1,591851.84,78.16,3.717,221.2601207,6.623
37,Dept-02,2012-09-21,Grocery,Premium,SPLR-009,521320.98,7,74474.43,585631.99,75.98,3.721,221.4578604,6.623
37,Dept-05,2012-09-28,Electronics,Regular,SPLR-008,527953.14,13,40611.78,617527.77,79.49,3.666,221.6556,6.623
37,Dept-09,2012-05-10,Clothing,Premium,SPLR-002,546122.37,24,22755.1,611589.4,73.57,3.617,221.8533396,6.228
37,Dept-10,2012-12-10,Clothing,Regular,SPLR-008,521810.75,12,43484.23,604980.97,71.28,3.601,222.0510793,6.228
37,Dept-03,2012-10-19,Electronics,Regular,SPLR-002,551969.1,5,110393.82,620558.55,74.06,3.594,222.0951719,6.228
37,Dept-10,2012-10-26,Pharmacy,New,SPLR-002,534738.43,10,53473.84,627696.45,74.39,3.506,222.1136566,6.228
38,Dept-03,2010-05-02,Grocery,Premium,SPLR-003,358496.14,29,12361.94,404953.19,49.47,2.962,126.4420645,13.975
38,Dept-02,2010-12-02,Pharmacy,Premium,SPLR-002,342214.9,5,68442.98,396941.46,47.87,2.946,126.4962581,13.975
38,Dept-10,2010-02-19,Clothing,Regular,SPLR-008,327237.92,26,12586.07,366829.83,54.83,2.915,126.5262857,13.975
38,Dept-04,2010-02-26,Clothing,Regular,SPLR-001,334222.73,11,30383.88,387427.27,50.23,2.825,126.5522857,13.975
38,Dept-02,2010-05-03,Home Essentials,Regular,SPLR-002,372239.89,21,17725.71,441764.47,53.77,2.987,126.5782857,13.975
38,Dept-07,2010-12-03,Clothing,Regular,SPLR-006,342023.92,34,10059.53,401907.69,50.11,2.925,126.6042857,13.975
38,Dept-10,2010-03-19,Electronics,New,SPLR-008,333025.47,39,8539.11,382149.56,59.57,3.054,126.6066452,13.975
38,Dept-06,2010-03-26,Grocery,Regular,SPLR-008,335858.11,45,7463.51,376995.91,60.06,3.083,126.6050645,13.975
38,Dept-04,2010-02-04,Electronics,Premium,SPLR-003,368929.55,14,26352.11,415996.73,59.84,3.086,126.6034839,14.099
38,Dept-08,2010-09-04,Clothing,Regular,SPLR-002,341630.46,44,7764.33,382463.84,59.25,3.09,126.6019032,14.099
38,Dept-06,2010-04-16,Pharmacy,Premium,SPLR-009,337723.49,29,11645.64,404725.45,64.95,3.109,126.5621,14.099
38,Dept-05,2010-04-23,Home Essentials,Regular,SPLR-006,335121.82,14,23937.27,370614.22,64.55,3.05,126.4713333,14.099
38,Dept-03,2010-04-30,Grocery,Regular,SPLR-007,337979.65,21,16094.27,386358.56,67.38,3.105,126.3805667,14.099
38,Dept-06,2010-07-05,Pharmacy,Premium,SPLR-002,383657.44,1,383657.44,457599.38,70.15,3.127,126.2898,14.099
38,Dept-04,2010-05-14,Grocery,Regular,SPLR-005,346174.3,19,18219.7,398121.24,68.44,3.145,126.2085484,14.099
38,Dept-05,2010-05-21,Grocery,Regular,SPLR-009,340497.08,39,8730.69,407649.38,76.2,3.12,126.1843871,14.099
38,Dept-06,2010-05-28,Electronics,New,SPLR-009,326469.43,9,36274.38,368056.01,67.84,3.058,126.1602258,14.099
38,Dept-01,2010-04-06,Pharmacy,Regular,SPLR-003,376184.88,1,376184.88,448496.53,81.39,2.941,126.1360645,14.099
38,Dept-02,2010-11-06,Pharmacy,Regular,SPLR-003,354828.65,19,18675.19,399252.52,90.84,2.949,126.1119032,14.099
38,Dept-02,2010-06-18,Home Essentials,Premium,SPLR-009,335691.85,42,7992.66,373016.14,81.06,3.043,126.114,14.099
38,Dept-01,2010-06-25,Clothing,Regular,SPLR-005,322046.76,9,35782.97,363397.98,87.27,3.084,126.1266,14.099
38,Dept-10,2010-02-07,Pharmacy,Premium,SPLR-005,361181.48,32,11286.92,403439.28,91.98,3.105,126.1392,14.18
38,Dept-03,2010-09-07,Home Essentials,Regular,SPLR-004,343850.34,32,10745.32,395785.32,90.37,3.1,126.1518,14.18
38,Dept-08,2010-07-16,Pharmacy,Regular,SPLR-004,338277.71,17,19898.69,392558.15,97.18,3.094,126.1498065,14.18
38,Dept-09,2010-07-23,Clothing,Regular,SPLR-005,328336.85,9,36481.87,383698.73,99.22,3.112,126.1283548,14.18
38,Dept-04,2010-07-30,Grocery,Premium,SPLR-004,336378.38,47,7156.99,378721.85,96.31,3.017,126.1069032,14.18
38,Dept-02,2010-06-08,Grocery,New,SPLR-001,378574.44,44,8603.96,440501.15,92.95,3.123,126.0854516,14.18
38,Dept-07,2010-08-13,Grocery,Premium,SPLR-006,341400.72,28,12192.88,403287.3,87.01,3.159,126.064,14.18
38,Dept-02,2010-08-20,Grocery,Regular,SPLR-010,329139.73,18,18285.54,383959.86,92.81,3.041,126.0766452,14.18
38,Dept-08,2010-08-27,Pharmacy,Premium,SPLR-001,322868.56,13,24836.04,370794.78,93.19,3.129,126.0892903,14.18
38,Dept-02,2010-03-09,Grocery,New,SPLR-008,377096.55,7,53870.94,441163.11,83.12,3.087,126.1019355,14.18
38,Dept-01,2010-10-09,Grocery,Regular,SPLR-009,336227.69,10,33622.77,382759.85,83.63,3.044,126.1145806,14.18
38,Dept-03,2010-09-17,Clothing,Regular,SPLR-002,336253.19,32,10507.91,394916.11,82.45,3.028,126.1454667,14.18
38,Dept-06,2010-09-24,Electronics,Regular,SPLR-010,330604.9,24,13775.2,368071.27,81.77,2.939,126.1900333,14.18
38,Dept-08,2010-01-10,Home Essentials,Regular,SPLR-003,360256.58,31,11621.18,419330.22,85.2,3.001,126.2346,14.313
38,Dept-05,2010-08-10,Pharmacy,Premium,SPLR-010,351271.36,25,14050.85,404743.81,71.82,3.013,126.2791667,14.313
38,Dept-07,2010-10-15,Grocery,Regular,SPLR-005,337743.26,48,7036.32,404595.76,75.0,2.976,126.3266774,14.313
38,Dept-09,2010-10-22,Grocery,Regular,SPLR-002,339042.18,49,6919.23,380231.87,68.85,3.014,126.3815484,14.313
38,Dept-10,2010-10-29,Electronics,Premium,SPLR-010,341219.63,4,85304.91,391043.99,61.09,3.016,126.4364194,14.313
38,Dept-07,2010-05-11,Electronics,Premium,SPLR-006,380870.09,39,9765.9,426636.27,65.49,3.129,126.4912903,14.313
38,Dept-08,2010-12-11,Pharmacy,Regular,SPLR-002,340147.2,28,12148.11,375740.02,57.79,3.13,126.5461613,14.313
38,Dept-10,2010-11-19,Grocery,New,SPLR-009,348593.99,3,116198.0,405611.92,58.18,3.161,126.6072,14.313
38,Dept-08,2010-11-26,Home Essentials,Regular,SPLR-003,360857.98,46,7844.74,427476.08,47.66,3.162,126.6692667,14.313
38,Dept-09,2010-03-12,Clothing,Regular,SPLR-001,351925.36,14,25137.53,404117.05,43.33,3.041,126.7313333,14.313
38,Dept-04,2010-10-12,Home Essentials,New,SPLR-009,355965.23,43,8278.26,399926.22,50.01,3.203,126.7934,14.313
38,Dept-06,2010-12-17,Pharmacy,Premium,SPLR-010,334441.15,30,11148.04,392286.8,52.77,3.236,126.8794839,14.313
38,Dept-03,2010-12-24,Home Essentials,Premium,SPLR-001,369106.72,38,9713.33,412587.88,52.02,3.236,126.9835806,14.313
38,Dept-10,2010-12-31,Pharmacy,Regular,SPLR-001,303908.81,35,8683.11,338950.84,45.64,3.148,127.0876774,14.313
38,Dept-06,2011-07-01,Grocery,Regular,SPLR-001,386344.54,10,38634.45,454832.18,37.64,3.287,127.1917742,14.021
38,Dept-09,2011-01-14,Electronics,Regular,SPLR-004,356138.79,6,59356.46,424421.38,43.15,3.312,127.3009355,14.021
38,Dept-06,2011-01-21,Electronics,Regular,SPLR-005,341098.08,30,11369.94,395226.19,53.53,3.223,127.4404839,14.021
38,Dept-06,2011-01-28,Electronics,New,SPLR-010,357557.16,35,10215.92,403389.58,50.74,3.342,127.5800323,14.021
38,Dept-01,2011-04-02,Grocery,Regular,SPLR-003,402341.76,27,14901.55,449778.56,45.14,3.348,127.7195806,14.021
38,Dept-03,2011-11-02,Pharmacy,Regular,SPLR-006,377672.46,42,8992.2,428073.37,51.3,3.381,127.859129,14.021
38,Dept-06,2011-02-18,Clothing,Regular,SPLR-004,364606.7,29,12572.64,435912.6,53.35,3.43,127.99525,14.021
38,Dept-03,2011-02-25,Clothing,New,SPLR-006,354232.34,28,12651.16,423769.51,48.45,3.53,128.13,14.021
38,Dept-08,2011-04-03,Clothing,Regular,SPLR-001,405429.43,21,19306.16,448548.34,51.72,3.674,128.26475,14.021
38,Dept-10,2011-11-03,Electronics,Regular,SPLR-002,357897.18,49,7304.02,395109.47,57.75,3.818,128.3995,14.021
38,Dept-03,2011-03-18,Pharmacy,New,SPLR-008,349459.95,34,10278.23,396810.57,64.21,3.692,128.5121935,14.021
38,Dept-10,2011-03-25,Home Essentials,New,SPLR-008,351541.62,47,7479.61,389211.94,54.4,3.909,128.6160645,14.021
38,Dept-06,2011-01-04,Home Essentials,Regular,SPLR-004,382098.13,35,10917.09,447158.76,63.63,3.772,128.7199355,13.736
38,Dept-10,2011-08-04,Clothing,Regular,SPLR-002,392152.3,19,20639.59,469989.64,64.47,4.003,128.8238065,13.736
38,Dept-06,2011-04-15,Home Essentials,Regular,SPLR-009,362758.94,9,40306.55,409744.59,57.63,3.868,128.9107333,13.736
38,Dept-07,2011-04-22,Clothing,New,SPLR-010,362952.34,27,13442.68,425270.51,72.12,4.134,128.9553,13.736
38,Dept-07,2011-04-29,Home Essentials,Regular,SPLR-008,344225.99,46,7483.17,403871.93,68.27,4.151,128.9998667,13.736
38,Dept-05,2011-06-05,Home Essentials,Premium,SPLR-009,422186.65,7,60312.38,487477.27,68.4,4.193,129.0444333,13.736
38,Dept-05,2011-05-13,Clothing,Premium,SPLR-003,366977.79,31,11837.99,415889.66,70.93,4.202,129.089,13.736
38,Dept-09,2011-05-20,Clothing,Regular,SPLR-010,365730.76,4,91432.69,411406.61,66.59,4.169,129.0756774,13.736
38,Dept-09,2011-05-27,Grocery,Regular,SPLR-008,356886.1,23,15516.79,394942.73,76.67,4.087,129.0623548,13.736
38,Dept-03,2011-03-06,Grocery,Regular,SPLR-007,396826.06,9,44091.78,470814.56,71.81,4.031,129.0490323,13.736
38,Dept-04,2011-10-06,Clothing,Regular,SPLR-003,381763.02,4,95440.76,438847.65,78.72,3.981,129.0357097,13.736
38,Dept-04,2011-06-17,Home Essentials,Regular,SPLR-006,356797.0,42,8495.17,412308.44,86.84,3.935,129.0432,13.736
38,Dept-01,2011-06-24,Electronics,Regular,SPLR-007,354078.95,32,11064.97,416650.83,88.95,3.898,129.0663,13.736
38,Dept-01,2011-01-07,Home Essentials,New,SPLR-004,387334.04,2,193667.02,429939.89,89.85,3.842,129.0894,13.503
38,Dept-08,2011-08-07,Home Essentials,New,SPLR-005,399699.17,44,9084.07,445697.62,89.9,3.705,129.1125,13.503
38,Dept-01,2011-07-15,Clothing,Regular,SPLR-003,367181.71,33,11126.72,428341.04,88.1,3.692,129.1338387,13.503
38,Dept-04,2011-07-22,Home Essentials,Regular,SPLR-002,365562.67,40,9139.07,434839.23,91.17,3.794,129.1507742,13.503
38,Dept-02,2011-07-29,Clothing,Premium,SPLR-007,355131.33,32,11097.85,421977.24,93.29,3.805,129.1677097,13.503
38,Dept-03,2011-05-08,Home Essentials,Premium,SPLR-001,437631.44,31,14117.14,511600.72,90.61,3.803,129.1846452,13.503
38,Dept-05,2011-12-08,Home Essentials,Premium,SPLR-006,387844.05,41,9459.61,444229.23,91.04,3.701,129.2015806,13.503
38,Dept-02,2011-08-19,Pharmacy,Premium,SPLR-001,362224.7,29,12490.51,412518.87,91.74,3.743,129.2405806,13.503
38,Dept-08,2011-08-26,Grocery,Premium,SPLR-002,365672.55,42,8706.49,415999.61,94.61,3.74,129.2832581,13.503
38,Dept-01,2011-02-09,Home Essentials,Regular,SPLR-005,416953.51,35,11912.96,484447.0,93.66,3.798,129.3259355,13.503
38,Dept-08,2011-09-09,Pharmacy,Regular,SPLR-009,397771.68,39,10199.27,464418.29,88.0,3.913,129.3686129,13.503
38,Dept-09,2011-09-16,Home Essentials,Premium,SPLR-006,408188.88,6,68031.48,468478.37,76.36,3.918,129.4306,13.503
38,Dept-01,2011-09-23,Grocery,Regular,SPLR-006,394665.28,29,13609.15,436161.78,82.95,3.789,129.5183333,13.503
38,Dept-08,2011-09-30,Clothing,Premium,SPLR-006,366819.84,49,7486.12,412427.49,83.26,3.877,129.6060667,13.503
38,Dept-05,2011-07-10,Pharmacy,Premium,SPLR-005,449516.29,1,449516.29,502897.69,70.44,3.827,129.6938,12.89
38,Dept-09,2011-10-14,Pharmacy,Regular,SPLR-010,400430.78,10,40043.08,475276.6,67.31,3.805,129.7706452,12.89
38,Dept-01,2011-10-21,Pharmacy,Regular,SPLR-001,402709.17,33,12203.31,475025.52,73.05,3.842,129.7821613,12.89
38,Dept-07,2011-10-28,Grocery,Regular,SPLR-006,378539.17,14,27038.51,441547.72,67.41,3.727,129.7936774,12.89
38,Dept-06,2011-04-11,Grocery,New,SPLR-002,436970.1,17,25704.12,511796.05,59.77,3.828,129.8051935,12.89
38,Dept-01,2011-11-11,Electronics,Regular,SPLR-009,411116.95,31,13261.84,452650.34,48.76,3.824,129.8167097,12.89
38,Dept-07,2011-11-18,Grocery,Regular,SPLR-004,392003.13,12,32666.93,435563.3,54.2,3.813,129.8268333,12.89
38,Dept-07,2011-11-25,Clothing,Regular,SPLR-003,393715.71,44,8948.08,444419.63,53.25,3.622,129.8364,12.89
38,Dept-02,2011-02-12,Grocery,New,SPLR-008,411252.02,10,41125.2,456613.38,52.5,3.701,129.8459667,12.89
38,Dept-08,2011-09-12,Grocery,Premium,SPLR-006,435401.64,45,9675.59,514653.42,42.17,3.644,129.8555333,12.89
38,Dept-07,2011-12-16,Pharmacy,Regular,SPLR-005,404283.84,1,404283.84,460050.04,43.29,3.6,129.8980645,12.89
38,Dept-01,2011-12-23,Home Essentials,Premium,SPLR-010,419717.41,40,10492.94,469082.23,45.4,3.541,129.9845484,12.89
38,Dept-01,2011-12-30,Pharmacy,Regular,SPLR-005,342667.35,15,22844.49,398925.22,44.64,3.428,130.0710323,12.89
38,Dept-02,2012-06-01,Clothing,Regular,SPLR-009,478483.2,42,11392.46,529618.67,50.43,3.599,130.1575161,12.187
38,Dept-09,2012-01-13,Clothing,Regular,SPLR-007,423260.82,11,38478.26,507405.25,48.07,3.657,130.244,12.187
38,Dept-04,2012-01-20,Pharmacy,Regular,SPLR-004,405215.91,15,27014.39,470962.11,46.2,3.66,130.2792258,12.187
38,Dept-07,2012-01-27,Electronics,New,SPLR-004,412882.31,38,10865.32,474424.01,50.43,3.675,130.3144516,12.187
38,Dept-02,2012-03-02,Electronics,Regular,SPLR-007,457711.68,1,457711.68,509703.92,50.58,3.702,130.3496774,12.187
38,Dept-10,2012-10-02,Grocery,New,SPLR-010,469787.38,37,12696.96,537033.08,52.27,3.722,130.3849032,12.187
38,Dept-03,2012-02-17,Clothing,Regular,SPLR-002,415513.97,39,10654.2,457684.36,51.8,3.781,130.4546207,12.187
38,Dept-07,2012-02-24,Electronics,Regular,SPLR-007,409411.61,7,58487.37,488695.6,53.13,3.95,130.5502069,12.187
38,Dept-10,2012-02-03,Home Essentials,Regular,SPLR-001,471115.38,3,157038.46,542899.55,52.27,4.178,130.6457931,12.187
38,Dept-01,2012-09-03,Clothing,Regular,SPLR-010,452792.53,1,452792.53,520879.75,54.54,4.25,130.7413793,12.187
38,Dept-08,2012-03-16,Electronics,Premium,SPLR-008,428465.11,9,47607.23,481208.95,64.44,4.273,130.8261935,12.187
38,Dept-08,2012-03-23,Grocery,Regular,SPLR-005,412456.48,33,12498.68,470585.73,56.26,4.038,130.8966452,12.187
38,Dept-02,2012-03-30,Grocery,Regular,SPLR-005,408679.36,23,17768.67,482616.78,64.36,4.294,130.9670968,12.187
38,Dept-03,2012-06-04,Pharmacy,Regular,SPLR-007,499267.66,47,10622.72,553539.61,64.05,4.121,131.0375484,11.627
38,Dept-09,2012-04-13,Home Essentials,New,SPLR-001,435790.74,17,25634.75,491314.18,64.28,4.254,131.108,11.627
38,Dept-08,2012-04-20,Grocery,Premium,SPLR-007,401615.8,19,21137.67,464746.18,66.73,4.222,131.1173333,11.627
38,Dept-02,2012-04-27,Clothing,New,SPLR-001,419964.77,15,27997.65,487630.39,77.99,4.193,131.1266667,11.627
38,Dept-06,2012-04-05,Clothing,Regular,SPLR-002,491755.69,19,25881.88,559275.17,76.03,4.171,131.136,11.627
38,Dept-08,2012-11-05,Grocery,Regular,SPLR-001,429914.6,34,12644.55,487130.89,77.27,4.186,131.1453333,11.627
38,Dept-02,2012-05-18,Electronics,Premium,SPLR-001,412314.71,47,8772.65,466316.6,84.51,4.11,131.0983226,11.627
38,Dept-02,2012-05-25,Grocery,Premium,SPLR-009,422810.12,25,16912.4,489766.61,83.84,4.293,131.0287742,11.627
38,Dept-06,2012-01-06,Grocery,Premium,SPLR-003,435579.7,17,25622.34,479399.8,78.11,4.277,130.9592258,11.627
38,Dept-02,2012-08-06,Electronics,Premium,SPLR-008,448110.25,8,56013.78,510203.48,84.83,4.103,130.8896774,11.627
38,Dept-03,2012-06-15,Grocery,New,SPLR-002,430222.07,44,9777.77,497636.35,85.94,4.144,130.8295333,11.627
38,Dept-04,2012-06-22,Electronics,Regular,SPLR-004,405938.35,20,20296.92,473017.96,91.61,4.014,130.7929,11.627
38,Dept-03,2012-06-29,Electronics,Regular,SPLR-005,404634.36,9,44959.37,470912.03,90.47,3.875,130.7562667,11.627
38,Dept-03,2012-06-07,Clothing,Regular,SPLR-007,471086.22,24,19628.59,555675.8,89.13,3.765,130.7196333,10.926
38,Dept-04,2012-07-13,Electronics,Premium,SPLR-006,416036.75,39,10667.61,487414.11,95.61,3.723,130.683,10.926
38,Dept-02,2012-07-20,Clothing,Regular,SPLR-009,441683.74,44,10038.27,520245.39,85.53,3.726,130.7012903,10.926
38,Dept-07,2012-07-27,Grocery,Regular,SPLR-002,407186.47,13,31322.04,453290.79,93.47,3.769,130.7195806,10.926
38,Dept-10,2012-03-08,Grocery,New,SPLR-008,469311.17,12,39109.26,559046.58,88.16,3.76,130.737871,10.926
38,Dept-08,2012-10-08,Grocery,Regular,SPLR-009,436690.13,25,17467.61,516448.52,95.91,3.811,130.7561613,10.926
38,Dept-02,2012-08-17,Home Essentials,Regular,SPLR-010,411866.46,26,15841.02,459866.59,94.87,4.002,130.7909677,10.926
38,Dept-06,2012-08-24,Clothing,Premium,SPLR-008,397428.22,3,132476.07,437774.61,85.32,4.055,130.8381613,10.926
38,Dept-07,2012-08-31,Clothing,Premium,SPLR-001,424904.95,43,9881.51,471387.04,89.78,4.093,130.8853548,10.926
38,Dept-08,2012-07-09,Pharmacy,Premium,SPLR-010,490274.82,38,12901.97,555033.54,88.52,4.124,130.9325484,10.926
38,Dept-05,2012-09-14,Clothing,New,SPLR-010,430944.39,26,16574.78,494234.23,83.64,4.133,130.9776667,10.926
38,Dept-08,2012-09-21,Grocery,New,SPLR-005,409600.98,28,14628.61,468572.98,82.97,4.125,131.0103333,10.926
38,Dept-03,2012-09-28,Electronics,Regular,SPLR-006,398468.08,28,14231.0,468261.5,81.22,3.966,131.043,10.926
38,Dept-01,2012-05-10,Electronics,New,SPLR-003,458479.01,40,11461.98,530706.94,81.61,3.966,131.0756667,10.199
38,Dept-05,2012-12-10,Clothing,Regular,SPLR-008,437320.66,10,43732.07,523834.77,71.74,4.468,131.1083333,10.199
38,Dept-01,2012-10-19,Home Essentials,New,SPLR-001,428806.46,15,28587.1,478265.95,68.66,4.449,131.1499677,10.199
38,Dept-05,2012-10-26,Clothing,Regular,SPLR-010,417290.38,13,32099.26,481446.02,65.95,4.301,131.1930968,10.199
39,Dept-10,2010-05-02,Clothing,New,SPLR-010,1230596.8,31,39696.67,1371661.92,44.3,2.572,209.8529663,8.554
39,Dept-08,2010-12-02,Clothing,Regular,SPLR-009,1266229.07,31,40846.1,1458092.09,44.58,2.548,209.9970208,8.554
39,Dept-04,2010-02-19,Electronics,New,SPLR-010,1230591.97,4,307647.99,1419854.9,43.96,2.514,210.0451024,8.554
39,Dept-07,2010-02-26,Grocery,Regular,SPLR-006,1168582.02,28,41735.07,1337991.04,49.79,2.561,210.0771885,8.554
39,Dept-10,2010-05-03,Clothing,Regular,SPLR-001,1266254.21,35,36178.69,1514134.3,50.93,2.625,210.1092746,8.554
39,Dept-10,2010-12-03,Grocery,Regular,SPLR-009,1244391.83,4,311097.96,1389602.03,61.88,2.667,210.1413607,8.554
39,Dept-04,2010-03-19,Grocery,Regular,SPLR-002,1301590.13,40,32539.75,1436321.1,58.62,2.72,209.9803208,8.554
39,Dept-03,2010-03-26,Clothing,Regular,SPLR-009,1235094.66,11,112281.33,1460747.55,54.83,2.732,209.7870932,8.554
39,Dept-01,2010-02-04,Clothing,Regular,SPLR-003,1463942.62,2,731971.31,1628763.67,63.31,2.719,209.5938656,8.464
39,Dept-01,2010-09-04,Home Essentials,Regular,SPLR-007,1327035.27,21,63192.16,1479878.64,68.15,2.77,209.400638,8.464
39,Dept-08,2010-04-16,Grocery,Regular,SPLR-003,1242874.98,7,177553.57,1422737.05,66.33,2.808,209.2691428,8.464
39,Dept-10,2010-04-23,Grocery,Regular,SPLR-009,1280231.85,14,91445.13,1462778.04,67.64,2.795,209.2199574,8.464
39,Dept-04,2010-04-30,Pharmacy,New,SPLR-007,1263836.59,22,57447.12,1404218.82,70.03,2.78,209.170772,8.464
39,Dept-10,2010-07-05,Home Essentials,Regular,SPLR-007,1355704.21,22,61622.92,1582443.14,74.86,2.835,209.1215867,8.464
39,Dept-04,2010-05-14,Home Essentials,New,SPLR-004,1226997.7,44,27886.31,1374413.46,77.49,2.854,209.118536,8.464
39,Dept-01,2010-05-21,Home Essentials,Regular,SPLR-010,1350673.98,12,112556.16,1594785.88,76.67,2.826,209.3922937,8.464
39,Dept-08,2010-05-28,Pharmacy,Regular,SPLR-003,1365541.59,34,40162.99,1593350.21,80.22,2.759,209.6660514,8.464
39,Dept-06,2010-04-06,Home Essentials,Regular,SPLR-007,1512207.95,27,56007.7,1766146.69,79.83,2.705,209.9398091,8.464
39,Dept-06,2010-11-06,Grocery,Regular,SPLR-003,1371405.33,10,137140.53,1540384.12,81.78,2.668,210.2135668,8.464
39,Dept-04,2010-06-18,Pharmacy,Regular,SPLR-009,1368312.45,33,41464.01,1615397.09,83.96,2.637,210.2108417,8.464
39,Dept-02,2010-06-25,Clothing,New,SPLR-008,1280414.8,9,142268.31,1443453.22,83.24,2.653,210.0975233,8.464
39,Dept-10,2010-02-07,Home Essentials,Regular,SPLR-008,1352547.7,49,27603.01,1536135.99,81.35,2.669,209.984205,8.36
39,Dept-03,2010-09-07,Pharmacy,Regular,SPLR-004,1330473.47,49,27152.52,1540726.94,81.1,2.642,209.8708867,8.36
39,Dept-02,2010-07-16,Grocery,Premium,SPLR-001,1339811.68,33,40600.35,1536622.53,83.86,2.623,209.8630532,8.36
39,Dept-07,2010-07-23,Electronics,New,SPLR-009,1314651.83,23,57158.78,1468432.37,82.2,2.608,209.9958663,8.36
39,Dept-07,2010-07-30,Electronics,Regular,SPLR-007,1308222.24,48,27254.63,1566255.9,80.99,2.64,210.1286794,8.36
39,Dept-06,2010-06-08,Pharmacy,Regular,SPLR-006,1409989.67,5,281997.93,1589623.09,84.92,2.627,210.2614925,8.36
39,Dept-06,2010-08-13,Grocery,Regular,SPLR-001,1371465.66,36,38096.27,1633802.55,85.66,2.692,210.3943056,8.36
39,Dept-10,2010-08-20,Grocery,New,SPLR-003,1471816.52,37,39778.82,1692347.15,85.73,2.664,210.3617581,8.36
39,Dept-03,2010-08-27,Electronics,Regular,SPLR-003,1417515.93,11,128865.08,1639012.44,84.31,2.619,210.3292106,8.36
39,Dept-02,2010-03-09,Grocery,Premium,SPLR-008,1345167.61,41,32808.97,1550487.09,82.13,2.577,210.2966631,8.36
39,Dept-05,2010-10-09,Clothing,Premium,SPLR-004,1279666.47,6,213277.74,1478246.58,79.94,2.565,210.2641156,8.36
39,Dept-06,2010-09-17,Electronics,Regular,SPLR-003,1252915.43,22,56950.7,1452335.21,81.83,2.582,210.2924504,8.36
39,Dept-10,2010-09-24,Electronics,Regular,SPLR-003,1199449.54,5,239889.91,1327516.85,78.5,2.624,210.3664469,8.36
39,Dept-06,2010-01-10,Home Essentials,Regular,SPLR-005,1219583.91,46,26512.69,1439648.27,72.74,2.603,210.4404433,8.476
39,Dept-04,2010-08-10,Electronics,Regular,SPLR-004,1286598.59,22,58481.75,1461452.95,64.8,2.633,210.5144398,8.476
39,Dept-08,2010-10-15,Grocery,Premium,SPLR-003,1238742.0,27,45879.33,1383687.48,69.96,2.72,210.5805944,8.476
39,Dept-07,2010-10-22,Home Essentials,New,SPLR-010,1261109.01,3,420369.67,1512187.18,71.73,2.725,210.6271444,8.476
39,Dept-08,2010-10-29,Electronics,Premium,SPLR-007,1294769.08,27,47954.41,1466280.62,75.14,2.716,210.6736944,8.476
39,Dept-02,2010-05-11,Grocery,Regular,SPLR-010,1293707.19,24,53904.47,1470489.7,61.62,2.689,210.7202444,8.476
39,Dept-06,2010-12-11,Electronics,Regular,SPLR-003,1291398.71,12,107616.56,1460424.54,62.21,2.728,210.7667944,8.476
39,Dept-07,2010-11-19,Electronics,Premium,SPLR-009,1370659.54,12,114221.63,1622190.91,55.5,2.771,210.65429,8.476
39,Dept-08,2010-11-26,Electronics,Premium,SPLR-007,2149355.2,27,79605.75,2484574.74,67.75,2.735,210.5152765,8.476
39,Dept-04,2010-03-12,Pharmacy,Premium,SPLR-005,1431910.98,11,130173.73,1583321.47,53.55,2.708,210.376263,8.476
39,Dept-10,2010-10-12,Clothing,New,SPLR-009,1630564.48,28,58234.45,1926688.47,50.81,2.843,210.2372494,8.476
39,Dept-01,2010-12-17,Clothing,New,SPLR-009,1842172.46,9,204685.83,2201390.66,55.31,2.869,210.1787224,8.476
39,Dept-03,2010-12-24,Electronics,Regular,SPLR-002,2495489.25,31,80499.65,2874746.6,58.86,2.886,210.1805602,8.476
39,Dept-03,2010-12-31,Pharmacy,Regular,SPLR-005,1230012.16,44,27954.82,1369416.97,52.45,2.943,210.182398,8.476
39,Dept-08,2011-07-01,Home Essentials,Regular,SPLR-002,1224475.12,43,28476.17,1419420.26,52.74,2.976,210.1842358,8.395
39,Dept-07,2011-01-14,Clothing,Regular,SPLR-009,1193199.39,37,32248.63,1316798.28,41.74,2.983,210.2379731,8.395
39,Dept-07,2011-01-21,Pharmacy,New,SPLR-005,1243370.74,17,73139.46,1409206.28,50.25,3.016,210.6031072,8.395
39,Dept-05,2011-01-28,Clothing,Regular,SPLR-003,1158698.44,42,27588.06,1360317.99,47.94,3.01,210.9682412,8.395
39,Dept-02,2011-04-02,Home Essentials,Regular,SPLR-001,1343773.94,15,89584.93,1597680.51,45.96,2.989,211.3333753,8.395
39,Dept-01,2011-11-02,Home Essentials,New,SPLR-009,1227893.89,41,29948.63,1408607.26,40.34,3.022,211.6985093,8.395
39,Dept-03,2011-02-18,Electronics,New,SPLR-010,1335233.74,28,47686.92,1551158.94,58.2,3.045,212.0063522,8.395
39,Dept-09,2011-02-25,Pharmacy,Regular,SPLR-002,1240921.19,25,49636.85,1376210.82,67.77,3.065,212.2912786,8.395
39,Dept-02,2011-04-03,Electronics,Regular,SPLR-006,1316385.43,19,69283.44,1533711.08,63.56,3.288,212.576205,8.395
39,Dept-05,2011-11-03,Grocery,New,SPLR-006,1283716.81,29,44266.1,1484699.11,58.35,3.459,212.8611313,8.395
39,Dept-04,2011-03-18,Pharmacy,Regular,SPLR-002,1348410.05,13,103723.85,1571391.06,65.28,3.488,213.1096787,8.395
39,Dept-09,2011-03-25,Home Essentials,Regular,SPLR-008,1284334.79,27,47567.96,1447391.67,71.17,3.473,213.3436744,8.395
39,Dept-01,2011-01-04,Pharmacy,New,SPLR-009,1316849.36,31,42479.01,1570229.12,66.57,3.524,213.5776701,8.3
39,Dept-04,2011-08-04,Grocery,Regular,SPLR-008,1350646.16,3,450215.39,1604582.22,69.45,3.622,213.8116658,8.3
39,Dept-10,2011-04-15,Grocery,Regular,SPLR-001,1348031.55,47,28681.52,1582421.77,73.19,3.743,214.026217,8.3
39,Dept-07,2011-04-22,Home Essentials,Premium,SPLR-004,1563140.85,38,41135.29,1720540.02,74.98,3.807,214.1921572,8.3
39,Dept-06,2011-04-29,Pharmacy,Regular,SPLR-006,1379651.87,21,65697.71,1579125.25,76.47,3.81,214.3580974,8.3
39,Dept-05,2011-06-05,Pharmacy,Regular,SPLR-009,1370920.87,21,65281.95,1545694.31,68.75,3.906,214.5240376,8.3
39,Dept-06,2011-05-13,Home Essentials,New,SPLR-005,1325022.77,15,88334.85,1559332.65,77.39,3.899,214.6899778,8.3
39,Dept-05,2011-05-20,Clothing,Regular,SPLR-008,1373907.21,41,33509.93,1646109.75,73.31,3.907,214.465412,8.3
39,Dept-03,2011-05-27,Home Essentials,New,SPLR-002,1406124.14,27,52078.67,1562880.66,82.1,3.786,214.2408462,8.3
39,Dept-10,2011-03-06,Clothing,Premium,SPLR-003,1541745.59,8,192718.2,1797390.2,83.59,3.699,214.0162805,8.3
39,Dept-10,2011-10-06,Pharmacy,Premium,SPLR-002,1442092.08,19,75899.58,1725291.48,82.75,3.648,213.7917147,8.3
39,Dept-10,2011-06-17,Grocery,Premium,SPLR-004,1451392.67,41,35399.82,1712488.53,85.21,3.637,213.7481256,8.3
39,Dept-05,2011-06-24,Electronics,Premium,SPLR-002,1363167.95,39,34953.02,1583618.05,84.06,3.594,213.8402689,8.3
39,Dept-10,2011-01-07,Grocery,Regular,SPLR-005,1429829.36,7,204261.34,1647639.06,84.93,3.524,213.9324122,8.177
39,Dept-09,2011-08-07,Home Essentials,Premium,SPLR-001,1414564.53,8,176820.57,1672805.52,84.33,3.48,214.0245556,8.177
39,Dept-04,2011-07-15,Home Essentials,Regular,SPLR-005,1380257.12,46,30005.59,1617332.29,85.96,3.575,214.1083654,8.177
39,Dept-08,2011-07-22,Pharmacy,New,SPLR-001,1416005.59,33,42909.26,1665053.78,84.6,3.651,214.1713416,8.177
39,Dept-01,2011-07-29,Electronics,Premium,SPLR-007,1426418.53,44,32418.6,1593840.66,86.24,3.682,214.2343177,8.177
39,Dept-02,2011-05-08,Grocery,Regular,SPLR-006,1518790.89,38,39968.18,1763642.16,87.73,3.684,214.2972939,8.177
39,Dept-04,2011-12-08,Home Essentials,Regular,SPLR-004,1514055.97,28,54073.43,1681114.98,88.27,3.638,214.3602701,8.177
39,Dept-04,2011-08-19,Electronics,Regular,SPLR-010,1629066.9,18,90503.72,1903061.5,87.93,3.554,214.4239935,8.177
39,Dept-03,2011-08-26,Clothing,Regular,SPLR-001,1573898.63,4,393474.66,1783297.19,86.49,3.523,214.4878416,8.177
39,Dept-01,2011-02-09,Clothing,Regular,SPLR-007,1465089.85,3,488363.28,1630356.28,88.65,3.533,214.5516896,8.177
39,Dept-07,2011-09-09,Pharmacy,Regular,SPLR-003,1429345.86,44,32485.13,1694035.56,79.15,3.546,214.6155376,8.177
39,Dept-04,2011-09-16,Grocery,Regular,SPLR-006,1372500.63,10,137250.06,1630672.45,83.11,3.526,214.7934111,8.177
39,Dept-09,2011-09-23,Clothing,New,SPLR-008,1338657.95,19,70455.68,1570611.95,78.75,3.467,215.1233185,8.177
39,Dept-05,2011-09-30,Clothing,Regular,SPLR-002,1311775.83,48,27328.66,1471124.37,81.51,3.355,215.4532259,8.177
39,Dept-07,2011-07-10,Pharmacy,Regular,SPLR-002,1443884.39,40,36097.11,1629142.78,71.68,3.285,215.7831333,7.716
39,Dept-02,2011-10-14,Grocery,Regular,SPLR-010,1384721.84,39,35505.69,1653253.47,73.79,3.274,216.0885258,7.716
39,Dept-03,2011-10-21,Grocery,New,SPLR-006,1465283.29,21,69775.39,1711472.4,67.65,3.353,216.2468287,7.716
39,Dept-10,2011-10-28,Clothing,Regular,SPLR-007,1472663.1,5,294532.62,1683408.7,71.05,3.372,216.4051315,7.716
39,Dept-02,2011-04-11,Electronics,New,SPLR-005,1553629.59,27,57541.84,1850617.55,58.04,3.332,216.5634344,7.716
39,Dept-06,2011-11-11,Electronics,Premium,SPLR-008,1456957.38,10,145695.74,1658310.28,63.11,3.297,216.7217373,7.716
39,Dept-03,2011-11-18,Electronics,Regular,SPLR-004,1510397.27,13,116184.41,1763688.63,66.09,3.308,216.9395861,7.716
39,Dept-07,2011-11-25,Electronics,Regular,SPLR-009,2338832.4,38,61548.22,2678042.8,66.36,3.236,217.1812533,7.716
39,Dept-10,2011-02-12,Electronics,Premium,SPLR-005,1632894.58,29,56306.71,1805842.63,53.14,3.172,217.4229206,7.716
39,Dept-05,2011-09-12,Home Essentials,Regular,SPLR-002,1781528.77,44,40489.29,1988870.96,49.36,3.158,217.6645878,7.716
39,Dept-05,2011-12-16,Electronics,Regular,SPLR-001,1991824.05,9,221313.78,2343386.89,58.58,3.159,217.8781339,7.716
39,Dept-01,2011-12-23,Electronics,Premium,SPLR-005,2554482.84,37,69040.08,3008940.46,54.62,3.112,218.0541851,7.716
39,Dept-02,2011-12-30,Pharmacy,Regular,SPLR-009,1537139.56,22,69869.98,1805429.56,47.6,3.129,218.2302364,7.716
39,Dept-10,2012-06-01,Grocery,Regular,SPLR-010,1478537.93,39,37911.23,1683735.29,55.83,3.157,218.4062876,7.244
39,Dept-09,2012-01-13,Pharmacy,New,SPLR-005,1369125.37,43,31840.12,1535107.7,54.66,3.261,218.5823389,7.244
39,Dept-03,2012-01-20,Pharmacy,Regular,SPLR-002,1394841.03,26,53647.73,1610346.7,58.04,3.268,218.6755292,7.244
39,Dept-03,2012-01-27,Home Essentials,Regular,SPLR-007,1320301.61,31,42590.37,1487134.06,60.65,3.29,218.7687195,7.244
39,Dept-09,2012-03-02,Home Essentials,Regular,SPLR-003,1396150.15,4,349037.54,1550738.21,60.69,3.36,218.8619099,7.244
39,Dept-05,2012-10-02,Pharmacy,Regular,SPLR-004,1442988.44,11,131180.77,1668645.35,52.89,3.409,218.9551002,7.244
39,Dept-10,2012-02-17,Electronics,Regular,SPLR-003,1511041.69,8,188880.21,1725701.14,52.75,3.51,219.1148297,7.244
39,Dept-04,2012-02-24,Pharmacy,Regular,SPLR-003,1412065.04,45,31379.22,1682469.42,61.1,3.555,219.3244636,7.244
39,Dept-05,2012-02-03,Grocery,Regular,SPLR-001,1453047.02,34,42736.68,1719203.42,64.05,3.63,219.5340975,7.244
39,Dept-06,2012-09-03,Electronics,Regular,SPLR-005,1470764.35,39,37711.91,1679896.58,61.64,3.669,219.7437314,7.244
39,Dept-09,2012-03-16,Grocery,Regular,SPLR-006,1522421.07,46,33096.11,1686718.95,65.81,3.734,219.8956335,7.244
39,Dept-03,2012-03-23,Home Essentials,Regular,SPLR-009,1469593.37,41,35843.74,1641313.94,67.91,3.787,219.9705599,7.244
39,Dept-06,2012-03-30,Grocery,New,SPLR-010,1499727.02,33,45446.27,1671001.95,69.11,3.845,220.0454862,7.244
39,Dept-01,2012-06-04,Clothing,Regular,SPLR-003,1764847.94,27,65364.74,2078338.54,73.49,3.891,220.1204125,6.989
39,Dept-05,2012-04-13,Home Essentials,Regular,SPLR-007,1580732.73,36,43909.24,1895840.77,71.59,3.891,220.1953389,6.989
39,Dept-06,2012-04-20,Electronics,Premium,SPLR-001,1433391.04,19,75441.63,1598005.67,70.04,3.877,220.2483937,6.989
39,Dept-04,2012-04-27,Pharmacy,Premium,SPLR-002,1456997.2,31,46999.91,1699208.26,69.11,3.814,220.3014485,6.989
39,Dept-08,2012-04-05,Home Essentials,Regular,SPLR-002,1512227.34,3,504075.78,1693203.38,77.15,3.749,220.3545033,6.989
39,Dept-07,2012-11-05,Clothing,Regular,SPLR-010,1470792.41,47,31293.46,1731739.5,75.52,3.688,220.4075581,6.989
39,Dept-05,2012-05-18,Clothing,Regular,SPLR-003,1522978.54,6,253829.76,1783075.83,72.36,3.63,220.4252149,6.989
39,Dept-01,2012-05-25,Home Essentials,Premium,SPLR-006,1596036.66,31,51485.05,1877605.91,78.31,3.561,220.4287124,6.989
39,Dept-01,2012-01-06,Pharmacy,Regular,SPLR-008,1640476.77,45,36455.04,1829084.35,80.33,3.501,220.4322099,6.989
39,Dept-04,2012-08-06,Grocery,Regular,SPLR-008,1623442.24,48,33821.71,1917161.59,81.12,3.452,220.4357073,6.989
39,Dept-02,2012-06-15,Electronics,Premium,SPLR-004,1587499.82,36,44097.22,1820969.21,81.33,3.393,220.4494148,6.989
39,Dept-06,2012-06-22,Home Essentials,Regular,SPLR-004,1532316.79,10,153231.68,1694313.26,79.84,3.346,220.4886472,6.989
39,Dept-01,2012-06-29,Home Essentials,New,SPLR-005,1492388.98,8,186548.62,1733179.31,85.72,3.286,220.5278796,6.989
39,Dept-10,2012-06-07,Electronics,Regular,SPLR-005,1659221.99,2,829611.0,1862896.23,81.05,3.227,220.567112,6.623
39,Dept-09,2012-07-13,Electronics,Premium,SPLR-003,1471261.76,17,86544.81,1641695.44,78.16,3.256,220.6063444,6.623
39,Dept-02,2012-07-20,Grocery,Regular,SPLR-007,1582168.27,48,32961.84,1817255.09,80.32,3.311,220.6148749,6.623
39,Dept-07,2012-07-27,Electronics,Regular,SPLR-005,1487797.54,11,135254.32,1690201.06,82.89,3.407,220.6234054,6.623
39,Dept-09,2012-03-08,Electronics,Premium,SPLR-009,1608277.74,12,134023.14,1851667.28,84.05,3.417,220.6319358,6.623
39,Dept-08,2012-10-08,Pharmacy,Regular,SPLR-001,1641867.92,16,102616.74,1910871.23,83.47,3.494,220.6404663,6.623
39,Dept-06,2012-08-17,Home Essentials,Regular,SPLR-009,1720221.91,31,55491.03,2007698.59,84.72,3.571,220.7199609,6.623
39,Dept-08,2012-08-24,Pharmacy,Regular,SPLR-006,1724669.75,20,86233.49,1992803.06,80.49,3.62,220.8526787,6.623
39,Dept-03,2012-08-31,Electronics,Premium,SPLR-003,1710923.94,30,57030.8,1999679.54,83.72,3.638,220.9853964,6.623
39,Dept-06,2012-07-09,Grocery,Regular,SPLR-008,1609811.75,32,50306.62,1851483.57,83.71,3.73,221.1181142,6.623
39,Dept-02,2012-09-14,Home Essentials,Regular,SPLR-010,1447614.08,26,55677.46,1702069.96,76.71,3.717,221.2601207,6.623
39,Dept-03,2012-09-21,Electronics,New,SPLR-005,1555672.51,5,311134.5,1828473.88,73.58,3.721,221.4578604,6.623
39,Dept-07,2012-09-28,Home Essentials,Regular,SPLR-006,1495607.07,17,87976.89,1684896.41,78.04,3.666,221.6556,6.623
39,Dept-01,2012-05-10,Grocery,Regular,SPLR-007,1574408.67,15,104960.58,1883765.33,72.05,3.617,221.8533396,6.228
39,Dept-03,2012-12-10,Grocery,Regular,SPLR-008,1494417.07,20,74720.85,1792410.29,69.88,3.601,222.0510793,6.228
39,Dept-01,2012-10-19,Clothing,Regular,SPLR-002,1577486.33,46,34293.18,1791433.27,71.45,3.594,222.0951719,6.228
39,Dept-04,2012-10-26,Electronics,Regular,SPLR-009,1569502.0,13,120730.92,1805966.11,72.9,3.506,222.1136566,6.228
40,Dept-08,2010-05-02,Home Essentials,Premium,SPLR-009,1001943.8,41,24437.65,1193807.71,14.48,2.788,131.5279032,5.892
40,Dept-07,2010-12-02,Pharmacy,Premium,SPLR-007,955338.29,26,36743.78,1101957.47,20.84,2.771,131.5866129,5.892
40,Dept-10,2010-02-19,Grocery,Regular,SPLR-001,916289.2,37,24764.57,1058877.97,27.84,2.747,131.637,5.892
40,Dept-09,2010-02-26,Grocery,Regular,SPLR-007,863917.41,5,172783.48,955382.42,33.32,2.753,131.686,5.892
40,Dept-09,2010-05-03,Grocery,Regular,SPLR-006,990152.28,27,36672.31,1167095.28,34.78,2.766,131.735,5.892
40,Dept-09,2010-12-03,Grocery,Regular,SPLR-010,899352.4,39,23060.32,1066457.34,35.1,2.805,131.784,5.892
40,Dept-10,2010-03-19,Electronics,Regular,SPLR-004,894865.3,46,19453.59,1059986.75,40.54,2.834,131.8242903,5.892
40,Dept-03,2010-03-26,Home Essentials,New,SPLR-003,873354.58,48,18194.89,983264.42,39.51,2.831,131.863129,5.892
40,Dept-01,2010-02-04,Grocery,Regular,SPLR-003,1041202.13,21,49581.05,1187089.04,41.39,2.826,131.9019677,5.435
40,Dept-07,2010-09-04,Home Essentials,Regular,SPLR-001,919839.19,5,183967.84,1048274.92,54.31,2.849,131.9408065,5.435
40,Dept-10,2010-04-16,Clothing,Premium,SPLR-005,882636.96,5,176527.39,977128.36,43.3,2.885,131.9809,5.435
40,Dept-03,2010-04-23,Electronics,New,SPLR-004,844958.49,30,28165.28,973084.92,45.85,2.895,132.0226667,5.435
40,Dept-07,2010-04-30,Grocery,Regular,SPLR-007,816838.31,31,26349.62,977963.63,46.5,2.935,132.0644333,5.435
40,Dept-09,2010-07-05,Clothing,New,SPLR-003,1009797.06,1,1009797.06,1150852.43,60.05,2.981,132.1062,5.435
40,Dept-07,2010-05-14,Home Essentials,Regular,SPLR-005,907262.47,21,43202.97,1073447.31,45.5,2.983,132.152129,5.435
40,Dept-07,2010-05-21,Pharmacy,Regular,SPLR-002,885613.91,49,18073.75,1038545.09,56.75,2.961,132.2230323,5.435
40,Dept-03,2010-05-28,Home Essentials,Regular,SPLR-008,1008483.07,32,31515.1,1186776.77,67.88,2.906,132.2939355,5.435
40,Dept-04,2010-04-06,Clothing,Regular,SPLR-010,1052429.03,37,28444.03,1186962.8,65.7,2.857,132.3648387,5.435
40,Dept-09,2010-11-06,Electronics,Regular,SPLR-010,1007574.67,6,167929.11,1133946.03,59.42,2.83,132.4357419,5.435
40,Dept-02,2010-06-18,Electronics,Premium,SPLR-002,973105.3,17,57241.49,1102237.67,60.97,2.805,132.4733333,5.435
40,Dept-10,2010-06-25,Electronics,New,SPLR-003,940405.03,22,42745.68,1090227.49,69.72,2.81,132.4976,5.435
40,Dept-06,2010-02-07,Clothing,Regular,SPLR-004,1087578.78,33,32956.93,1266218.24,65.47,2.815,132.5218667,5.326
40,Dept-01,2010-09-07,Pharmacy,New,SPLR-006,1058250.91,6,176375.15,1182204.62,76.67,2.806,132.5461333,5.326
40,Dept-02,2010-07-16,Electronics,Regular,SPLR-006,959229.09,1,959229.09,1093844.99,74.25,2.796,132.5667742,5.326
40,Dept-05,2010-07-23,Home Essentials,Regular,SPLR-006,922341.82,40,23058.55,1027776.15,71.79,2.784,132.5825806,5.326
40,Dept-07,2010-07-30,Grocery,Regular,SPLR-010,953393.02,6,158898.84,1090680.09,71.35,2.792,132.5983871,5.326
40,Dept-09,2010-06-08,Grocery,Regular,SPLR-003,1057295.87,6,176215.98,1256798.39,69.16,2.792,132.6141935,5.326
40,Dept-04,2010-08-13,Home Essentials,Regular,SPLR-001,924011.76,12,77000.98,1103114.49,67.47,2.81,132.63,5.326
40,Dept-06,2010-08-20,Clothing,Regular,SPLR-008,932397.0,7,133199.57,1094899.02,67.05,2.796,132.6616129,5.326
40,Dept-01,2010-08-27,Electronics,Regular,SPLR-004,922328.02,4,230582.0,1049181.31,62.57,2.77,132.6932258,5.326
40,Dept-01,2010-03-09,Clothing,Premium,SPLR-010,976453.34,23,42454.49,1084982.2,70.66,2.735,132.7248387,5.326
40,Dept-09,2010-10-09,Clothing,Regular,SPLR-010,967310.82,21,46062.42,1107675.07,62.75,2.717,132.7564516,5.326
40,Dept-06,2010-09-17,Grocery,Regular,SPLR-002,855046.95,4,213761.74,1018771.68,55.34,2.716,132.7670667,5.326
40,Dept-08,2010-09-24,Clothing,Regular,SPLR-005,844373.31,38,22220.35,948043.47,55.63,2.718,132.7619333,5.326
40,Dept-05,2010-01-10,Grocery,Regular,SPLR-002,891152.33,4,222788.08,1019818.86,62.01,2.717,132.7568,5.287
40,Dept-10,2010-08-10,Clothing,New,SPLR-004,972405.38,17,57200.32,1127408.16,52.02,2.776,132.7516667,5.287
40,Dept-06,2010-10-15,Electronics,Regular,SPLR-010,917883.17,40,22947.08,1061385.03,44.56,2.878,132.7633548,5.287
40,Dept-09,2010-10-22,Grocery,Regular,SPLR-006,882180.91,19,46430.57,1009643.53,41.25,2.919,132.8170968,5.287
40,Dept-10,2010-10-29,Home Essentials,Premium,SPLR-009,875038.84,44,19887.25,989787.05,47.1,2.938,132.8708387,5.287
40,Dept-03,2010-05-11,Electronics,Regular,SPLR-006,968270.66,15,64551.38,1157066.8,36.45,2.938,132.9245806,5.287
40,Dept-06,2010-12-11,Home Essentials,Premium,SPLR-003,935481.32,13,71960.1,1040498.55,38.5,2.961,132.9783226,5.287
40,Dept-04,2010-11-19,Electronics,Regular,SPLR-009,852452.93,44,19373.93,1010318.65,40.52,3.03,132.9172,5.287
40,Dept-01,2010-11-26,Electronics,Regular,SPLR-004,1166142.85,27,43190.48,1381937.01,32.94,3.07,132.8369333,5.287
40,Dept-04,2010-03-12,Home Essentials,Regular,SPLR-003,1000582.06,4,250145.52,1111150.52,33.6,3.065,132.7566667,5.287
40,Dept-07,2010-10-12,Pharmacy,Regular,SPLR-009,1111215.72,45,24693.68,1310228.26,21.64,3.132,132.6764,5.287
40,Dept-08,2010-12-17,Home Essentials,Regular,SPLR-003,1179036.3,11,107185.12,1326958.79,23.01,3.139,132.6804516,5.287
40,Dept-10,2010-12-24,Home Essentials,Premium,SPLR-002,1648829.18,3,549609.73,1848448.17,24.18,3.15,132.7477419,5.287
40,Dept-08,2010-12-31,Pharmacy,Regular,SPLR-005,811318.3,43,18867.87,936291.94,19.29,3.177,132.8150323,5.287
40,Dept-01,2011-07-01,Grocery,Regular,SPLR-010,894280.19,45,19872.89,1037793.03,24.05,3.193,132.8823226,5.114
40,Dept-05,2011-01-14,Electronics,Regular,SPLR-004,771315.62,24,32138.15,902458.14,18.55,3.215,132.9510645,5.114
40,Dept-09,2011-01-21,Electronics,Regular,SPLR-006,764014.75,43,17767.78,915337.53,14.64,3.232,133.0285161,5.114
40,Dept-07,2011-01-28,Grocery,Regular,SPLR-003,775910.43,31,25029.37,897620.43,9.51,3.243,133.1059677,5.114
40,Dept-01,2011-04-02,Grocery,New,SPLR-007,904261.65,14,64590.12,1013437.26,13.29,3.24,133.1834194,5.114
40,Dept-09,2011-11-02,Clothing,Regular,SPLR-001,931939.52,14,66567.11,1043744.11,16.87,3.255,133.260871,5.114
40,Dept-05,2011-02-18,Clothing,Regular,SPLR-002,968694.45,47,20610.52,1122764.46,21.82,3.263,133.3701429,5.114
40,Dept-09,2011-02-25,Grocery,Regular,SPLR-003,888869.27,10,88886.93,1056321.67,16.5,3.281,133.4921429,5.114
40,Dept-03,2011-04-03,Home Essentials,New,SPLR-009,977070.62,23,42481.33,1079903.86,18.49,3.437,133.6141429,5.114
40,Dept-09,2011-11-03,Electronics,Regular,SPLR-007,860255.58,43,20005.94,1010352.92,30.53,3.6,133.7361429,5.114
40,Dept-09,2011-03-18,Clothing,Regular,SPLR-005,871024.26,18,48390.24,967803.44,35.76,3.634,133.8492258,5.114
40,Dept-06,2011-03-25,Home Essentials,Regular,SPLR-010,834621.39,44,18968.67,967809.59,28.89,3.624,133.9587419,5.114
40,Dept-04,2011-01-04,Grocery,Regular,SPLR-003,841889.08,40,21047.23,972540.36,28.6,3.638,134.0682581,4.781
40,Dept-10,2011-08-04,Grocery,Premium,SPLR-008,947753.32,5,189550.66,1128206.06,34.77,3.72,134.1777742,4.781
40,Dept-03,2011-04-15,Clothing,Premium,SPLR-002,874446.32,21,41640.3,1016938.47,43.69,3.823,134.2784667,4.781
40,Dept-09,2011-04-22,Clothing,Regular,SPLR-010,965056.4,14,68932.6,1090450.57,39.32,3.919,134.3571,4.781
40,Dept-05,2011-04-29,Home Essentials,Regular,SPLR-004,847246.5,28,30258.8,934706.71,52.68,3.988,134.4357333,4.781
40,Dept-07,2011-06-05,Grocery,Regular,SPLR-009,1016752.55,4,254188.14,1205283.2,50.81,4.078,134.5143667,4.781
40,Dept-03,2011-05-13,Clothing,Regular,SPLR-007,903864.02,44,20542.36,1005394.83,54.09,4.095,134.593,4.781
40,Dept-04,2011-05-20,Electronics,Regular,SPLR-009,907110.83,32,28347.21,1034564.08,56.38,4.101,134.6803871,4.781
40,Dept-10,2011-05-27,Home Essentials,Regular,SPLR-005,972373.81,47,20688.8,1148621.91,63.11,4.034,134.7677742,4.781
40,Dept-07,2011-03-06,Electronics,Premium,SPLR-007,1075687.74,25,43027.51,1194751.21,66.16,3.973,134.8551613,4.781
40,Dept-04,2011-10-06,Home Essentials,Regular,SPLR-006,984336.04,44,22371.27,1106844.67,64.19,3.924,134.9425484,4.781
40,Dept-09,2011-06-17,Grocery,Premium,SPLR-009,971422.67,6,161903.78,1153690.32,59.16,3.873,135.0837333,4.781
40,Dept-02,2011-06-24,Grocery,Regular,SPLR-005,977103.64,4,244275.91,1142086.34,62.59,3.851,135.2652667,4.781
40,Dept-10,2011-01-07,Pharmacy,Premium,SPLR-005,1048866.3,5,209773.26,1208000.34,65.25,3.815,135.4468,4.584
40,Dept-07,2011-08-07,Electronics,Regular,SPLR-007,1107366.06,15,73824.4,1256111.33,67.86,3.784,135.6283333,4.584
40,Dept-07,2011-07-15,Grocery,New,SPLR-010,953252.14,30,31775.07,1065799.28,68.9,3.827,135.7837419,4.584
40,Dept-06,2011-07-22,Grocery,New,SPLR-002,980642.1,5,196128.42,1117108.71,73.34,3.882,135.8738387,4.584
40,Dept-04,2011-07-29,Pharmacy,Regular,SPLR-009,929096.9,19,48899.84,1066095.34,67.45,3.898,135.9639355,4.584
40,Dept-01,2011-05-08,Electronics,Regular,SPLR-010,1063818.2,42,25329.0,1274370.41,68.1,3.903,136.0540323,4.584
40,Dept-01,2011-12-08,Pharmacy,New,SPLR-007,955506.95,28,34125.25,1119307.41,68.3,3.88,136.144129,4.584
40,Dept-06,2011-08-19,Clothing,Regular,SPLR-007,943237.12,11,85748.83,1043189.49,64.05,3.82,136.183129,4.584
40,Dept-05,2011-08-26,Home Essentials,Regular,SPLR-009,969611.3,46,21078.51,1152120.86,65.01,3.796,136.2136129,4.584
40,Dept-04,2011-02-09,Home Essentials,Regular,SPLR-003,957298.26,28,34189.22,1111001.9,63.79,3.784,136.2440968,4.584
40,Dept-05,2011-09-09,Home Essentials,Regular,SPLR-001,1021391.99,40,25534.8,1178712.81,64.83,3.809,136.2745806,4.584
40,Dept-01,2011-09-16,Pharmacy,Regular,SPLR-004,890661.79,1,890661.79,1022075.59,58.28,3.809,136.3145,4.584
40,Dept-01,2011-09-23,Pharmacy,Regular,SPLR-003,876583.98,6,146097.33,1026898.06,54.09,3.758,136.367,4.584
40,Dept-06,2011-09-30,Clothing,Premium,SPLR-008,912857.1,28,32602.04,1054980.63,63.45,3.684,136.4195,4.584
40,Dept-05,2011-07-10,Electronics,Regular,SPLR-010,1070389.98,46,23269.35,1279593.27,50.21,3.633,136.472,4.42
40,Dept-06,2011-10-14,Home Essentials,Regular,SPLR-008,936751.68,17,55103.04,1097747.26,53.9,3.583,136.5150968,4.42
40,Dept-01,2011-10-21,Home Essentials,Regular,SPLR-008,942319.65,36,26175.55,1043198.96,51.61,3.618,136.5017742,4.42
40,Dept-04,2011-10-28,Pharmacy,Regular,SPLR-002,941675.95,27,34876.89,1062590.33,42.09,3.604,136.4884516,4.42
40,Dept-02,2011-04-11,Pharmacy,Premium,SPLR-004,1011321.18,6,168553.53,1141523.83,35.4,3.586,136.475129,4.42
40,Dept-08,2011-11-11,Home Essentials,Regular,SPLR-004,1037687.07,46,22558.41,1219574.92,40.75,3.57,136.4618065,4.42
40,Dept-03,2011-11-18,Pharmacy,Regular,SPLR-001,905399.99,8,113175.0,1065453.7,41.85,3.571,136.4666667,4.42
40,Dept-09,2011-11-25,Electronics,Regular,SPLR-009,1230011.95,48,25625.25,1373444.77,32.76,3.536,136.4788,4.42
40,Dept-08,2011-02-12,Grocery,Regular,SPLR-008,1059676.62,35,30276.47,1259988.65,38.51,3.501,136.4909333,4.42
40,Dept-05,2011-09-12,Home Essentials,New,SPLR-001,1158708.98,23,50378.65,1380694.05,34.48,3.47,136.5030667,4.42
40,Dept-07,2011-12-16,Home Essentials,Regular,SPLR-010,1198670.19,25,47946.81,1331274.33,29.53,3.445,136.5335161,4.42
40,Dept-03,2011-12-23,Grocery,Premium,SPLR-009,1601585.7,42,38132.99,1795337.55,24.46,3.413,136.5883871,4.42
40,Dept-10,2011-12-30,Pharmacy,Regular,SPLR-009,908853.15,39,23303.93,1080850.39,18.75,3.402,136.6432581,4.42
40,Dept-09,2012-06-01,Clothing,Regular,SPLR-009,954576.86,19,50240.89,1099283.52,23.29,3.439,136.698129,4.261
40,Dept-08,2012-01-13,Electronics,Regular,SPLR-007,780607.52,11,70964.32,869621.91,25.9,3.523,136.753,4.261
40,Dept-03,2012-01-20,Grocery,Premium,SPLR-004,811365.42,23,35276.76,932414.69,14.02,3.542,136.8564194,4.261
40,Dept-02,2012-01-27,Clothing,Regular,SPLR-007,770157.29,8,96269.66,857786.75,22.91,3.568,136.9598387,4.261
40,Dept-03,2012-03-02,Electronics,New,SPLR-010,979552.34,48,20407.34,1140874.63,27.86,3.633,137.0632581,4.261
40,Dept-01,2012-10-02,Electronics,Regular,SPLR-002,999785.48,22,45444.79,1171189.03,23.92,3.655,137.1666774,4.261
40,Dept-04,2012-02-17,Clothing,Regular,SPLR-009,975500.87,37,26364.89,1115253.06,25.56,3.703,137.2583103,4.261
40,Dept-03,2012-02-24,Electronics,Regular,SPLR-006,919301.81,44,20893.22,1068454.19,29.88,3.751,137.3411034,4.261
40,Dept-04,2012-02-03,Pharmacy,New,SPLR-010,927732.02,43,21575.16,1070422.86,23.79,3.827,137.4238966,4.261
40,Dept-07,2012-09-03,Grocery,Regular,SPLR-007,954233.87,22,43374.27,1134702.57,30.58,3.876,137.5066897,4.261
40,Dept-10,2012-03-16,Pharmacy,Regular,SPLR-009,891154.18,21,42435.91,1012083.27,37.13,3.867,137.5843871,4.261
40,Dept-07,2012-03-23,Home Essentials,New,SPLR-006,844490.86,20,42224.54,975585.81,52.27,3.889,137.6552903,4.261
40,Dept-08,2012-03-30,Clothing,Premium,SPLR-010,871945.64,16,54496.6,967399.06,36.25,3.921,137.7261935,4.261
40,Dept-10,2012-06-04,Grocery,New,SPLR-008,1132064.23,2,566032.12,1349746.99,36.54,3.957,137.7970968,4.125
40,Dept-08,2012-04-13,Clothing,Regular,SPLR-001,857811.17,35,24508.89,944024.07,40.65,4.025,137.868,4.125
40,Dept-01,2012-04-20,Pharmacy,New,SPLR-010,896979.93,12,74748.33,1070665.17,55.3,4.046,137.9230667,4.125
40,Dept-07,2012-04-27,Home Essentials,Regular,SPLR-009,875372.91,15,58358.19,977041.57,47.51,4.023,137.9781333,4.125
40,Dept-10,2012-04-05,Electronics,Regular,SPLR-005,993311.59,17,58430.09,1134495.05,44.47,3.991,138.0332,4.125
40,Dept-02,2012-11-05,Grocery,New,SPLR-003,967729.35,29,33369.98,1150874.93,52.06,3.947,138.0882667,4.125
40,Dept-07,2012-05-18,Home Essentials,Regular,SPLR-002,896295.41,8,112036.93,1060217.41,57.59,3.899,138.1065806,4.125
40,Dept-03,2012-05-25,Grocery,Premium,SPLR-009,991054.49,40,24776.36,1096261.47,65.25,3.85,138.1101935,4.125
40,Dept-03,2012-01-06,Clothing,Regular,SPLR-003,1037464.27,7,148209.18,1171495.5,64.75,3.798,138.1138065,4.125
40,Dept-04,2012-08-06,Home Essentials,Regular,SPLR-008,1079386.88,7,154198.13,1209712.77,55.78,3.746,138.1174194,4.125
40,Dept-06,2012-06-15,Pharmacy,Premium,SPLR-005,977950.28,39,25075.65,1098730.72,63.39,3.683,138.1295333,4.125
40,Dept-07,2012-06-22,Electronics,New,SPLR-005,1033552.18,28,36912.58,1154957.0,69.32,3.629,138.1629,4.125
40,Dept-10,2012-06-29,Pharmacy,Regular,SPLR-003,988764.84,11,89887.71,1142096.23,64.42,3.577,138.1962667,4.125
40,Dept-03,2012-06-07,Clothing,Regular,SPLR-010,1182901.56,19,62257.98,1344338.12,69.08,3.538,138.2296333,4.156
40,Dept-04,2012-07-13,Electronics,Regular,SPLR-009,979848.71,41,23898.75,1102390.89,67.48,3.561,138.263,4.156
40,Dept-07,2012-07-20,Electronics,Regular,SPLR-005,968502.38,47,20606.43,1074308.32,70.45,3.61,138.2331935,4.156
40,Dept-04,2012-07-27,Pharmacy,Regular,SPLR-005,954396.85,48,19883.27,1143641.9,67.88,3.701,138.2033871,4.156
40,Dept-03,2012-03-08,Clothing,Regular,SPLR-004,1068346.76,42,25436.83,1253319.51,70.15,3.698,138.1735806,4.156
40,Dept-06,2012-10-08,Clothing,Premium,SPLR-007,1007906.43,36,27997.4,1123127.85,70.09,3.772,138.1437742,4.156
40,Dept-02,2012-08-17,Grocery,Regular,SPLR-007,969387.48,32,30293.36,1156095.57,69.41,3.84,138.1857097,4.156
40,Dept-08,2012-08-24,Clothing,Regular,SPLR-004,945318.47,49,19292.21,1049929.39,63.91,3.874,138.2814516,4.156
40,Dept-10,2012-08-31,Pharmacy,Regular,SPLR-005,987264.67,16,61704.04,1132723.23,66.11,3.884,138.3771935,4.156
40,Dept-04,2012-07-09,Electronics,Regular,SPLR-006,1088248.4,48,22671.84,1234591.03,65.06,3.921,138.4729355,4.156
40,Dept-10,2012-09-14,Electronics,Regular,SPLR-002,901709.82,23,39204.77,1005012.04,59.38,3.988,138.5673,4.156
40,Dept-07,2012-09-21,Pharmacy,Regular,SPLR-007,899768.4,14,64269.17,1061754.01,54.12,4.056,138.6534,4.156
40,Dept-02,2012-09-28,Clothing,Premium,SPLR-010,919595.44,28,32842.69,1017918.68,50.98,4.018,138.7395,4.156
40,Dept-09,2012-05-10,Pharmacy,New,SPLR-010,1069112.0,1,1069112.0,1181498.09,57.21,4.027,138.8256,4.145
40,Dept-04,2012-12-10,Pharmacy,Regular,SPLR-009,982523.26,39,25192.9,1169321.05,47.35,4.029,138.9117,4.145
40,Dept-07,2012-10-19,Pharmacy,Regular,SPLR-008,918170.5,5,183634.1,1019624.43,46.33,4.0,138.8336129,4.145
40,Dept-03,2012-10-26,Pharmacy,New,SPLR-009,921264.52,46,20027.49,1056432.25,49.65,3.917,138.7281613,4.145
41,Dept-02,2010-05-02,Clothing,Regular,SPLR-008,1086533.18,20,54326.66,1244221.1,30.27,2.58,189.3816974,7.541
41,Dept-03,2010-12-02,Grocery,Regular,SPLR-006,1075656.34,25,43026.25,1271128.37,23.04,2.572,189.4642725,7.541
41,Dept-07,2010-02-19,Grocery,Regular,SPLR-010,1052034.74,47,22383.72,1260596.47,24.13,2.55,189.5340998,7.541
41,Dept-01,2010-02-26,Grocery,Regular,SPLR-010,991941.73,34,29174.76,1150095.12,21.84,2.586,189.6018023,7.541
41,Dept-01,2010-05-03,Clothing,Regular,SPLR-008,1063557.49,32,33236.17,1238546.86,32.49,2.62,189.6695049,7.541
41,Dept-03,2010-12-03,Grocery,Regular,SPLR-008,1023997.71,43,23813.9,1152075.31,33.4,2.684,189.7372075,7.541
41,Dept-04,2010-03-19,Clothing,Premium,SPLR-008,1006597.69,17,59211.63,1183154.13,36.7,2.692,189.734262,7.541
41,Dept-02,2010-03-26,Clothing,Premium,SPLR-010,1015196.46,25,40607.86,1166593.7,32.3,2.717,189.7195417,7.541
41,Dept-02,2010-02-04,Pharmacy,Regular,SPLR-003,1168826.39,2,584413.19,1398923.18,41.31,2.725,189.7048215,7.363
41,Dept-01,2010-09-04,Grocery,Regular,SPLR-002,1082158.21,28,38648.51,1227456.6,37.3,2.75,189.6901012,7.363
41,Dept-06,2010-04-16,Grocery,Premium,SPLR-009,1043388.79,31,33657.7,1160828.68,46.79,2.765,189.6628845,7.363
41,Dept-02,2010-04-23,Clothing,Regular,SPLR-001,1067340.74,45,23718.68,1277692.63,45.29,2.776,189.6190057,7.363
41,Dept-10,2010-04-30,Electronics,Regular,SPLR-003,1063960.11,42,25332.38,1205406.24,40.2,2.766,189.575127,7.363
41,Dept-06,2010-07-05,Clothing,Premium,SPLR-006,1175738.22,41,28676.54,1378980.73,41.5,2.771,189.5312483,7.363
41,Dept-10,2010-05-14,Grocery,Premium,SPLR-004,1116439.02,7,159491.29,1254108.54,40.23,2.788,189.4904116,7.363
41,Dept-02,2010-05-21,Grocery,Regular,SPLR-001,1163234.33,43,27051.96,1369567.32,50.59,2.776,189.467827,7.363
41,Dept-08,2010-05-28,Pharmacy,New,SPLR-001,1246654.24,2,623327.12,1434246.61,56.97,2.737,189.4452425,7.363
41,Dept-04,2010-04-06,Clothing,New,SPLR-002,1305068.1,15,87004.54,1459034.26,60.13,2.7,189.422658,7.363
41,Dept-07,2010-11-06,Home Essentials,New,SPLR-002,1217199.39,19,64063.13,1395500.35,63.36,2.684,189.4000734,7.363
41,Dept-10,2010-06-18,Clothing,Premium,SPLR-004,1202963.06,20,60148.15,1388163.7,54.9,2.674,189.4185259,7.363
41,Dept-03,2010-06-25,Grocery,Regular,SPLR-006,1174209.52,18,65233.86,1391665.96,66.0,2.715,189.4533931,7.363
41,Dept-03,2010-02-07,Grocery,Regular,SPLR-007,1273279.79,3,424426.6,1410825.85,69.39,2.728,189.4882603,7.335
41,Dept-01,2010-09-07,Pharmacy,Regular,SPLR-007,1176079.59,10,117607.96,1333709.13,60.93,2.711,189.5231276,7.335
41,Dept-08,2010-07-16,Home Essentials,Regular,SPLR-009,1179788.38,34,34699.66,1392855.21,69.06,2.699,189.6125456,7.335
41,Dept-08,2010-07-23,Clothing,Regular,SPLR-007,1192213.87,23,51835.39,1383717.57,70.77,2.691,189.774698,7.335
41,Dept-04,2010-07-30,Clothing,Regular,SPLR-007,1211136.63,49,24717.07,1342347.2,70.07,2.69,189.9368504,7.335
41,Dept-02,2010-06-08,Pharmacy,New,SPLR-009,1338132.72,37,36165.75,1529254.47,69.21,2.69,190.0990028,7.335
41,Dept-01,2010-08-13,Home Essentials,Regular,SPLR-007,1285976.53,32,40186.77,1433611.95,70.24,2.723,190.2611552,7.335
41,Dept-02,2010-08-20,Pharmacy,Regular,SPLR-008,1353838.39,33,41025.41,1540981.6,66.19,2.732,190.2948237,7.335
41,Dept-08,2010-08-27,Home Essentials,Premium,SPLR-010,1173131.63,19,61743.77,1355663.5,70.59,2.731,190.3284922,7.335
41,Dept-07,2010-03-09,Clothing,New,SPLR-008,1223355.5,17,71962.09,1455071.83,64.13,2.773,190.3621607,7.335
41,Dept-10,2010-10-09,Home Essentials,New,SPLR-003,1172672.27,15,78178.15,1330279.81,63.3,2.78,190.3958293,7.335
41,Dept-06,2010-09-17,Grocery,Regular,SPLR-001,1111170.91,43,25841.18,1223220.93,62.4,2.8,190.4688287,7.335
41,Dept-09,2010-09-24,Home Essentials,Regular,SPLR-009,1110941.78,1,1110941.78,1323694.06,60.11,2.793,190.5713264,7.335
41,Dept-02,2010-01-10,Pharmacy,New,SPLR-007,1109216.35,26,42662.17,1312466.77,62.67,2.759,190.6738241,7.508
41,Dept-07,2010-08-10,Clothing,Premium,SPLR-009,1162042.24,32,36313.82,1319052.99,57.1,2.745,190.7763218,7.508
41,Dept-10,2010-10-15,Clothing,New,SPLR-005,1133913.33,23,49300.58,1263668.03,49.91,2.762,190.8623087,7.508
41,Dept-07,2010-10-22,Pharmacy,Premium,SPLR-002,1156003.7,17,68000.22,1382295.62,48.09,2.762,190.9070184,7.508
41,Dept-05,2010-10-29,Electronics,Premium,SPLR-004,1144854.56,27,42402.02,1345678.52,42.16,2.748,190.951728,7.508
41,Dept-06,2010-05-11,Electronics,Premium,SPLR-002,1163878.49,23,50603.41,1292084.8,46.74,2.729,190.9964377,7.508
41,Dept-08,2010-12-11,Electronics,Regular,SPLR-007,1175326.23,32,36728.94,1384351.17,38.99,2.737,191.0411474,7.508
41,Dept-08,2010-11-19,Electronics,Regular,SPLR-001,1172155.28,38,30846.19,1302932.62,31.34,2.758,191.0312172,7.508
41,Dept-04,2010-11-26,Pharmacy,Regular,SPLR-010,1866681.57,12,155556.8,2187684.9,25.3,2.742,191.0121805,7.508
41,Dept-09,2010-03-12,Pharmacy,Premium,SPLR-001,1220115.75,4,305028.94,1389728.96,33.0,2.712,190.9931437,7.508
41,Dept-08,2010-10-12,Clothing,Regular,SPLR-008,1434908.13,11,130446.19,1719891.88,33.9,2.728,190.9741069,7.508
41,Dept-08,2010-12-17,Clothing,New,SPLR-007,1627904.68,10,162790.47,1816851.84,31.51,2.778,191.0303376,7.508
41,Dept-09,2010-12-24,Home Essentials,Regular,SPLR-009,2225016.73,36,61806.02,2496185.57,29.81,2.781,191.1430189,7.508
41,Dept-05,2010-12-31,Grocery,Premium,SPLR-001,1001790.16,34,29464.42,1183384.33,25.19,2.829,191.2557002,7.508
41,Dept-05,2011-07-01,Clothing,Regular,SPLR-003,1153596.53,36,32044.35,1326497.16,23.76,2.882,191.3683815,7.241
41,Dept-06,2011-01-14,Grocery,Regular,SPLR-009,1052609.16,13,80969.94,1168284.48,22.44,2.911,191.4784939,7.241
41,Dept-09,2011-01-21,Pharmacy,Regular,SPLR-010,1088025.8,24,45334.41,1275229.07,32.7,2.973,191.5731924,7.241
41,Dept-01,2011-01-28,Clothing,Regular,SPLR-010,1026439.93,14,73317.14,1166275.86,32.23,3.008,191.667891,7.241
41,Dept-09,2011-04-02,Clothing,Regular,SPLR-004,1179420.5,14,84244.32,1355986.64,14.56,3.011,191.7625895,7.241
41,Dept-04,2011-11-02,Pharmacy,Premium,SPLR-009,1150003.36,36,31944.54,1282849.54,16.81,3.037,191.8572881,7.241
41,Dept-04,2011-02-18,Home Essentials,Regular,SPLR-002,1203399.64,49,24559.18,1411686.27,39.39,3.051,191.9178331,7.241
41,Dept-02,2011-02-25,Grocery,Premium,SPLR-003,1099714.93,40,27492.87,1234159.37,26.1,3.101,191.9647167,7.241
41,Dept-03,2011-04-03,Electronics,Regular,SPLR-001,1229257.7,15,81950.51,1359686.21,34.99,3.232,192.0116004,7.241
41,Dept-03,2011-11-03,Electronics,Regular,SPLR-001,1159089.6,33,35123.93,1385823.67,31.6,3.372,192.058484,7.241
41,Dept-07,2011-03-18,Home Essentials,Regular,SPLR-008,1115504.26,14,79678.88,1229441.32,40.19,3.406,192.1237981,7.241
41,Dept-06,2011-03-25,Pharmacy,Premium,SPLR-007,1140578.16,6,190096.36,1279199.27,41.11,3.414,192.1964844,7.241
41,Dept-02,2011-01-04,Electronics,Premium,SPLR-007,1179125.48,38,31029.62,1398298.27,38.16,3.461,192.2691707,6.934
41,Dept-04,2011-08-04,Home Essentials,Regular,SPLR-005,1206252.12,10,120625.21,1329350.06,42.87,3.532,192.3418571,6.934
41,Dept-09,2011-04-15,Home Essentials,Regular,SPLR-003,1192982.07,12,99415.17,1419772.68,39.94,3.611,192.4225954,6.934
41,Dept-06,2011-04-22,Pharmacy,New,SPLR-007,1304481.75,5,260896.35,1521516.57,42.86,3.636,192.5234638,6.934
41,Dept-01,2011-04-29,Clothing,Regular,SPLR-007,1178841.05,19,62044.27,1395585.36,39.81,3.663,192.6243322,6.934
41,Dept-02,2011-06-05,Home Essentials,New,SPLR-006,1244956.91,43,28952.49,1438740.89,41.2,3.735,192.7252006,6.934
41,Dept-01,2011-05-13,Home Essentials,Regular,SPLR-006,1270025.74,45,28222.79,1397527.73,50.29,3.767,192.826069,6.934
41,Dept-01,2011-05-20,Pharmacy,Regular,SPLR-004,1244542.33,5,248908.47,1393703.43,41.11,3.828,192.831317,6.934
41,Dept-10,2011-05-27,Pharmacy,Premium,SPLR-009,1278304.33,35,36522.98,1510230.23,50.56,3.795,192.8365651,6.934
41,Dept-05,2011-03-06,Pharmacy,Premium,SPLR-010,1297584.95,22,58981.13,1496302.83,54.81,3.763,192.8418131,6.934
41,Dept-09,2011-10-06,Grocery,New,SPLR-005,1311690.11,2,655845.06,1475113.73,61.1,3.735,192.8470612,6.934
41,Dept-03,2011-06-17,Grocery,Premium,SPLR-004,1289151.84,30,42971.73,1469454.75,62.3,3.697,192.9034759,6.934
41,Dept-02,2011-06-24,Electronics,Premium,SPLR-005,1244381.98,48,25924.62,1444128.02,59.54,3.661,192.9982655,6.934
41,Dept-01,2011-01-07,Pharmacy,Regular,SPLR-010,1333347.78,15,88889.85,1513653.33,67.01,3.597,193.0930552,6.901
41,Dept-08,2011-08-07,Home Essentials,New,SPLR-001,1338862.58,49,27323.73,1482507.48,68.49,3.54,193.1878448,6.901
41,Dept-04,2011-07-15,Clothing,Premium,SPLR-001,1245772.7,46,27082.02,1482018.73,68.18,3.532,193.3125484,6.901
41,Dept-10,2011-07-22,Electronics,Premium,SPLR-002,1292830.93,26,49724.27,1527979.4,74.11,3.545,193.5120367,6.901
41,Dept-05,2011-07-29,Electronics,Regular,SPLR-008,1248330.1,24,52013.75,1496845.26,71.3,3.547,193.711525,6.901
41,Dept-07,2011-05-08,Grocery,Regular,SPLR-004,1402233.69,10,140223.37,1566214.52,72.19,3.554,193.9110133,6.901
41,Dept-10,2011-12-08,Clothing,Premium,SPLR-005,1356689.88,49,27687.55,1514213.06,67.65,3.542,194.1105017,6.901
41,Dept-09,2011-08-19,Home Essentials,Regular,SPLR-001,1412959.97,13,108689.23,1654956.63,70.55,3.499,194.2500634,6.901
41,Dept-08,2011-08-26,Electronics,New,SPLR-004,1328740.71,40,33218.52,1564242.2,71.61,3.485,194.3796374,6.901
41,Dept-04,2011-02-09,Electronics,Regular,SPLR-008,1283849.38,2,641924.69,1538421.86,70.37,3.511,194.5092113,6.901
41,Dept-03,2011-09-09,Grocery,Premium,SPLR-001,1280958.97,20,64047.95,1484688.85,58.31,3.566,194.6387853,6.901
41,Dept-01,2011-09-16,Grocery,Regular,SPLR-002,1197019.39,34,35206.45,1321598.96,54.82,3.596,194.7419707,6.901
41,Dept-06,2011-09-23,Clothing,Regular,SPLR-008,1173059.79,27,43446.66,1341456.88,55.06,3.581,194.8099713,6.901
41,Dept-09,2011-09-30,Pharmacy,Premium,SPLR-009,1160619.61,34,34135.87,1335265.94,61.77,3.538,194.8779718,6.901
41,Dept-02,2011-07-10,Clothing,Regular,SPLR-005,1277882.77,32,39933.84,1471869.58,58.74,3.498,194.9459724,6.759
41,Dept-03,2011-10-14,Grocery,New,SPLR-007,1247130.22,12,103927.52,1385714.73,47.43,3.491,195.0261012,6.759
41,Dept-04,2011-10-21,Grocery,Regular,SPLR-004,1214944.29,21,57854.49,1417757.36,45.62,3.548,195.1789994,6.759
41,Dept-10,2011-10-28,Home Essentials,Premium,SPLR-001,1274463.02,21,60688.72,1522582.11,37.02,3.55,195.3318977,6.759
41,Dept-08,2011-04-11,Electronics,Regular,SPLR-001,1315684.86,11,119607.71,1499171.18,35.04,3.527,195.4847959,6.759
41,Dept-05,2011-11-11,Grocery,Regular,SPLR-008,1302499.23,39,33397.42,1504131.75,32.87,3.505,195.6376941,6.759
41,Dept-02,2011-11-18,Pharmacy,Regular,SPLR-008,1230118.02,22,55914.46,1455150.13,36.64,3.479,195.7184713,6.759
41,Dept-02,2011-11-25,Electronics,Regular,SPLR-005,1906713.35,34,56079.8,2195617.39,36.37,3.424,195.7704,6.759
41,Dept-04,2011-02-12,Electronics,Regular,SPLR-010,1292436.23,30,43081.21,1490542.06,34.53,3.378,195.8223287,6.759
41,Dept-09,2011-09-12,Grocery,Regular,SPLR-009,1548661.45,16,96791.34,1771616.79,17.05,3.331,195.8742575,6.759
41,Dept-01,2011-12-16,Pharmacy,Regular,SPLR-002,1682368.32,38,44272.85,1851904.11,25.01,3.266,195.9841685,6.759
41,Dept-03,2011-12-23,Grocery,Regular,SPLR-006,2263722.68,41,55212.75,2580394.82,25.59,3.173,196.1713893,6.759
41,Dept-03,2011-12-30,Electronics,New,SPLR-009,1264014.16,28,45143.36,1408050.56,34.12,3.119,196.3586101,6.759
41,Dept-07,2012-06-01,Electronics,New,SPLR-010,1208191.61,24,50341.32,1434770.07,37.21,3.095,196.5458309,6.589
41,Dept-07,2012-01-13,Pharmacy,Regular,SPLR-002,1134767.28,9,126085.25,1330929.42,27.49,3.077,196.7330517,6.589
41,Dept-05,2012-01-20,Electronics,Regular,SPLR-002,1116295.24,10,111629.52,1244914.68,31.56,3.055,196.7796652,6.589
41,Dept-05,2012-01-27,Electronics,Premium,SPLR-004,1079398.81,43,25102.3,1233269.02,33.15,3.038,196.8262786,6.589
41,Dept-04,2012-03-02,Clothing,New,SPLR-005,1208825.6,32,37775.8,1449835.92,31.65,3.031,196.8728921,6.589
41,Dept-07,2012-10-02,Grocery,New,SPLR-004,1238844.56,48,25809.26,1444041.94,22.0,3.103,196.9195056,6.589
41,Dept-07,2012-02-17,Home Essentials,New,SPLR-010,1330451.46,22,60475.07,1539020.44,22.52,3.113,196.9432711,6.589
41,Dept-02,2012-02-24,Electronics,Regular,SPLR-006,1224915.66,42,29164.66,1361125.0,27.89,3.129,196.9499007,6.589
41,Dept-04,2012-02-03,Home Essentials,New,SPLR-005,1239813.26,39,31790.08,1410155.62,27.39,3.191,196.9565303,6.589
41,Dept-09,2012-09-03,Grocery,Regular,SPLR-006,1243814.77,18,69100.82,1377139.07,35.3,3.286,196.9631599,6.589
41,Dept-09,2012-03-16,Pharmacy,Regular,SPLR-002,1201511.62,6,200251.94,1397198.42,47.76,3.486,197.0457208,6.589
41,Dept-03,2012-03-23,Home Essentials,Regular,SPLR-005,1215354.38,35,34724.41,1443245.27,44.04,3.664,197.2295234,6.589
41,Dept-07,2012-03-30,Grocery,Regular,SPLR-006,1239423.19,23,53887.96,1449662.41,51.56,3.75,197.4133259,6.589
41,Dept-03,2012-06-04,Grocery,Regular,SPLR-006,1460234.31,35,41720.98,1682227.45,48.48,3.854,197.5971285,6.547
41,Dept-06,2012-04-13,Home Essentials,New,SPLR-001,1323004.73,19,69631.83,1488384.79,46.84,3.901,197.780931,6.547
41,Dept-10,2012-04-20,Home Essentials,Regular,SPLR-007,1220815.33,1,1220815.33,1445590.14,43.57,3.936,197.7227385,6.547
41,Dept-07,2012-04-27,Clothing,Regular,SPLR-002,1248950.65,5,249790.13,1406146.39,57.66,3.927,197.664546,6.547
41,Dept-10,2012-04-05,Pharmacy,Premium,SPLR-001,1359770.73,30,45325.69,1563405.31,52.86,3.903,197.6063534,6.547
41,Dept-03,2012-11-05,Grocery,Premium,SPLR-003,1353285.1,27,50121.67,1588082.0,50.22,3.87,197.5481609,6.547
41,Dept-07,2012-05-18,Clothing,Regular,SPLR-006,1331514.44,45,29589.21,1591866.66,55.24,3.837,197.5553137,6.547
41,Dept-01,2012-05-25,Pharmacy,New,SPLR-005,1424500.47,9,158277.83,1579891.58,54.89,3.804,197.5886046,6.547
41,Dept-08,2012-01-06,Electronics,New,SPLR-005,1374891.36,34,40437.98,1574144.97,57.29,3.764,197.6218954,6.547
41,Dept-09,2012-08-06,Home Essentials,Regular,SPLR-007,1436383.84,2,718191.92,1705622.79,65.11,3.741,197.6551863,6.547
41,Dept-07,2012-06-15,Electronics,New,SPLR-006,1384584.59,44,31467.83,1653577.35,64.92,3.723,197.692292,6.547
41,Dept-08,2012-06-22,Pharmacy,Regular,SPLR-005,1386407.17,8,173300.9,1569407.71,66.88,3.735,197.7389345,6.547
41,Dept-02,2012-06-29,Home Essentials,New,SPLR-007,1355600.01,7,193657.14,1511307.33,76.54,3.693,197.785577,6.547
41,Dept-10,2012-06-07,Home Essentials,Premium,SPLR-006,1456300.89,8,182037.61,1742085.56,74.47,3.646,197.8322195,6.432
41,Dept-08,2012-07-13,Home Essentials,Premium,SPLR-005,1332594.07,36,37016.5,1507868.57,67.24,3.613,197.8788621,6.432
41,Dept-03,2012-07-20,Home Essentials,Regular,SPLR-002,1347175.93,25,53887.04,1552468.08,74.06,3.585,197.9290378,6.432
41,Dept-08,2012-07-27,Pharmacy,Regular,SPLR-004,1344723.97,19,70774.95,1479856.4,73.31,3.57,197.9792136,6.432
41,Dept-05,2012-03-08,Clothing,Regular,SPLR-008,1439607.35,27,53318.79,1666038.87,73.16,3.528,198.0293893,6.432
41,Dept-08,2012-10-08,Home Essentials,Premium,SPLR-001,1504545.94,29,51880.89,1663885.59,71.73,3.509,198.0795651,6.432
41,Dept-02,2012-08-17,Home Essentials,Regular,SPLR-003,1560590.05,42,37156.91,1852138.72,65.77,3.545,198.1001057,6.432
41,Dept-03,2012-08-24,Electronics,Premium,SPLR-009,1464462.85,13,112650.99,1700794.04,69.07,3.558,198.0984199,6.432
41,Dept-07,2012-08-31,Pharmacy,Regular,SPLR-005,1360517.52,14,97179.82,1618083.12,71.56,3.556,198.0967341,6.432
41,Dept-07,2012-07-09,Grocery,Regular,SPLR-005,1392143.82,26,53543.99,1623152.23,67.41,3.596,198.0950484,6.432
41,Dept-06,2012-09-14,Home Essentials,New,SPLR-009,1306644.25,49,26666.21,1469752.1,59.39,3.659,198.1267184,6.432
41,Dept-09,2012-09-21,Grocery,New,SPLR-009,1276609.36,6,212768.23,1521246.87,59.81,3.765,198.358523,6.432
41,Dept-10,2012-09-28,Electronics,New,SPLR-006,1307928.01,16,81745.5,1469326.99,56.08,3.789,198.5903276,6.432
41,Dept-09,2012-05-10,Pharmacy,Regular,SPLR-010,1400160.95,23,60876.56,1644509.93,50.14,3.779,198.8221322,6.195
41,Dept-04,2012-12-10,Home Essentials,New,SPLR-010,1409544.97,36,39154.03,1553842.03,39.38,3.76,199.0539368,6.195
41,Dept-09,2012-10-19,Home Essentials,Regular,SPLR-009,1326197.24,34,39005.8,1572351.65,49.56,3.75,199.1481963,6.195
41,Dept-09,2012-10-26,Electronics,Premium,SPLR-005,1316542.59,9,146282.51,1496620.76,41.8,3.686,199.2195317,6.195
42,Dept-09,2010-05-02,Grocery,Regular,SPLR-004,543384.01,37,14686.05,643488.71,54.34,2.962,126.4420645,9.765
42,Dept-07,2010-12-02,Clothing,Regular,SPLR-003,575709.96,2,287854.98,645654.24,49.96,2.828,126.4962581,9.765
42,Dept-01,2010-02-19,Home Essentials,Regular,SPLR-005,508794.87,34,14964.56,563249.91,58.22,2.915,126.5262857,9.765
42,Dept-10,2010-02-26,Clothing,Regular,SPLR-004,491510.58,45,10922.46,550802.43,52.77,2.825,126.5522857,9.765
42,Dept-02,2010-05-03,Grocery,Premium,SPLR-009,554972.42,26,21345.09,637471.15,55.92,2.877,126.5782857,9.765
42,Dept-08,2010-12-03,Clothing,Regular,SPLR-010,588363.62,39,15086.25,651009.67,52.33,3.034,126.6042857,9.765
42,Dept-01,2010-03-19,Home Essentials,Premium,SPLR-003,519914.1,13,39993.39,603448.81,61.46,3.054,126.6066452,9.765
42,Dept-05,2010-03-26,Grocery,Regular,SPLR-010,478021.68,1,478021.68,535983.32,60.05,2.98,126.6050645,9.765
42,Dept-06,2010-02-04,Clothing,Regular,SPLR-002,505907.41,43,11765.29,601139.63,63.66,3.086,126.6034839,9.524
42,Dept-06,2010-09-04,Home Essentials,Regular,SPLR-008,582552.26,36,16182.01,645573.63,65.29,3.004,126.6019032,9.524
42,Dept-03,2010-04-16,Grocery,Regular,SPLR-008,549528.16,35,15700.8,651190.31,69.74,3.109,126.5621,9.524
42,Dept-08,2010-04-23,Home Essentials,Regular,SPLR-004,492364.77,2,246182.38,569271.41,66.42,3.05,126.4713333,9.524
42,Dept-02,2010-04-30,Home Essentials,Premium,SPLR-003,477615.87,20,23880.79,527607.53,69.76,3.105,126.3805667,9.524
42,Dept-06,2010-07-05,Home Essentials,Regular,SPLR-003,582846.22,39,14944.77,672390.09,71.06,3.127,126.2898,9.524
42,Dept-09,2010-05-14,Electronics,Regular,SPLR-008,564345.55,36,15676.27,666093.74,73.88,3.145,126.2085484,9.524
42,Dept-10,2010-05-21,Home Essentials,Regular,SPLR-001,504403.16,8,63050.4,600276.98,78.32,3.12,126.1843871,9.524
42,Dept-01,2010-05-28,Clothing,Regular,SPLR-004,484097.03,16,30256.06,568359.38,76.67,3.058,126.1602258,9.524
42,Dept-09,2010-04-06,Home Essentials,Regular,SPLR-004,556046.12,13,42772.78,618591.19,82.82,2.941,126.1360645,9.524
42,Dept-06,2010-11-06,Grocery,Regular,SPLR-004,607218.6,44,13800.42,696712.52,89.67,3.057,126.1119032,9.524
42,Dept-06,2010-06-18,Clothing,Regular,SPLR-007,529418.64,48,11029.56,632037.04,83.49,2.935,126.114,9.524
42,Dept-03,2010-06-25,Pharmacy,Regular,SPLR-010,484327.56,1,484327.56,572853.14,90.32,3.084,126.1266,9.524
42,Dept-04,2010-02-07,Grocery,New,SPLR-002,507168.8,18,28176.04,558663.87,92.89,2.978,126.1392,9.199
42,Dept-06,2010-09-07,Home Essentials,Premium,SPLR-004,570069.48,42,13573.08,678115.52,91.03,3.1,126.1518,9.199
42,Dept-09,2010-07-16,Electronics,New,SPLR-007,558837.27,39,14329.16,651170.95,91.8,2.971,126.1498065,9.199
42,Dept-07,2010-07-23,Clothing,Regular,SPLR-010,491115.86,31,15842.45,573814.96,88.44,3.112,126.1283548,9.199
42,Dept-08,2010-07-30,Electronics,Premium,SPLR-002,469598.57,14,33542.75,539104.51,85.03,3.017,126.1069032,9.199
42,Dept-03,2010-06-08,Pharmacy,Regular,SPLR-001,579544.21,27,21464.6,669531.92,86.13,3.123,126.0854516,9.199
42,Dept-09,2010-08-13,Electronics,Regular,SPLR-006,583079.97,16,36442.5,661949.14,88.37,3.049,126.064,9.199
42,Dept-10,2010-08-20,Clothing,Regular,SPLR-010,500945.63,13,38534.28,567547.97,89.88,3.041,126.0766452,9.199
42,Dept-04,2010-08-27,Clothing,New,SPLR-010,465993.51,49,9510.07,519509.01,84.99,3.022,126.0892903,9.199
42,Dept-04,2010-03-09,Clothing,Premium,SPLR-002,524658.06,5,104931.61,609678.8,83.8,3.087,126.1019355,9.199
42,Dept-01,2010-10-09,Pharmacy,New,SPLR-010,589091.04,1,589091.04,686580.21,84.04,2.961,126.1145806,9.199
42,Dept-07,2010-09-17,Grocery,Regular,SPLR-006,536871.58,25,21474.86,643829.96,85.52,3.028,126.1454667,9.199
42,Dept-05,2010-09-24,Electronics,New,SPLR-010,492262.96,49,10046.18,555978.74,85.75,2.939,126.1900333,9.199
42,Dept-01,2010-01-10,Clothing,Regular,SPLR-002,481523.93,33,14591.63,544083.87,86.01,3.001,126.2346,9.003
42,Dept-08,2010-08-10,Clothing,Regular,SPLR-008,599759.45,11,54523.59,674658.18,77.04,2.924,126.2791667,9.003
42,Dept-02,2010-10-15,Pharmacy,Regular,SPLR-007,559285.35,22,25422.06,665728.87,75.48,3.08,126.3266774,9.003
42,Dept-10,2010-10-22,Clothing,New,SPLR-008,522467.51,35,14927.64,624000.29,68.12,3.014,126.3815484,9.003
42,Dept-01,2010-10-29,Pharmacy,Regular,SPLR-005,476967.65,32,14905.24,526880.77,68.76,3.13,126.4364194,9.003
42,Dept-04,2010-05-11,Electronics,Regular,SPLR-002,565390.4,4,141347.6,643708.72,71.04,3.009,126.4912903,9.003
42,Dept-05,2010-12-11,Grocery,Regular,SPLR-006,588592.61,48,12262.35,650125.55,61.24,3.13,126.5461613,9.003
42,Dept-05,2010-11-19,Grocery,Regular,SPLR-005,524316.21,6,87386.03,590818.36,58.83,3.047,126.6072,9.003
42,Dept-03,2010-11-26,Clothing,Premium,SPLR-008,522296.71,25,20891.87,602855.58,55.33,3.162,126.6692667,9.003
42,Dept-09,2010-03-12,Electronics,Regular,SPLR-010,500250.8,22,22738.67,590764.32,51.17,3.041,126.7313333,9.003
42,Dept-01,2010-10-12,Home Essentials,Premium,SPLR-004,585175.24,20,29258.76,692557.22,60.51,3.091,126.7934,9.003
42,Dept-08,2010-12-17,Grocery,Regular,SPLR-002,537455.65,33,16286.53,628091.91,59.15,3.125,126.8794839,9.003
42,Dept-09,2010-12-24,Grocery,New,SPLR-006,555075.27,40,13876.88,627477.82,57.06,3.236,126.9835806,9.003
42,Dept-07,2010-12-31,Pharmacy,Premium,SPLR-006,428953.6,2,214476.8,495159.32,49.67,3.148,127.0876774,9.003
42,Dept-08,2011-07-01,Electronics,Premium,SPLR-010,592947.75,17,34879.28,679066.12,43.43,3.287,127.1917742,8.744
42,Dept-05,2011-01-14,Clothing,Regular,SPLR-006,613899.15,23,26691.27,726630.46,49.98,3.312,127.3009355,8.744
42,Dept-02,2011-01-21,Clothing,Regular,SPLR-008,533414.62,20,26670.73,609811.92,56.75,3.336,127.4404839,8.744
42,Dept-08,2011-01-28,Clothing,New,SPLR-004,499081.79,7,71297.4,560253.83,53.03,3.231,127.5800323,8.744
42,Dept-03,2011-04-02,Grocery,Regular,SPLR-005,586886.16,21,27946.96,649167.69,44.88,3.348,127.7195806,8.744
42,Dept-03,2011-11-02,Grocery,Premium,SPLR-008,628063.88,26,24156.3,743275.12,51.51,3.381,127.859129,8.744
42,Dept-07,2011-02-18,Clothing,New,SPLR-004,556485.1,44,12647.39,629953.38,61.77,3.43,127.99525,8.744
42,Dept-08,2011-02-25,Grocery,Premium,SPLR-001,526904.08,25,21076.16,622458.05,53.59,3.398,128.13,8.744
42,Dept-02,2011-04-03,Grocery,New,SPLR-002,570879.04,48,11893.31,663055.78,56.96,3.674,128.26475,8.744
42,Dept-04,2011-11-03,Clothing,New,SPLR-007,607294.56,8,75911.82,691597.24,64.22,3.63,128.3995,8.744
42,Dept-03,2011-03-18,Pharmacy,Regular,SPLR-006,558239.32,14,39874.24,634620.61,70.12,3.892,128.5121935,8.744
42,Dept-08,2011-03-25,Clothing,Premium,SPLR-006,522673.62,13,40205.66,591321.52,62.53,3.716,128.6160645,8.744
42,Dept-07,2011-01-04,Home Essentials,Regular,SPLR-007,508432.17,12,42369.35,576901.45,67.64,3.772,128.7199355,8.494
42,Dept-07,2011-08-04,Grocery,New,SPLR-008,620087.35,25,24803.49,740232.66,73.03,3.818,128.8238065,8.494
42,Dept-08,2011-04-15,Pharmacy,Regular,SPLR-002,597644.02,6,99607.34,707579.37,61.05,4.089,128.9107333,8.494
42,Dept-08,2011-04-22,Grocery,New,SPLR-004,534597.69,5,106919.54,608926.76,75.93,3.917,128.9553,8.494
42,Dept-05,2011-04-29,Electronics,Premium,SPLR-008,496010.17,45,11022.45,585565.22,73.38,4.151,128.9998667,8.494
42,Dept-08,2011-06-05,Home Essentials,New,SPLR-007,612337.35,19,32228.28,677126.18,73.56,4.193,129.0444333,8.494
42,Dept-09,2011-05-13,Electronics,New,SPLR-008,603024.75,31,19452.41,686373.99,74.04,4.202,129.089,8.494
42,Dept-09,2011-05-20,Home Essentials,New,SPLR-006,524559.95,16,32785.0,587665.0,72.62,3.99,129.0756774,8.494
42,Dept-10,2011-05-27,Pharmacy,Regular,SPLR-005,503295.29,33,15251.37,576917.08,78.62,3.933,129.0623548,8.494
42,Dept-06,2011-03-06,Clothing,Regular,SPLR-008,545109.3,49,11124.68,639643.86,81.87,3.893,129.0490323,8.494
42,Dept-01,2011-10-06,Electronics,Premium,SPLR-007,616701.99,47,13121.32,714752.87,84.57,3.981,129.0357097,8.494
42,Dept-09,2011-06-17,Pharmacy,Regular,SPLR-010,546675.65,42,13016.09,641185.09,87.96,3.935,129.0432,8.494
42,Dept-02,2011-06-24,Clothing,Regular,SPLR-010,501780.66,21,23894.32,590420.17,90.69,3.807,129.0663,8.494
42,Dept-10,2011-01-07,Home Essentials,Premium,SPLR-008,506343.83,43,11775.44,588849.54,95.36,3.842,129.0894,8.257
42,Dept-01,2011-08-07,Pharmacy,Regular,SPLR-006,593234.27,49,12106.82,663490.73,88.57,3.793,129.1125,8.257
42,Dept-02,2011-07-15,Grocery,New,SPLR-006,591703.82,19,31142.31,691372.25,86.01,3.779,129.1338387,8.257
42,Dept-10,2011-07-22,Home Essentials,New,SPLR-006,511316.29,30,17043.88,595996.42,88.59,3.697,129.1507742,8.257
42,Dept-06,2011-07-29,Clothing,Regular,SPLR-005,479256.8,39,12288.64,547402.79,86.75,3.694,129.1677097,8.257
42,Dept-02,2011-05-08,Clothing,Regular,SPLR-005,572603.33,45,12724.52,636581.65,89.8,3.803,129.1846452,8.257
42,Dept-03,2011-12-08,Clothing,Premium,SPLR-007,603147.26,7,86163.89,704030.91,85.61,3.794,129.2015806,8.257
42,Dept-04,2011-08-19,Clothing,New,SPLR-009,526641.23,41,12844.91,601201.31,87.4,3.743,129.2405806,8.257
42,Dept-08,2011-08-26,Electronics,Premium,SPLR-002,503720.98,29,17369.69,587959.83,91.59,3.663,129.2832581,8.257
42,Dept-05,2011-02-09,Home Essentials,Regular,SPLR-004,537124.76,41,13100.6,638636.69,91.61,3.798,129.3259355,8.257
42,Dept-09,2011-09-09,Grocery,Regular,SPLR-003,608390.94,30,20279.7,708480.49,89.06,3.771,129.3686129,8.257
42,Dept-06,2011-09-16,Electronics,Premium,SPLR-010,576837.09,6,96139.52,656623.86,77.49,3.784,129.4306,8.257
42,Dept-06,2011-09-23,Pharmacy,Premium,SPLR-001,528486.45,12,44040.54,596096.64,82.51,3.789,129.5183333,8.257
42,Dept-03,2011-09-30,Clothing,Regular,SPLR-007,510243.79,20,25512.19,576097.16,82.27,3.877,129.6060667,8.257
42,Dept-02,2011-07-10,Electronics,Regular,SPLR-002,649111.23,23,28222.23,760767.1,75.01,3.827,129.6938,7.874
42,Dept-05,2011-10-14,Pharmacy,New,SPLR-001,613531.11,21,29215.77,710902.08,70.27,3.698,129.7706452,7.874
42,Dept-01,2011-10-21,Home Essentials,Regular,SPLR-006,537276.41,12,44773.03,642534.66,77.91,3.842,129.7821613,7.874
42,Dept-02,2011-10-28,Pharmacy,Premium,SPLR-001,515599.7,36,14322.21,595433.14,72.79,3.843,129.7936774,7.874
42,Dept-09,2011-04-11,Grocery,Premium,SPLR-007,597667.21,9,66407.47,687604.52,68.57,3.828,129.8051935,7.874
42,Dept-10,2011-11-11,Home Essentials,New,SPLR-002,643125.29,47,13683.52,732566.43,55.28,3.677,129.8167097,7.874
42,Dept-08,2011-11-18,Pharmacy,Regular,SPLR-005,567673.87,20,28383.69,660942.96,58.97,3.669,129.8268333,7.874
42,Dept-07,2011-11-25,Pharmacy,Regular,SPLR-003,577698.37,49,11789.76,668325.73,60.68,3.76,129.8364,7.874
42,Dept-03,2011-02-12,Grocery,Regular,SPLR-007,511883.36,24,21328.47,575485.9,57.29,3.701,129.8459667,7.874
42,Dept-02,2011-09-12,Grocery,Regular,SPLR-005,619133.48,39,15875.22,695790.45,42.58,3.644,129.8555333,7.874
42,Dept-06,2011-12-16,Electronics,Regular,SPLR-008,598437.98,29,20635.79,696766.88,50.53,3.489,129.8980645,7.874
42,Dept-10,2011-12-23,Grocery,Regular,SPLR-003,575676.13,5,115135.23,638390.76,48.36,3.541,129.9845484,7.874
42,Dept-02,2011-12-30,Home Essentials,Regular,SPLR-010,454412.28,47,9668.35,515902.47,48.92,3.428,130.0710323,7.874
42,Dept-04,2012-06-01,Electronics,New,SPLR-002,636372.37,33,19284.01,745829.16,59.85,3.443,130.1575161,7.545
42,Dept-01,2012-01-13,Pharmacy,Regular,SPLR-009,664348.2,3,221449.4,795042.39,51.0,3.477,130.244,7.545
42,Dept-10,2012-01-20,Grocery,New,SPLR-002,579499.93,2,289749.97,685020.21,54.51,3.66,130.2792258,7.545
42,Dept-08,2012-01-27,Clothing,New,SPLR-007,538978.67,20,26948.93,600475.86,53.59,3.675,130.3144516,7.545
42,Dept-04,2012-03-02,Electronics,New,SPLR-010,588448.21,18,32691.57,664409.61,56.85,3.543,130.3496774,7.545
42,Dept-10,2012-10-02,Pharmacy,Regular,SPLR-004,674919.45,22,30678.16,783510.66,55.73,3.722,130.3849032,7.545
42,Dept-07,2012-02-17,Home Essentials,Premium,SPLR-005,606671.5,47,12907.9,682863.01,54.12,3.781,130.4546207,7.545
42,Dept-01,2012-02-24,Clothing,Regular,SPLR-003,564304.15,45,12540.09,673297.14,56.02,3.95,130.5502069,7.545
42,Dept-03,2012-02-03,Clothing,Regular,SPLR-006,585895.34,26,22534.44,670381.36,57.62,3.882,130.6457931,7.545
42,Dept-03,2012-09-03,Electronics,Premium,SPLR-002,659816.15,1,659816.15,738048.31,57.65,3.963,130.7413793,7.545
42,Dept-06,2012-03-16,Home Essentials,New,SPLR-004,618767.26,32,19336.48,727254.94,62.11,4.273,130.8261935,7.545
42,Dept-02,2012-03-23,Home Essentials,Regular,SPLR-002,561226.38,43,13051.78,636556.04,56.54,4.288,130.8966452,7.545
42,Dept-03,2012-03-30,Grocery,New,SPLR-006,544408.14,16,34025.51,611675.65,67.92,4.294,130.9670968,7.545
42,Dept-06,2012-06-04,Electronics,Regular,SPLR-008,652312.11,42,15531.24,735521.07,65.99,4.282,131.0375484,7.382
42,Dept-07,2012-04-13,Electronics,Regular,SPLR-010,639123.45,31,20616.89,741079.05,70.28,4.254,131.108,7.382
42,Dept-02,2012-04-20,Electronics,Regular,SPLR-001,552529.23,42,13155.46,608587.93,67.75,4.111,131.1173333,7.382
42,Dept-03,2012-04-27,Home Essentials,Regular,SPLR-009,526625.49,32,16457.05,598772.36,80.11,4.088,131.1266667,7.382
42,Dept-01,2012-04-05,Grocery,Premium,SPLR-007,609274.89,15,40618.33,671854.09,77.02,4.058,131.136,7.382
42,Dept-01,2012-11-05,Electronics,Regular,SPLR-003,643603.69,22,29254.71,772061.34,76.03,4.186,131.1453333,7.382
42,Dept-06,2012-05-18,Electronics,Regular,SPLR-008,590636.38,1,590636.38,708448.63,85.19,4.308,131.0983226,7.382
42,Dept-04,2012-05-25,Clothing,Premium,SPLR-008,535764.58,31,17282.73,620646.02,86.03,4.127,131.0287742,7.382
42,Dept-06,2012-01-06,Pharmacy,Premium,SPLR-008,521953.78,48,10874.04,611726.94,80.06,4.277,130.9592258,7.382
42,Dept-01,2012-08-06,Electronics,Regular,SPLR-001,642671.48,39,16478.76,734633.1,86.87,4.103,130.8896774,7.382
42,Dept-02,2012-06-15,Pharmacy,New,SPLR-004,606309.13,11,55119.01,690160.05,88.58,4.144,130.8295333,7.382
42,Dept-07,2012-06-22,Electronics,Regular,SPLR-002,540031.29,18,30001.74,617126.45,89.92,4.014,130.7929,7.382
42,Dept-02,2012-06-29,Grocery,Regular,SPLR-001,507403.77,44,11531.9,566991.74,91.36,3.875,130.7562667,7.382
42,Dept-10,2012-06-07,Pharmacy,New,SPLR-003,618702.09,26,23796.23,702117.11,86.87,3.666,130.7196333,7.17
42,Dept-09,2012-07-13,Electronics,Regular,SPLR-007,628099.08,31,20261.26,728725.72,89.8,3.723,130.683,7.17
42,Dept-01,2012-07-20,Pharmacy,Regular,SPLR-004,530318.39,27,19641.42,629741.14,84.45,3.589,130.7012903,7.17
42,Dept-01,2012-07-27,Clothing,Regular,SPLR-006,516352.21,38,13588.22,604294.06,83.98,3.769,130.7195806,7.17
42,Dept-07,2012-03-08,Pharmacy,Regular,SPLR-010,573084.71,18,31838.04,681781.38,84.76,3.595,130.737871,7.17
42,Dept-05,2012-10-08,Home Essentials,Regular,SPLR-009,576620.31,26,22177.7,659891.78,90.78,3.811,130.7561613,7.17
42,Dept-03,2012-08-17,Grocery,Regular,SPLR-007,575997.78,12,47999.82,638562.11,88.83,4.002,130.7909677,7.17
42,Dept-09,2012-08-24,Pharmacy,Regular,SPLR-007,535537.03,36,14876.03,607750.91,82.5,4.055,130.8381613,7.17
42,Dept-08,2012-08-31,Electronics,New,SPLR-009,504760.57,22,22943.66,590816.28,86.97,3.886,130.8853548,7.17
42,Dept-08,2012-07-09,Grocery,Regular,SPLR-004,617405.35,26,23746.36,735158.31,83.07,4.124,130.9325484,7.17
42,Dept-03,2012-09-14,Electronics,Premium,SPLR-001,586737.66,16,36671.1,677233.55,78.47,3.966,130.9776667,7.17
42,Dept-09,2012-09-21,Pharmacy,New,SPLR-007,527165.7,29,18178.13,583825.42,81.93,4.125,131.0103333,7.17
42,Dept-01,2012-09-28,Electronics,Regular,SPLR-001,505978.46,1,505978.46,570891.8,82.52,3.966,131.043,7.17
42,Dept-07,2012-05-10,Home Essentials,Premium,SPLR-002,593162.53,14,42368.75,661730.27,80.88,4.132,131.0756667,6.943
42,Dept-08,2012-12-10,Pharmacy,Regular,SPLR-002,612379.9,11,55670.9,703846.92,76.03,4.468,131.1083333,6.943
42,Dept-08,2012-10-19,Pharmacy,Regular,SPLR-006,541406.98,45,12031.27,648554.06,72.71,4.449,131.1499677,6.943
42,Dept-09,2012-10-26,Clothing,New,SPLR-009,514756.08,47,10952.26,582007.8,70.5,4.301,131.1930968,6.943
43,Dept-03,2010-05-02,Pharmacy,Regular,SPLR-008,647029.28,24,26959.55,765732.98,47.31,2.572,203.0642742,9.521
43,Dept-05,2010-12-02,Home Essentials,New,SPLR-006,682918.99,31,22029.64,781824.12,47.99,2.548,203.2010968,9.521
43,Dept-07,2010-02-19,Pharmacy,Regular,SPLR-007,658997.55,21,31380.84,772688.36,48.77,2.514,203.2479796,9.521
43,Dept-07,2010-02-26,Electronics,Regular,SPLR-007,618702.79,36,17186.19,693866.04,48.77,2.561,203.2798724,9.521
43,Dept-04,2010-05-03,Clothing,Regular,SPLR-009,658600.05,28,23521.43,735018.52,52.89,2.625,203.3117653,9.521
43,Dept-07,2010-12-03,Electronics,Regular,SPLR-005,645386.94,43,15009.0,736713.71,53.67,2.667,203.3436582,9.521
43,Dept-08,2010-03-19,Pharmacy,Regular,SPLR-007,668098.49,34,19649.96,799367.97,56.0,2.72,203.195159,9.521
43,Dept-08,2010-03-26,Pharmacy,Regular,SPLR-006,623097.93,42,14835.66,737701.02,54.53,2.732,203.0165945,9.521
43,Dept-09,2010-02-04,Grocery,Regular,SPLR-007,650102.8,34,19120.67,742762.33,62.19,2.719,202.83803,9.593
43,Dept-08,2010-09-04,Home Essentials,Regular,SPLR-002,693058.34,29,23898.56,823517.74,64.37,2.77,202.6594654,9.593
43,Dept-09,2010-04-16,Clothing,Regular,SPLR-001,675282.2,24,28136.76,765086.12,69.46,2.808,202.5351571,9.593
43,Dept-08,2010-04-23,Electronics,Regular,SPLR-007,638957.35,11,58087.03,765983.93,62.71,2.795,202.4831905,9.593
43,Dept-06,2010-04-30,Grocery,Regular,SPLR-001,630740.11,14,45052.86,697991.96,66.91,2.78,202.4312238,9.593
43,Dept-07,2010-07-05,Home Essentials,Premium,SPLR-006,691498.6,10,69149.86,784049.01,67.16,2.835,202.3792571,9.593
43,Dept-05,2010-05-14,Electronics,Regular,SPLR-002,690851.59,36,19190.32,764456.25,72.14,2.854,202.3705092,9.593
43,Dept-07,2010-05-21,Pharmacy,Regular,SPLR-006,672062.08,46,14610.05,758241.47,74.74,2.826,202.6210737,9.593
43,Dept-08,2010-05-28,Pharmacy,Premium,SPLR-005,630315.76,15,42021.05,736358.09,78.59,2.759,202.8716382,9.593
43,Dept-05,2010-04-06,Clothing,Regular,SPLR-007,682012.53,39,17487.5,766886.47,82.76,2.705,203.1222028,9.593
43,Dept-07,2010-11-06,Electronics,Regular,SPLR-010,684023.95,38,18000.63,788673.36,88.12,2.668,203.3727673,9.593
43,Dept-09,2010-06-18,Clothing,Regular,SPLR-007,700009.77,6,116668.3,786499.53,84.9,2.637,203.370619,9.593
43,Dept-07,2010-06-25,Clothing,Regular,SPLR-004,625196.14,35,17862.75,739743.25,88.48,2.653,203.2673857,9.593
43,Dept-08,2010-02-07,Clothing,Regular,SPLR-002,667353.79,2,333676.9,787793.33,80.17,2.669,203.1641524,9.816
43,Dept-05,2010-09-07,Home Essentials,New,SPLR-009,718748.33,9,79860.93,852929.49,81.52,2.642,203.060919,9.816
43,Dept-05,2010-07-16,Clothing,Regular,SPLR-006,696844.36,8,87105.54,790976.26,84.17,2.623,203.0538548,9.816
43,Dept-01,2010-07-23,Grocery,Regular,SPLR-008,649035.55,30,21634.52,728024.58,86.6,2.608,203.1750161,9.816
43,Dept-01,2010-07-30,Pharmacy,New,SPLR-005,622112.23,14,44436.59,709223.53,79.79,2.64,203.2961774,9.816
43,Dept-07,2010-06-08,Home Essentials,New,SPLR-003,698536.06,31,22533.42,821127.75,84.66,2.627,203.4173387,9.816
43,Dept-03,2010-08-13,Grocery,Premium,SPLR-005,713479.91,46,15510.43,833823.3,86.31,2.692,203.5385,9.816
43,Dept-01,2010-08-20,Electronics,Regular,SPLR-008,712869.09,36,19801.92,834345.0,85.26,2.664,203.5092419,9.816
43,Dept-09,2010-08-27,Grocery,Premium,SPLR-005,655284.69,20,32764.23,734968.93,80.32,2.619,203.4799839,9.816
43,Dept-02,2010-03-09,Clothing,Regular,SPLR-002,689326.91,21,32825.09,772931.74,80.43,2.577,203.4507258,9.816
43,Dept-01,2010-10-09,Electronics,Regular,SPLR-005,722120.04,31,23294.19,819639.15,81.32,2.565,203.4214677,9.816
43,Dept-01,2010-09-17,Clothing,Regular,SPLR-010,725043.04,6,120840.51,812760.66,78.86,2.582,203.4499286,9.816
43,Dept-10,2010-09-24,Electronics,Regular,SPLR-008,650263.95,19,34224.42,731193.49,77.42,2.624,203.5216786,9.816
43,Dept-03,2010-01-10,Home Essentials,Regular,SPLR-003,657108.77,40,16427.72,740626.78,77.93,2.603,203.5934286,10.21
43,Dept-05,2010-08-10,Grocery,Regular,SPLR-004,713332.54,8,89166.57,827312.57,72.81,2.633,203.6651786,10.21
43,Dept-06,2010-10-15,Electronics,Premium,SPLR-004,699852.68,33,21207.66,823096.41,68.78,2.72,203.7299032,10.21
43,Dept-04,2010-10-22,Clothing,Regular,SPLR-004,680943.03,29,23480.79,802414.43,69.46,2.725,203.7770645,10.21
43,Dept-02,2010-10-29,Clothing,New,SPLR-008,610076.32,39,15642.98,688591.28,65.88,2.716,203.8242258,10.21
43,Dept-10,2010-05-11,Clothing,Regular,SPLR-007,605960.2,18,33664.46,678940.11,62.52,2.689,203.8713871,10.21
43,Dept-08,2010-12-11,Pharmacy,Regular,SPLR-003,595421.23,16,37213.83,674766.49,59.98,2.728,203.9185484,10.21
43,Dept-07,2010-11-19,Home Essentials,New,SPLR-003,589467.35,11,53587.94,706267.8,54.96,2.771,203.8191286,10.21
43,Dept-04,2010-11-26,Clothing,New,SPLR-005,633520.34,47,13479.16,701416.93,54.76,2.735,203.6952786,10.21
43,Dept-08,2010-03-12,Home Essentials,Regular,SPLR-005,557543.62,36,15487.32,614795.1,44.56,2.708,203.5714286,10.21
43,Dept-05,2010-10-12,Pharmacy,Regular,SPLR-008,598679.02,34,17608.21,689868.38,52.52,2.843,203.4475786,10.21
43,Dept-04,2010-12-17,Grocery,Regular,SPLR-004,615761.77,42,14660.99,736242.85,56.51,2.869,203.3996521,10.21
43,Dept-08,2010-12-24,Grocery,Premium,SPLR-010,656637.63,18,36479.87,733912.62,57.15,2.886,203.4086682,10.21
43,Dept-07,2010-12-31,Clothing,New,SPLR-009,534740.3,18,29707.79,609802.35,48.61,2.943,203.4176843,10.21
43,Dept-06,2011-07-01,Electronics,Regular,SPLR-003,611796.61,45,13595.48,719109.74,40.47,2.976,203.4267005,10.398
43,Dept-05,2011-01-14,Grocery,Regular,SPLR-003,614940.07,7,87848.58,710255.94,43.45,2.983,203.4840645,10.398
43,Dept-03,2011-01-21,Clothing,Regular,SPLR-004,601004.79,43,13976.86,718721.29,53.05,3.016,203.8315161,10.398
43,Dept-09,2011-01-28,Clothing,New,SPLR-006,562558.27,43,13082.75,629081.27,44.98,3.01,204.1789677,10.398
43,Dept-04,2011-04-02,Pharmacy,Regular,SPLR-002,651521.77,11,59229.25,737267.97,33.21,2.989,204.5264194,10.398
43,Dept-08,2011-11-02,Pharmacy,New,SPLR-002,635650.98,33,19262.15,747776.68,40.65,3.022,204.873871,10.398
43,Dept-06,2011-02-18,Clothing,Regular,SPLR-001,626627.77,20,31331.39,705625.98,59.15,3.045,205.1683214,10.398
43,Dept-04,2011-02-25,Home Essentials,Regular,SPLR-003,592340.01,46,12876.96,686623.58,58.37,3.065,205.4415714,10.398
43,Dept-03,2011-04-03,Grocery,Regular,SPLR-006,616345.25,44,14007.85,703789.3,60.26,3.288,205.7148214,10.398
43,Dept-05,2011-11-03,Grocery,New,SPLR-009,629026.75,20,31451.34,714855.76,60.24,3.459,205.9880714,10.398
43,Dept-05,2011-03-18,Electronics,New,SPLR-009,635171.05,1,635171.05,729400.32,68.98,3.488,206.225924,10.398
43,Dept-07,2011-03-25,Pharmacy,Regular,SPLR-008,585989.1,40,14649.73,696986.87,65.53,3.473,206.4496175,10.398
43,Dept-05,2011-01-04,Clothing,Regular,SPLR-003,611585.54,16,38224.1,696893.43,67.79,3.524,206.6733111,10.581
43,Dept-06,2011-08-04,Home Essentials,Regular,SPLR-005,650418.75,44,14782.24,734678.34,70.35,3.622,206.8970046,10.581
43,Dept-05,2011-04-15,Electronics,Regular,SPLR-008,635758.03,25,25430.32,743131.2,65.01,3.743,207.1015429,10.581
43,Dept-01,2011-04-22,Grocery,Regular,SPLR-002,638280.67,38,16796.86,710930.68,74.49,3.807,207.2581929,10.581
43,Dept-02,2011-04-29,Grocery,Regular,SPLR-009,611464.21,10,61146.42,713120.68,71.34,3.81,207.4148429,10.581
43,Dept-01,2011-06-05,Pharmacy,Regular,SPLR-007,649148.74,30,21638.29,746116.75,66.77,3.906,207.5714929,10.581
43,Dept-01,2011-05-13,Clothing,New,SPLR-009,684655.91,31,22085.67,753858.47,76.03,3.899,207.7281429,10.581
43,Dept-08,2011-05-20,Clothing,Regular,SPLR-010,648330.18,28,23154.65,766297.71,74.21,3.907,207.5200622,10.581
43,Dept-04,2011-05-27,Home Essentials,Regular,SPLR-010,578209.63,15,38547.31,659683.2,80.89,3.786,207.3119816,10.581
43,Dept-10,2011-03-06,Grocery,Regular,SPLR-006,630972.15,5,126194.43,705493.61,83.49,3.699,207.1039009,10.581
43,Dept-05,2011-10-06,Electronics,Regular,SPLR-009,643041.71,29,22173.85,745650.4,85.81,3.648,206.8958203,10.581
43,Dept-06,2011-06-17,Grocery,New,SPLR-002,665781.74,37,17994.1,753763.26,88.49,3.637,206.8560238,10.581
43,Dept-07,2011-06-24,Electronics,New,SPLR-009,604925.08,24,25205.21,696049.78,88.3,3.594,206.9424405,10.581
43,Dept-07,2011-01-07,Grocery,Premium,SPLR-009,586781.78,30,19559.39,665958.78,91.36,3.524,207.0288571,10.641
43,Dept-04,2011-08-07,Clothing,New,SPLR-009,651147.83,12,54262.32,725110.18,87.02,3.48,207.1152738,10.641
43,Dept-03,2011-07-15,Clothing,New,SPLR-010,631827.38,45,14040.61,709645.71,84.67,3.575,207.1940691,10.641
43,Dept-09,2011-07-22,Home Essentials,New,SPLR-006,597354.39,11,54304.94,684317.56,88.58,3.651,207.2538111,10.641
43,Dept-05,2011-07-29,Electronics,Premium,SPLR-004,533917.52,24,22246.56,627030.26,83.43,3.682,207.313553,10.641
43,Dept-05,2011-05-08,Pharmacy,Regular,SPLR-009,605956.59,21,28855.08,674852.58,87.47,3.684,207.3732949,10.641
43,Dept-09,2011-12-08,Electronics,Regular,SPLR-002,595626.56,46,12948.4,658241.2,86.64,3.638,207.4330369,10.641
43,Dept-09,2011-08-19,Grocery,Regular,SPLR-010,663396.32,45,14742.14,753809.46,82.08,3.554,207.4953088,10.641
43,Dept-09,2011-08-26,Grocery,Regular,SPLR-003,561573.08,7,80224.73,651519.19,87.43,3.523,207.5580023,10.641
43,Dept-04,2011-02-09,Pharmacy,Regular,SPLR-001,594224.9,13,45709.61,687496.86,87.84,3.533,207.6206959,10.641
43,Dept-10,2011-09-09,Electronics,New,SPLR-007,649128.23,13,49932.94,754369.44,79.29,3.546,207.6833894,10.641
43,Dept-02,2011-09-16,Grocery,Regular,SPLR-010,618877.13,3,206292.38,718517.91,77.17,3.526,207.8527143,10.641
43,Dept-07,2011-09-23,Pharmacy,Premium,SPLR-007,586108.13,17,34476.95,645780.98,78.98,3.467,208.1642143,10.641
43,Dept-09,2011-09-30,Clothing,Regular,SPLR-006,555183.72,17,32657.87,649517.49,78.97,3.355,208.4757143,10.641
43,Dept-05,2011-07-10,Clothing,Premium,SPLR-005,642828.62,44,14609.74,744779.49,74.17,3.285,208.7872143,10.148
43,Dept-05,2011-10-14,Pharmacy,New,SPLR-009,590984.56,1,590984.56,697224.56,68.09,3.274,209.0752166,10.148
43,Dept-03,2011-10-21,Electronics,Premium,SPLR-010,594625.96,49,12135.22,700541.98,70.3,3.353,209.2222327,10.148
43,Dept-08,2011-10-28,Electronics,Regular,SPLR-003,572516.57,15,38167.77,657768.62,66.82,3.372,209.3692488,10.148
43,Dept-01,2011-04-11,Electronics,New,SPLR-003,641905.37,16,40119.09,737679.38,59.08,3.332,209.516265,10.148
43,Dept-06,2011-11-11,Pharmacy,New,SPLR-010,615975.5,24,25665.65,696926.28,51.26,3.297,209.6632811,10.148
43,Dept-07,2011-11-18,Pharmacy,New,SPLR-008,628115.61,41,15319.89,750416.89,57.75,3.308,209.8651071,10.148
43,Dept-07,2011-11-25,Pharmacy,New,SPLR-010,669965.22,20,33498.26,755991.32,55.7,3.236,210.0888571,10.148
43,Dept-10,2011-02-12,Clothing,Premium,SPLR-003,585028.26,31,18871.88,690117.56,47.49,3.172,210.3126071,10.148
43,Dept-09,2011-09-12,Home Essentials,Regular,SPLR-005,617898.07,39,15843.54,681255.75,34.23,3.158,210.5363571,10.148
43,Dept-08,2011-12-16,Electronics,Premium,SPLR-001,665007.08,35,19000.2,790052.01,43.78,3.159,210.7365392,10.148
43,Dept-07,2011-12-23,Clothing,New,SPLR-002,676290.46,35,19322.58,780500.56,42.63,3.112,210.9052972,10.148
43,Dept-09,2011-12-30,Grocery,Premium,SPLR-008,505405.85,27,18718.74,556908.72,41.83,3.129,211.0740553,10.148
43,Dept-07,2012-06-01,Electronics,Premium,SPLR-001,670993.01,28,23964.04,751296.65,47.59,3.157,211.2428134,9.653
43,Dept-07,2012-01-13,Pharmacy,Premium,SPLR-003,663529.64,28,23697.49,768543.85,43.68,3.261,211.4115714,9.653
43,Dept-03,2012-01-20,Home Essentials,New,SPLR-003,619225.65,28,22115.2,684231.77,52.72,3.268,211.4997811,9.653
43,Dept-03,2012-01-27,Pharmacy,Regular,SPLR-003,587685.38,3,195895.13,666912.93,52.1,3.29,211.5879908,9.653
43,Dept-04,2012-03-02,Clothing,Regular,SPLR-008,629176.71,29,21695.75,733451.86,51.92,3.36,211.6762005,9.653
43,Dept-02,2012-10-02,Electronics,Premium,SPLR-010,662198.65,23,28791.25,748464.39,46.54,3.409,211.7644101,9.653
43,Dept-09,2012-02-17,Pharmacy,Regular,SPLR-004,660632.05,7,94376.01,763469.39,49.38,3.51,211.916835,9.653
43,Dept-01,2012-02-24,Grocery,New,SPLR-005,613042.97,24,25543.46,732755.98,53.53,3.555,212.1174212,9.653
43,Dept-02,2012-02-03,Electronics,Regular,SPLR-005,693249.98,1,693249.98,779872.01,56.43,3.63,212.3180074,9.653
43,Dept-01,2012-09-03,Home Essentials,Premium,SPLR-004,636677.67,41,15528.72,730463.52,54.52,3.669,212.5185936,9.653
43,Dept-06,2012-03-16,Home Essentials,Regular,SPLR-010,661707.02,17,38923.94,743445.77,57.88,3.734,212.6651567,9.653
43,Dept-01,2012-03-23,Pharmacy,Regular,SPLR-002,610940.94,2,305470.47,719204.11,56.28,3.787,212.7396889,9.653
43,Dept-02,2012-03-30,Electronics,New,SPLR-009,623258.4,42,14839.49,711773.2,69.88,3.845,212.8142212,9.653
43,Dept-02,2012-06-04,Home Essentials,New,SPLR-003,658468.27,40,16461.71,756139.74,64.7,3.891,212.8887535,9.575
43,Dept-04,2012-04-13,Home Essentials,Premium,SPLR-010,665687.92,10,66568.79,764233.04,70.18,3.891,212.9632857,9.575
43,Dept-08,2012-04-20,Clothing,Regular,SPLR-002,638144.98,27,23635.0,755487.87,67.28,3.877,213.0130524,9.575
43,Dept-08,2012-04-27,Clothing,New,SPLR-005,593138.59,34,17445.25,665469.43,78.27,3.814,213.062819,9.575
43,Dept-04,2012-04-05,Clothing,New,SPLR-005,637964.2,9,70884.91,753057.15,77.47,3.749,213.1125857,9.575
43,Dept-06,2012-11-05,Home Essentials,Regular,SPLR-006,640159.04,2,320079.52,765776.19,67.59,3.688,213.1623524,9.575
43,Dept-07,2012-05-18,Pharmacy,New,SPLR-008,648541.81,39,16629.28,718751.62,72.06,3.63,213.1753618,9.575
43,Dept-04,2012-05-25,Electronics,New,SPLR-001,597406.39,16,37337.9,705565.27,82.41,3.561,213.1736682,9.575
43,Dept-06,2012-01-06,Electronics,New,SPLR-002,605078.62,27,22410.32,692049.75,80.89,3.501,213.1719747,9.575
43,Dept-04,2012-08-06,Grocery,New,SPLR-004,643032.51,48,13396.51,758465.66,85.73,3.452,213.1702811,9.575
43,Dept-04,2012-06-15,Home Essentials,Regular,SPLR-006,634815.1,40,15870.38,734928.37,87.75,3.393,213.1786952,9.575
43,Dept-01,2012-06-22,Clothing,Regular,SPLR-005,613270.79,43,14262.11,694175.51,87.51,3.346,213.2123786,9.575
43,Dept-03,2012-06-29,Pharmacy,Regular,SPLR-010,593128.13,23,25788.18,680064.5,89.85,3.286,213.2460619,9.575
43,Dept-10,2012-06-07,Pharmacy,New,SPLR-006,645618.59,44,14673.15,723568.29,82.68,3.227,213.2797452,9.285
43,Dept-07,2012-07-13,Electronics,Premium,SPLR-008,627634.04,49,12808.86,750077.74,78.82,3.256,213.3134286,9.285
43,Dept-07,2012-07-20,Clothing,Regular,SPLR-009,596554.05,8,74569.26,708838.66,83.83,3.311,213.3219124,9.285
43,Dept-10,2012-07-27,Clothing,New,SPLR-005,572447.52,35,16355.64,637168.07,82.01,3.407,213.3303963,9.285
43,Dept-07,2012-03-08,Pharmacy,Regular,SPLR-003,614378.94,32,19199.34,709992.17,85.06,3.417,213.3388802,9.285
43,Dept-08,2012-10-08,Home Essentials,Regular,SPLR-002,643558.78,35,18387.39,736531.76,86.36,3.494,213.3473641,9.285
43,Dept-08,2012-08-17,Grocery,Regular,SPLR-006,640210.85,39,16415.66,758265.41,85.66,3.571,213.4226959,9.285
43,Dept-03,2012-08-24,Clothing,Regular,SPLR-005,598234.64,39,15339.35,658877.6,81.65,3.62,213.5481636,9.285
43,Dept-10,2012-08-31,Clothing,New,SPLR-009,593141.29,8,74142.66,678661.03,81.12,3.638,213.6736313,9.285
43,Dept-09,2012-07-09,Electronics,New,SPLR-001,663814.18,4,165953.55,746429.58,84.99,3.73,213.7990991,9.285
43,Dept-03,2012-09-14,Electronics,Regular,SPLR-008,625196.94,21,29771.28,717711.95,73.03,3.717,213.9332167,9.285
43,Dept-09,2012-09-21,Home Essentials,Premium,SPLR-001,601990.02,36,16721.94,693301.86,75.87,3.721,214.1192333,9.285
43,Dept-05,2012-09-28,Pharmacy,New,SPLR-009,577792.32,26,22222.78,640280.13,77.55,3.666,214.30525,9.285
43,Dept-09,2012-05-10,Clothing,Regular,SPLR-008,642614.89,9,71401.65,728960.48,74.09,3.617,214.4912667,8.839
43,Dept-07,2012-12-10,Clothing,Premium,SPLR-009,619369.72,12,51614.14,706345.34,71.14,3.601,214.6772833,8.839
43,Dept-06,2012-10-19,Electronics,New,SPLR-009,623919.23,26,23996.89,732035.06,71.25,3.594,214.7212488,8.839
43,Dept-03,2012-10-26,Pharmacy,Regular,SPLR-008,587603.55,44,13354.63,675646.92,69.17,3.506,214.7415392,8.839
44,Dept-03,2010-05-02,Electronics,Regular,SPLR-002,281090.95,38,7397.13,316929.51,31.53,2.666,126.4420645,8.119
44,Dept-04,2010-12-02,Home Essentials,Regular,SPLR-005,286857.13,45,6374.6,327925.33,33.16,2.671,126.4962581,8.119
44,Dept-04,2010-02-19,Grocery,Regular,SPLR-010,267956.3,1,267956.3,312573.06,35.7,2.654,126.5262857,8.119
44,Dept-02,2010-02-26,Home Essentials,Regular,SPLR-001,273079.07,39,7002.03,303756.69,29.98,2.667,126.5522857,8.119
44,Dept-01,2010-05-03,Home Essentials,New,SPLR-005,284617.27,4,71154.32,315576.67,40.65,2.681,126.5782857,8.119
44,Dept-10,2010-12-03,Clothing,New,SPLR-009,272190.83,20,13609.54,316004.61,37.62,2.733,126.6042857,8.119
44,Dept-05,2010-03-19,Clothing,Premium,SPLR-006,269624.2,24,11234.34,303298.5,42.49,2.782,126.6066452,8.119
44,Dept-06,2010-03-26,Pharmacy,Premium,SPLR-002,276279.49,1,276279.49,310741.96,41.48,2.819,126.6050645,8.119
44,Dept-07,2010-02-04,Pharmacy,Premium,SPLR-004,286197.5,2,143098.75,330063.12,42.15,2.842,126.6034839,7.972
44,Dept-07,2010-09-04,Home Essentials,Premium,SPLR-009,257361.3,36,7148.92,308501.8,38.97,2.877,126.6019032,7.972
44,Dept-01,2010-04-16,Home Essentials,Regular,SPLR-004,280048.74,45,6223.31,318240.78,50.39,2.915,126.5621,7.972
44,Dept-04,2010-04-23,Grocery,Regular,SPLR-004,278287.04,4,69571.76,324085.79,55.66,2.936,126.4713333,7.972
44,Dept-01,2010-04-30,Grocery,Regular,SPLR-007,272997.65,14,19499.83,302806.52,48.33,2.941,126.3805667,7.972
44,Dept-06,2010-07-05,Pharmacy,Regular,SPLR-010,285379.86,46,6203.91,339693.46,44.42,2.948,126.2898,7.972
44,Dept-08,2010-05-14,Home Essentials,Regular,SPLR-003,286515.92,26,11019.84,335960.19,50.15,2.962,126.2085484,7.972
44,Dept-07,2010-05-21,Grocery,Premium,SPLR-008,267065.35,23,11611.54,307440.12,57.71,2.95,126.1843871,7.972
44,Dept-10,2010-05-28,Clothing,Regular,SPLR-009,291891.01,2,145945.5,338318.28,53.11,2.908,126.1602258,7.972
44,Dept-01,2010-04-06,Grocery,New,SPLR-009,282351.82,36,7843.11,317631.43,59.85,2.871,126.1360645,7.972
44,Dept-01,2010-11-06,Home Essentials,Regular,SPLR-007,296818.2,11,26983.47,335225.04,65.24,2.841,126.1119032,7.972
44,Dept-09,2010-06-18,Pharmacy,Regular,SPLR-002,293481.36,44,6670.03,345781.61,58.41,2.819,126.114,7.972
44,Dept-05,2010-06-25,Electronics,Regular,SPLR-006,288247.24,39,7390.95,327757.79,71.83,2.82,126.1266,7.972
44,Dept-10,2010-02-07,Pharmacy,Regular,SPLR-004,300628.19,43,6991.35,339455.24,78.82,2.814,126.1392,7.804
44,Dept-03,2010-09-07,Clothing,Premium,SPLR-007,280472.78,14,20033.77,335887.06,71.33,2.802,126.1518,7.804
44,Dept-05,2010-07-16,Clothing,Regular,SPLR-009,297099.95,31,9583.87,327701.55,77.79,2.791,126.1498065,7.804
44,Dept-04,2010-07-23,Electronics,Regular,SPLR-006,292680.16,40,7317.0,323750.28,82.27,2.797,126.1283548,7.804
44,Dept-01,2010-07-30,Grocery,New,SPLR-002,275020.96,42,6548.12,308883.0,78.94,2.797,126.1069032,7.804
44,Dept-09,2010-06-08,Electronics,New,SPLR-010,296804.49,29,10234.64,330360.71,81.24,2.802,126.0854516,7.804
44,Dept-05,2010-08-13,Electronics,Regular,SPLR-010,291028.09,34,8559.65,330298.77,74.93,2.837,126.064,7.804
44,Dept-01,2010-08-20,Pharmacy,Regular,SPLR-005,284740.5,1,284740.5,333449.73,76.34,2.85,126.0766452,7.804
44,Dept-02,2010-08-27,Home Essentials,Regular,SPLR-006,293155.08,11,26650.46,344899.54,75.31,2.854,126.0892903,7.804
44,Dept-07,2010-03-09,Pharmacy,Regular,SPLR-006,295880.12,47,6295.32,336988.32,65.71,2.868,126.1019355,7.804
44,Dept-05,2010-10-09,Grocery,Premium,SPLR-007,283455.13,39,7268.08,326711.79,65.74,2.87,126.1145806,7.804
44,Dept-07,2010-09-17,Grocery,Regular,SPLR-008,279364.13,14,19954.58,331820.39,66.84,2.875,126.1454667,7.804
44,Dept-02,2010-09-24,Home Essentials,Premium,SPLR-010,281313.78,18,15628.54,322181.31,68.22,2.872,126.1900333,7.804
44,Dept-07,2010-01-10,Clothing,New,SPLR-010,300152.45,2,150076.22,357328.47,68.74,2.853,126.2346,7.61
44,Dept-09,2010-08-10,Pharmacy,New,SPLR-010,279524.44,6,46587.41,318468.79,63.03,2.841,126.2791667,7.61
44,Dept-07,2010-10-15,Pharmacy,Regular,SPLR-004,268708.43,6,44784.74,305171.18,54.12,2.845,126.3266774,7.61
44,Dept-06,2010-10-22,Grocery,New,SPLR-006,270110.3,49,5512.46,307113.93,56.89,2.849,126.3815484,7.61
44,Dept-08,2010-10-29,Electronics,Regular,SPLR-004,286497.49,29,9879.22,323163.72,45.12,2.841,126.4364194,7.61
44,Dept-07,2010-05-11,Electronics,Regular,SPLR-007,270516.84,49,5520.75,299719.15,49.96,2.831,126.4912903,7.61
44,Dept-03,2010-12-11,Grocery,Regular,SPLR-010,281909.79,5,56381.96,327469.32,42.55,2.831,126.5461613,7.61
44,Dept-08,2010-11-19,Electronics,New,SPLR-004,284322.52,28,10154.38,317649.18,42.0,2.842,126.6072,7.61
44,Dept-05,2010-11-26,Grocery,New,SPLR-005,307646.5,33,9322.62,342407.83,28.22,2.83,126.6692667,7.61
44,Dept-04,2010-03-12,Home Essentials,Regular,SPLR-005,264214.12,20,13210.71,310369.8,25.8,2.812,126.7313333,7.61
44,Dept-02,2010-10-12,Grocery,Premium,SPLR-001,278253.28,30,9275.11,333415.23,36.78,2.817,126.7934,7.61
44,Dept-02,2010-12-17,Home Essentials,Regular,SPLR-009,278646.35,23,12115.06,329547.28,35.21,2.842,126.8794839,7.61
44,Dept-01,2010-12-24,Home Essentials,Premium,SPLR-001,365098.24,9,40566.47,416622.31,34.9,2.846,126.9835806,7.61
44,Dept-02,2010-12-31,Home Essentials,Regular,SPLR-003,241937.11,46,5259.5,279554.61,26.79,2.868,127.0876774,7.61
44,Dept-02,2011-07-01,Grocery,Premium,SPLR-003,288320.38,1,288320.38,329904.27,16.94,2.891,127.1917742,7.224
44,Dept-01,2011-01-14,Pharmacy,New,SPLR-009,292859.36,15,19523.96,336668.08,20.6,2.903,127.3009355,7.224
44,Dept-01,2011-01-21,Electronics,Regular,SPLR-009,276157.8,42,6575.19,311485.8,34.8,2.934,127.4404839,7.224
44,Dept-04,2011-01-28,Grocery,Premium,SPLR-009,276011.4,39,7077.22,321662.02,31.64,2.96,127.5800323,7.224
44,Dept-08,2011-04-02,Grocery,Regular,SPLR-010,293953.08,8,36744.14,346888.83,23.35,2.974,127.7195806,7.224
44,Dept-02,2011-11-02,Pharmacy,Regular,SPLR-001,307486.73,33,9317.78,368364.27,30.83,3.034,127.859129,7.224
44,Dept-05,2011-02-18,Grocery,Regular,SPLR-004,280785.76,27,10399.47,323169.43,40.85,3.062,127.99525,7.224
44,Dept-10,2011-02-25,Pharmacy,New,SPLR-001,279427.93,11,25402.54,333008.37,33.17,3.12,128.13,7.224
44,Dept-02,2011-04-03,Pharmacy,Regular,SPLR-009,293984.54,2,146992.27,334948.91,34.23,3.23,128.26475,7.224
44,Dept-02,2011-11-03,Pharmacy,New,SPLR-005,284496.14,33,8621.1,334398.38,41.28,3.346,128.3995,7.224
44,Dept-07,2011-03-18,Home Essentials,Regular,SPLR-010,281699.68,8,35212.46,316989.75,44.69,3.407,128.5121935,7.224
44,Dept-04,2011-03-25,Home Essentials,New,SPLR-005,285031.81,19,15001.67,331309.16,42.38,3.435,128.6160645,7.224
44,Dept-07,2011-01-04,Pharmacy,New,SPLR-004,281514.26,15,18767.62,311961.86,42.49,3.487,128.7199355,6.906
44,Dept-03,2011-08-04,Grocery,Regular,SPLR-010,292498.61,4,73124.65,333666.68,42.75,3.547,128.8238065,6.906
44,Dept-03,2011-04-15,Clothing,New,SPLR-008,289667.55,3,96555.85,338702.69,41.72,3.616,128.9107333,6.906
44,Dept-03,2011-04-22,Pharmacy,Regular,SPLR-007,280357.3,12,23363.11,322942.87,47.55,3.655,128.9553,6.906
44,Dept-07,2011-04-29,Grocery,New,SPLR-005,281247.97,34,8272.0,311403.66,43.85,3.683,128.9998667,6.906
44,Dept-05,2011-06-05,Pharmacy,Regular,SPLR-001,299354.67,42,7127.49,335754.48,47.75,3.744,129.0444333,6.906
44,Dept-10,2011-05-13,Home Essentials,New,SPLR-003,307095.31,26,11811.36,359473.73,52.4,3.77,129.089,6.906
44,Dept-10,2011-05-20,Pharmacy,Regular,SPLR-001,303559.23,9,33728.8,342707.26,52.12,3.802,129.0756774,6.906
44,Dept-01,2011-05-27,Pharmacy,Premium,SPLR-006,308442.49,3,102814.16,363640.07,54.62,3.778,129.0623548,6.906
44,Dept-03,2011-03-06,Pharmacy,Regular,SPLR-001,308950.04,43,7184.88,341380.93,52.76,3.752,129.0490323,6.906
44,Dept-10,2011-10-06,Home Essentials,Premium,SPLR-008,308770.42,39,7917.19,349796.38,61.39,3.732,129.0357097,6.906
44,Dept-09,2011-06-17,Clothing,Regular,SPLR-003,300255.87,5,60051.17,331286.08,63.35,3.704,129.0432,6.906
44,Dept-04,2011-06-24,Pharmacy,Regular,SPLR-007,296765.59,31,9573.08,338741.38,66.38,3.668,129.0663,6.906
44,Dept-10,2011-01-07,Pharmacy,New,SPLR-002,315273.08,38,8296.66,358778.62,74.29,3.613,129.0894,6.56
44,Dept-09,2011-08-07,Home Essentials,Regular,SPLR-006,295339.01,30,9844.63,335023.72,77.3,3.563,129.1125,6.56
44,Dept-07,2011-07-15,Electronics,New,SPLR-007,289201.21,29,9972.46,344264.76,75.59,3.553,129.1338387,6.56
44,Dept-06,2011-07-22,Clothing,New,SPLR-003,303108.81,31,9777.7,362574.84,78.5,3.563,129.1507742,6.56
44,Dept-10,2011-07-29,Home Essentials,Premium,SPLR-002,279677.0,25,11187.08,327358.36,77.62,3.574,129.1677097,6.56
44,Dept-09,2011-05-08,Electronics,New,SPLR-004,298080.45,26,11464.63,328091.87,75.56,3.595,129.1846452,6.56
44,Dept-05,2011-12-08,Electronics,Premium,SPLR-001,290399.66,17,17082.33,331931.06,75.95,3.606,129.2015806,6.56
44,Dept-05,2011-08-19,Clothing,Regular,SPLR-008,290909.69,39,7459.22,337098.56,76.68,3.578,129.2405806,6.56
44,Dept-01,2011-08-26,Pharmacy,Premium,SPLR-009,324174.79,47,6897.34,388469.43,81.53,3.57,129.2832581,6.56
44,Dept-05,2011-02-09,Home Essentials,New,SPLR-002,309543.52,8,38692.94,360135.3,77.0,3.58,129.3259355,6.56
44,Dept-05,2011-09-09,Electronics,New,SPLR-003,295811.25,10,29581.12,353884.13,70.19,3.619,129.3686129,6.56
44,Dept-07,2011-09-16,Grocery,Regular,SPLR-004,303974.28,28,10856.22,352585.86,67.54,3.641,129.4306,6.56
44,Dept-04,2011-09-23,Pharmacy,Premium,SPLR-002,307409.13,25,12296.37,338283.2,63.6,3.648,129.5183333,6.56
44,Dept-09,2011-09-30,Clothing,Premium,SPLR-010,299757.75,47,6377.82,342459.34,68.28,3.623,129.6060667,6.56
44,Dept-06,2011-07-10,Grocery,New,SPLR-008,312577.36,16,19536.08,362077.23,60.62,3.592,129.6938,6.078
44,Dept-03,2011-10-14,Home Essentials,Regular,SPLR-001,293031.78,3,97677.26,333382.34,51.74,3.567,129.7706452,6.078
44,Dept-10,2011-10-21,Clothing,Regular,SPLR-001,305969.81,21,14569.99,344320.23,54.66,3.579,129.7821613,6.078
44,Dept-08,2011-10-28,Grocery,Regular,SPLR-008,306336.07,13,23564.31,338338.82,47.41,3.567,129.7936774,6.078
44,Dept-06,2011-04-11,Grocery,New,SPLR-001,307126.34,7,43875.19,346352.66,43.51,3.538,129.8051935,6.078
44,Dept-10,2011-11-11,Home Essentials,New,SPLR-010,312233.56,26,12008.98,354188.1,33.8,3.513,129.8167097,6.078
44,Dept-05,2011-11-18,Clothing,Regular,SPLR-003,310531.04,41,7573.93,364765.89,40.65,3.489,129.8268333,6.078
44,Dept-09,2011-11-25,Electronics,Regular,SPLR-002,309129.01,5,61825.8,357668.75,38.89,3.445,129.8364,6.078
44,Dept-08,2011-02-12,Pharmacy,Regular,SPLR-004,284309.34,39,7289.98,331393.15,33.94,3.389,129.8459667,6.078
44,Dept-02,2011-09-12,Home Essentials,Regular,SPLR-008,304300.91,15,20286.73,364613.16,24.82,3.341,129.8555333,6.078
44,Dept-01,2011-12-16,Clothing,New,SPLR-009,311144.16,49,6349.88,364617.72,27.85,3.282,129.8980645,6.078
44,Dept-09,2011-12-23,Electronics,Regular,SPLR-007,376233.89,18,20901.88,422111.14,24.76,3.186,129.9845484,6.078
44,Dept-08,2011-12-30,Clothing,Premium,SPLR-008,263917.85,27,9774.74,292081.64,31.53,3.119,130.0710323,6.078
44,Dept-01,2012-06-01,Grocery,New,SPLR-004,325327.93,24,13555.33,388810.2,33.8,3.08,130.1575161,5.774
44,Dept-03,2012-01-13,Grocery,Regular,SPLR-002,312361.88,37,8442.21,366046.14,25.61,3.056,130.244,5.774
44,Dept-07,2012-01-20,Clothing,Regular,SPLR-006,316948.39,2,158474.2,353727.44,32.71,3.047,130.2792258,5.774
44,Dept-09,2012-01-27,Grocery,Premium,SPLR-008,308295.38,33,9342.28,344838.52,34.32,3.058,130.3144516,5.774
44,Dept-10,2012-03-02,Home Essentials,Regular,SPLR-003,325986.05,40,8149.65,369050.31,31.39,3.077,130.3496774,5.774
44,Dept-06,2012-10-02,Pharmacy,Regular,SPLR-010,325377.97,41,7936.05,366653.25,33.73,3.116,130.3849032,5.774
44,Dept-09,2012-02-17,Electronics,Regular,SPLR-006,320691.21,3,106897.07,365131.07,36.57,3.119,130.4546207,5.774
44,Dept-10,2012-02-24,Clothing,Regular,SPLR-005,315641.8,43,7340.51,375092.5,35.38,3.145,130.5502069,5.774
44,Dept-07,2012-02-03,Grocery,Regular,SPLR-008,316687.22,25,12667.49,357102.91,32.36,3.242,130.6457931,5.774
44,Dept-01,2012-09-03,Electronics,Regular,SPLR-006,303438.24,29,10463.39,351601.36,38.24,3.38,130.7413793,5.774
44,Dept-10,2012-03-16,Electronics,Regular,SPLR-008,331965.95,44,7544.68,394395.35,52.5,3.529,130.8261935,5.774
44,Dept-08,2012-03-23,Clothing,Regular,SPLR-006,296947.06,12,24745.59,348365.64,47.83,3.671,130.8966452,5.774
44,Dept-03,2012-03-30,Electronics,Regular,SPLR-003,310027.29,49,6327.09,348186.12,53.2,3.734,130.9670968,5.774
44,Dept-04,2012-06-04,Electronics,Premium,SPLR-008,320021.1,43,7442.35,368407.67,48.85,3.793,131.0375484,5.621
44,Dept-09,2012-04-13,Grocery,New,SPLR-006,311390.22,4,77847.55,346907.99,51.7,3.833,131.108,5.621
44,Dept-09,2012-04-20,Clothing,Regular,SPLR-004,323233.8,44,7346.22,386782.42,50.24,3.845,131.1173333,5.621
44,Dept-08,2012-04-27,Electronics,New,SPLR-005,330338.36,45,7340.85,385622.82,64.8,3.842,131.1266667,5.621
44,Dept-02,2012-04-05,Pharmacy,Premium,SPLR-002,326053.28,40,8151.33,377668.01,54.41,3.831,131.136,5.621
44,Dept-08,2012-11-05,Clothing,Regular,SPLR-007,341381.08,17,20081.24,393934.69,56.47,3.809,131.1453333,5.621
44,Dept-01,2012-05-18,Electronics,New,SPLR-008,334042.43,31,10775.56,391912.75,65.17,3.808,131.0983226,5.621
44,Dept-07,2012-05-25,Electronics,New,SPLR-005,343268.29,41,8372.4,380040.01,62.39,3.801,131.0287742,5.621
44,Dept-01,2012-01-06,Electronics,Regular,SPLR-006,323410.94,41,7888.07,375078.11,61.11,3.788,130.9592258,5.621
44,Dept-09,2012-08-06,Home Essentials,Regular,SPLR-009,340238.38,27,12601.42,378219.01,68.4,3.776,130.8896774,5.621
44,Dept-08,2012-06-15,Clothing,Regular,SPLR-005,338400.82,35,9668.59,401918.05,65.97,3.756,130.8295333,5.621
44,Dept-05,2012-06-22,Clothing,Regular,SPLR-001,336241.0,17,19778.88,394125.56,72.89,3.737,130.7929,5.621
44,Dept-02,2012-06-29,Clothing,New,SPLR-002,338386.08,44,7690.59,376563.19,82.0,3.681,130.7562667,5.621
44,Dept-09,2012-06-07,Electronics,Regular,SPLR-002,358461.58,32,11201.92,395362.93,79.23,3.63,130.7196333,5.407
44,Dept-09,2012-07-13,Clothing,Regular,SPLR-006,336479.49,40,8411.99,370916.75,83.68,3.595,130.683,5.407
44,Dept-10,2012-07-20,Clothing,Premium,SPLR-004,337819.16,32,10556.85,372673.63,75.69,3.556,130.7012903,5.407
44,Dept-04,2012-07-27,Electronics,New,SPLR-002,319855.26,33,9692.58,367200.38,80.42,3.537,130.7195806,5.407
44,Dept-01,2012-03-08,Electronics,Regular,SPLR-002,342385.38,9,38042.82,402326.67,81.99,3.512,130.737871,5.407
44,Dept-08,2012-10-08,Pharmacy,Regular,SPLR-009,333594.81,27,12355.36,387579.39,81.69,3.509,130.7561613,5.407
44,Dept-06,2012-08-17,Pharmacy,Regular,SPLR-008,327389.51,10,32738.95,381939.44,79.4,3.545,130.7909677,5.407
44,Dept-01,2012-08-24,Home Essentials,Regular,SPLR-002,337985.74,4,84496.44,384020.46,77.37,3.582,130.8381613,5.407
44,Dept-04,2012-08-31,Pharmacy,Regular,SPLR-005,339490.69,13,26114.67,402995.41,79.18,3.624,130.8853548,5.407
44,Dept-06,2012-07-09,Home Essentials,Regular,SPLR-010,338737.33,47,7207.18,393357.35,70.65,3.689,130.9325484,5.407
44,Dept-09,2012-09-14,Grocery,New,SPLR-001,347726.67,22,15805.76,410718.38,68.55,3.749,130.9776667,5.407
44,Dept-06,2012-09-21,Home Essentials,Regular,SPLR-003,336017.6,1,336017.6,384428.35,67.96,3.821,131.0103333,5.407
44,Dept-07,2012-09-28,Home Essentials,Regular,SPLR-006,355307.94,16,22206.75,401228.87,64.8,3.821,131.043,5.407
44,Dept-06,2012-05-10,Electronics,Premium,SPLR-006,337390.44,7,48198.63,374002.3,61.79,3.815,131.0756667,5.217
44,Dept-08,2012-12-10,Pharmacy,Regular,SPLR-007,337796.13,17,19870.36,397029.63,55.1,3.797,131.1083333,5.217
44,Dept-06,2012-10-19,Home Essentials,Regular,SPLR-004,323766.77,8,40470.85,386666.26,52.06,3.781,131.1499677,5.217
44,Dept-06,2012-10-26,Grocery,Premium,SPLR-007,361067.07,28,12895.25,410924.43,46.97,3.755,131.1930968,5.217
45,Dept-05,2010-05-02,Clothing,Regular,SPLR-001,890689.51,32,27834.05,1032099.2,27.31,2.784,181.8711898,8.992
45,Dept-06,2010-12-02,Grocery,Regular,SPLR-005,656988.64,15,43799.24,758973.69,27.73,2.773,181.982317,8.992
45,Dept-08,2010-02-19,Pharmacy,Regular,SPLR-006,841264.04,18,46736.89,950396.16,31.27,2.745,182.0347816,8.992
45,Dept-03,2010-02-26,Home Essentials,Regular,SPLR-007,741891.65,30,24729.72,840791.27,34.89,2.754,182.0774691,8.992
45,Dept-02,2010-05-03,Pharmacy,Regular,SPLR-006,777951.22,48,16207.32,874333.83,37.13,2.777,182.1201566,8.992
45,Dept-10,2010-12-03,Electronics,Regular,SPLR-008,765687.42,14,54691.96,874141.98,45.8,2.818,182.1628441,8.992
45,Dept-04,2010-03-19,Electronics,New,SPLR-002,773819.49,43,17995.8,920173.64,48.79,2.844,182.0779857,8.992
45,Dept-01,2010-03-26,Home Essentials,New,SPLR-004,782563.38,11,71142.13,923800.16,54.36,2.854,181.9718697,8.992
45,Dept-09,2010-02-04,Clothing,Regular,SPLR-006,877235.96,48,18275.75,984693.48,47.74,2.85,181.8657537,8.899
45,Dept-05,2010-09-04,Home Essentials,New,SPLR-007,833782.7,34,24523.02,942702.84,65.45,2.869,181.7596377,8.899
45,Dept-02,2010-04-16,Pharmacy,Premium,SPLR-010,782221.96,42,18624.33,867456.02,54.28,2.899,181.6924769,8.899
45,Dept-02,2010-04-23,Clothing,Regular,SPLR-009,749779.1,14,53555.65,868460.71,53.47,2.902,181.6772564,8.899
45,Dept-06,2010-04-30,Clothing,Regular,SPLR-008,737265.57,26,28356.37,839056.71,53.15,2.921,181.6620359,8.899
45,Dept-06,2010-07-05,Grocery,Regular,SPLR-006,812190.76,31,26199.7,924210.76,70.75,2.966,181.6468154,8.899
45,Dept-01,2010-05-14,Pharmacy,Premium,SPLR-004,758182.2,18,42121.23,908364.89,54.26,2.982,181.6612792,8.899
45,Dept-01,2010-05-21,Home Essentials,Regular,SPLR-006,747888.25,8,93486.03,896002.24,62.62,2.958,181.8538486,8.899
45,Dept-08,2010-05-28,Grocery,New,SPLR-007,801098.43,17,47123.44,916179.47,69.27,2.899,182.0464181,8.899
45,Dept-01,2010-04-06,Electronics,Regular,SPLR-009,837548.62,14,59824.9,965132.42,75.93,2.847,182.2389876,8.899
45,Dept-04,2010-11-06,Grocery,Regular,SPLR-001,794698.77,11,72245.34,952816.77,69.71,2.809,182.4315571,8.899
45,Dept-09,2010-06-18,Pharmacy,Regular,SPLR-004,815130.5,7,116447.21,919207.77,72.62,2.78,182.4424199,8.899
45,Dept-07,2010-06-25,Home Essentials,New,SPLR-007,792299.15,44,18006.8,902909.32,79.32,2.808,182.3806,8.899
45,Dept-02,2010-02-07,Home Essentials,Regular,SPLR-005,800147.84,30,26671.59,935344.78,76.61,2.815,182.3187801,8.743
45,Dept-03,2010-09-07,Grocery,Premium,SPLR-010,787062.0,46,17110.04,920093.31,82.45,2.793,182.2569603,8.743
45,Dept-06,2010-07-16,Electronics,Regular,SPLR-005,723708.99,46,15732.8,845609.93,77.84,2.783,182.2604411,8.743
45,Dept-08,2010-07-23,Electronics,New,SPLR-002,714601.11,36,19850.03,786586.02,81.46,2.771,182.3509895,8.743
45,Dept-03,2010-07-30,Clothing,Regular,SPLR-010,716859.27,39,18381.01,795460.71,79.78,2.781,182.4415378,8.743
45,Dept-03,2010-06-08,Pharmacy,Regular,SPLR-001,746517.32,5,149303.46,874626.87,77.17,2.784,182.5320862,8.743
45,Dept-05,2010-08-13,Pharmacy,New,SPLR-005,722262.21,30,24075.41,858104.46,78.44,2.805,182.6226346,8.743
45,Dept-10,2010-08-20,Pharmacy,Regular,SPLR-006,708568.29,14,50612.02,847976.27,76.01,2.779,182.6165205,8.743
45,Dept-08,2010-08-27,Home Essentials,Regular,SPLR-001,721744.33,3,240581.44,803483.72,71.36,2.755,182.6104063,8.743
45,Dept-07,2010-03-09,Home Essentials,Regular,SPLR-003,790144.7,42,18812.97,878918.56,78.37,2.715,182.6042922,8.743
45,Dept-05,2010-10-09,Pharmacy,Regular,SPLR-005,721460.22,43,16778.14,814081.82,70.87,2.699,182.598178,8.743
45,Dept-06,2010-09-17,Clothing,Premium,SPLR-010,716987.58,28,25606.7,792723.15,66.55,2.706,182.622509,8.743
45,Dept-08,2010-09-24,Electronics,Regular,SPLR-010,678228.58,13,52171.43,806328.43,68.59,2.713,182.6696737,8.743
45,Dept-04,2010-01-10,Grocery,New,SPLR-001,690007.76,44,15681.99,771783.51,70.58,2.707,182.7168385,8.724
45,Dept-06,2010-08-10,Grocery,Regular,SPLR-004,745782.1,21,35513.43,848630.83,56.49,2.764,182.7640032,8.724
45,Dept-02,2010-10-15,Home Essentials,Regular,SPLR-009,715263.3,16,44703.96,794854.52,58.61,2.868,182.8106203,8.724
45,Dept-10,2010-10-22,Pharmacy,Regular,SPLR-009,730899.37,45,16242.21,819419.56,53.15,2.917,182.8558685,8.724
45,Dept-04,2010-10-29,Grocery,Premium,SPLR-005,732859.76,42,17449.04,823141.97,61.3,2.921,182.9011166,8.724
45,Dept-03,2010-05-11,Home Essentials,New,SPLR-002,764014.06,36,21222.61,869922.38,45.65,2.917,182.9463648,8.724
45,Dept-05,2010-12-11,Grocery,Premium,SPLR-005,765648.93,29,26401.69,868395.18,46.14,2.931,182.9916129,8.724
45,Dept-07,2010-11-19,Clothing,Regular,SPLR-010,723987.85,4,180996.96,849752.17,50.02,3.0,182.8989385,8.724
45,Dept-07,2010-11-26,Electronics,Regular,SPLR-003,1182500.16,32,36953.13,1394882.26,46.15,3.039,182.7832769,8.724
45,Dept-01,2010-03-12,Electronics,Regular,SPLR-006,879244.9,37,23763.38,1032074.89,40.93,3.046,182.6676154,8.724
45,Dept-03,2010-10-12,Home Essentials,Regular,SPLR-005,1002364.34,14,71597.45,1105426.9,30.54,3.109,182.5519538,8.724
45,Dept-01,2010-12-17,Clothing,Premium,SPLR-001,1123282.85,35,32093.8,1240125.14,30.51,3.14,182.517732,8.724
45,Dept-07,2010-12-24,Electronics,New,SPLR-005,1682862.03,13,129450.93,1934686.66,30.59,3.141,182.54459,8.724
45,Dept-05,2010-12-31,Clothing,Premium,SPLR-008,679156.2,21,32340.77,764401.32,29.67,3.179,182.5714479,8.724
45,Dept-08,2011-07-01,Clothing,Regular,SPLR-004,680254.35,28,24294.8,760814.18,34.32,3.193,182.5983058,8.549
45,Dept-01,2011-01-14,Clothing,Regular,SPLR-004,654018.95,31,21097.39,777610.37,24.78,3.205,182.6585782,8.549
45,Dept-10,2011-01-21,Grocery,New,SPLR-008,644285.33,27,23862.42,747448.52,30.55,3.229,182.9193368,8.549
45,Dept-06,2011-01-28,Home Essentials,Premium,SPLR-008,617207.58,43,14353.66,687569.38,24.05,3.237,183.1800955,8.549
45,Dept-05,2011-04-02,Grocery,Regular,SPLR-006,759442.33,7,108491.76,850448.52,28.73,3.231,183.4408542,8.549
45,Dept-03,2011-11-02,Grocery,Regular,SPLR-006,766456.0,8,95807.0,918074.93,30.3,3.239,183.7016129,8.549
45,Dept-03,2011-02-18,Clothing,Regular,SPLR-007,802253.41,46,17440.29,916817.32,40.7,3.245,183.9371353,8.549
45,Dept-10,2011-02-25,Pharmacy,New,SPLR-008,733716.78,17,43159.81,808763.18,35.78,3.274,184.1625632,8.549
45,Dept-08,2011-04-03,Clothing,Premium,SPLR-007,761880.36,41,18582.45,852329.72,38.65,3.433,184.3879911,8.549
45,Dept-10,2011-11-03,Home Essentials,Regular,SPLR-005,714014.73,13,54924.21,797975.43,45.01,3.582,184.613419,8.549
45,Dept-10,2011-03-18,Electronics,Regular,SPLR-007,733564.77,36,20376.8,859650.47,46.66,3.631,184.809719,8.549
45,Dept-08,2011-03-25,Grocery,New,SPLR-006,719737.25,42,17136.6,816081.79,41.76,3.625,184.9943679,8.549
45,Dept-07,2011-01-04,Electronics,Regular,SPLR-001,712425.76,34,20953.7,851441.37,37.27,3.638,185.1790167,8.521
45,Dept-10,2011-08-04,Home Essentials,New,SPLR-004,750182.71,8,93772.84,891046.08,48.71,3.72,185.3636656,8.521
45,Dept-06,2011-04-15,Clothing,Premium,SPLR-008,765270.02,32,23914.69,881279.46,53.69,3.821,185.5339821,8.521
45,Dept-07,2011-04-22,Home Essentials,Regular,SPLR-005,813630.44,45,18080.68,960002.69,53.04,3.892,185.6684673,8.521
45,Dept-02,2011-04-29,Pharmacy,Regular,SPLR-004,786561.61,24,32773.4,915931.46,66.18,3.962,185.8029526,8.521
45,Dept-06,2011-06-05,Pharmacy,Regular,SPLR-005,810150.64,8,101268.83,940532.39,58.21,4.046,185.9374378,8.521
45,Dept-09,2011-05-13,Home Essentials,New,SPLR-001,793889.1,24,33078.71,922547.95,60.38,4.066,186.0719231,8.521
45,Dept-06,2011-05-20,Grocery,Regular,SPLR-004,727163.67,47,15471.57,871499.75,62.28,4.062,185.9661154,8.521
45,Dept-02,2011-05-27,Home Essentials,Regular,SPLR-008,817653.25,25,32706.13,903061.71,69.7,3.985,185.8603077,8.521
45,Dept-07,2011-03-06,Pharmacy,Regular,SPLR-003,877423.45,49,17906.6,1014384.21,76.38,3.922,185.7545,8.521
45,Dept-01,2011-10-06,Grocery,New,SPLR-009,814395.17,30,27146.51,912270.93,73.88,3.881,185.6486923,8.521
45,Dept-05,2011-06-17,Clothing,Regular,SPLR-005,811153.67,29,27970.82,938047.76,69.32,3.842,185.6719333,8.521
45,Dept-01,2011-06-24,Grocery,Regular,SPLR-004,762861.78,29,26305.58,887265.23,74.85,3.804,185.7919609,8.521
45,Dept-05,2011-01-07,Pharmacy,Regular,SPLR-007,791495.25,24,32978.97,913800.09,74.04,3.748,185.9119885,8.625
45,Dept-10,2011-08-07,Electronics,Regular,SPLR-005,768718.11,35,21963.37,876722.4,77.49,3.711,186.032016,8.625
45,Dept-08,2011-07-15,Home Essentials,Regular,SPLR-006,748435.2,4,187108.8,853019.06,78.47,3.76,186.1399808,8.625
45,Dept-01,2011-07-22,Grocery,New,SPLR-001,741625.25,7,105946.46,835741.84,82.33,3.811,186.2177885,8.625
45,Dept-01,2011-07-29,Grocery,New,SPLR-006,704680.97,21,33556.24,807145.67,81.31,3.829,186.2955962,8.625
45,Dept-04,2011-05-08,Electronics,Regular,SPLR-002,765996.92,29,26413.69,894062.49,78.22,3.842,186.3734038,8.625
45,Dept-07,2011-12-08,Grocery,New,SPLR-002,724180.89,26,27853.11,822934.96,77.0,3.812,186.4512115,8.625
45,Dept-04,2011-08-19,Clothing,New,SPLR-006,712362.72,20,35618.14,832877.5,72.98,3.747,186.5093071,8.625
45,Dept-04,2011-08-26,Clothing,Regular,SPLR-010,833979.01,40,20849.48,969328.68,72.55,3.704,186.5641172,8.625
45,Dept-07,2011-02-09,Grocery,New,SPLR-004,726482.39,19,38235.92,830924.02,70.63,3.703,186.6189274,8.625
45,Dept-10,2011-09-09,Home Essentials,Regular,SPLR-009,746129.56,28,26647.48,890989.32,71.48,3.738,186.6737376,8.625
45,Dept-10,2011-09-16,Grocery,New,SPLR-001,711367.56,26,27360.29,797913.36,69.17,3.742,186.8024,8.625
45,Dept-04,2011-09-23,Clothing,Regular,SPLR-006,714106.42,24,29754.43,820498.25,63.75,3.711,187.0295321,8.625
45,Dept-01,2011-09-30,Clothing,Regular,SPLR-005,698986.34,24,29124.43,805095.29,70.66,3.645,187.2566641,8.625
45,Dept-02,2011-07-10,Pharmacy,Regular,SPLR-008,753447.05,18,41858.17,889433.41,55.82,3.583,187.4837962,8.523
45,Dept-05,2011-10-14,Pharmacy,Regular,SPLR-001,720946.99,40,18023.67,811951.09,63.82,3.541,187.6917481,8.523
45,Dept-03,2011-10-21,Clothing,Regular,SPLR-002,771686.4,14,55120.46,866290.82,59.6,3.57,187.7846197,8.523
45,Dept-02,2011-10-28,Clothing,New,SPLR-007,781694.57,20,39084.73,911727.73,51.78,3.569,187.8774913,8.523
45,Dept-10,2011-04-11,Pharmacy,Premium,SPLR-005,833429.22,2,416714.61,991134.59,43.92,3.551,187.9703629,8.523
45,Dept-03,2011-11-11,Grocery,Premium,SPLR-010,808624.82,1,808624.82,903248.17,47.65,3.53,188.0632345,8.523
45,Dept-05,2011-11-18,Pharmacy,Premium,SPLR-001,773603.77,31,24954.96,884104.81,51.34,3.53,188.1983654,8.523
45,Dept-08,2011-11-25,Clothing,Regular,SPLR-010,1170672.94,21,55746.33,1377647.26,48.71,3.492,188.3504,8.523
45,Dept-05,2011-02-12,Grocery,Regular,SPLR-001,875699.81,40,21892.5,999447.22,50.19,3.452,188.5024346,8.523
45,Dept-08,2011-09-12,Grocery,Regular,SPLR-009,957155.31,6,159525.88,1054772.36,46.57,3.415,188.6544692,8.523
45,Dept-07,2011-12-16,Pharmacy,Regular,SPLR-005,1078905.68,4,269726.42,1192683.91,39.93,3.413,188.7979349,8.523
45,Dept-01,2011-12-23,Home Essentials,Regular,SPLR-001,1521957.99,21,72474.19,1681818.94,42.27,3.389,188.9299752,8.523
45,Dept-05,2011-12-30,Grocery,New,SPLR-001,869403.63,13,66877.2,990836.8,37.79,3.389,189.0620155,8.523
45,Dept-09,2012-06-01,Pharmacy,Premium,SPLR-006,714081.05,4,178520.26,812221.08,35.88,3.422,189.1940558,8.424
45,Dept-09,2012-01-13,Grocery,Premium,SPLR-002,676615.53,28,24164.84,757379.29,41.18,3.513,189.3260962,8.424
45,Dept-07,2012-01-20,Grocery,New,SPLR-005,700392.21,18,38910.68,782612.62,31.85,3.533,189.4214733,8.424
45,Dept-01,2012-01-27,Grocery,Premium,SPLR-005,624081.64,6,104013.61,710921.28,37.93,3.567,189.5168505,8.424
45,Dept-07,2012-03-02,Electronics,Regular,SPLR-001,757330.95,12,63110.91,838332.0,42.96,3.617,189.6122277,8.424
45,Dept-09,2012-10-02,Home Essentials,Regular,SPLR-005,803657.12,8,100457.14,941479.21,37.0,3.64,189.7076048,8.424
45,Dept-01,2012-02-17,Home Essentials,Regular,SPLR-004,858853.75,20,42942.69,968926.6,36.85,3.695,189.8424834,8.424
45,Dept-03,2012-02-24,Electronics,Regular,SPLR-003,753060.78,9,83673.42,863056.47,42.86,3.739,190.0069881,8.424
45,Dept-05,2012-02-03,Pharmacy,Regular,SPLR-009,782796.01,1,782796.01,890340.41,41.55,3.816,190.1714927,8.424
45,Dept-01,2012-09-03,Electronics,New,SPLR-007,776968.87,37,20999.16,900766.0,45.52,3.848,190.3359973,8.424
45,Dept-04,2012-03-16,Electronics,New,SPLR-009,788340.23,35,22524.01,945101.21,50.56,3.862,190.4618964,8.424
45,Dept-02,2012-03-23,Pharmacy,Regular,SPLR-004,791835.37,35,22623.87,947499.42,59.45,3.9,190.5363213,8.424
45,Dept-06,2012-03-30,Electronics,Regular,SPLR-003,777254.06,42,18506.05,923531.47,50.04,3.953,190.6107463,8.424
45,Dept-10,2012-06-04,Pharmacy,New,SPLR-001,899479.43,30,29982.65,1074110.25,49.73,3.996,190.6851712,8.567
45,Dept-09,2012-04-13,Electronics,Premium,SPLR-006,781970.6,45,17377.12,893236.85,51.83,4.044,190.7595962,8.567
45,Dept-02,2012-04-20,Grocery,Regular,SPLR-005,776661.74,23,33767.9,877221.44,63.13,4.027,190.8138013,8.567
45,Dept-10,2012-04-27,Home Essentials,New,SPLR-010,711571.88,42,16942.19,787727.63,53.2,4.004,190.8680064,8.567
45,Dept-10,2012-04-05,Electronics,Regular,SPLR-009,782300.68,3,260766.89,931526.58,55.21,3.951,190.9222115,8.567
45,Dept-06,2012-11-05,Home Essentials,Regular,SPLR-008,770487.37,34,22661.39,894950.25,61.24,3.889,190.9764167,8.567
45,Dept-01,2012-05-18,Grocery,Regular,SPLR-009,800842.28,43,18624.24,949548.2,66.3,3.848,190.9964479,8.567
45,Dept-03,2012-05-25,Clothing,Regular,SPLR-006,817741.17,20,40887.06,959107.59,67.21,3.798,191.0028096,8.567
45,Dept-03,2012-01-06,Electronics,Premium,SPLR-003,837144.63,21,39864.03,940198.17,74.48,3.742,191.0091712,8.567
45,Dept-10,2012-08-06,Pharmacy,Regular,SPLR-009,795133.0,24,33130.54,900647.65,64.3,3.689,191.0155329,8.567
45,Dept-06,2012-06-15,Clothing,Regular,SPLR-004,821498.18,1,821498.18,968559.63,71.93,3.62,191.0299731,8.567
45,Dept-01,2012-06-22,Pharmacy,Regular,SPLR-005,822569.16,11,74779.01,908784.75,74.22,3.564,191.0646096,8.567
45,Dept-09,2012-06-29,Electronics,Regular,SPLR-010,773367.71,2,386683.86,921049.75,75.22,3.506,191.0992462,8.567
45,Dept-04,2012-06-07,Grocery,Regular,SPLR-008,843361.1,9,93706.79,965440.76,82.99,3.475,191.1338827,8.684
45,Dept-01,2012-07-13,Electronics,New,SPLR-005,749817.08,43,17437.61,879418.81,79.97,3.523,191.1685192,8.684
45,Dept-10,2012-07-20,Home Essentials,Regular,SPLR-008,737613.65,36,20489.27,831886.28,78.89,3.567,191.1670428,8.684
45,Dept-06,2012-07-27,Pharmacy,New,SPLR-005,711671.58,42,16944.56,811319.79,77.2,3.647,191.1655664,8.684
45,Dept-10,2012-03-08,Electronics,Premium,SPLR-008,725729.51,38,19098.14,822510.86,76.58,3.654,191.16409,8.684
45,Dept-02,2012-10-08,Grocery,Premium,SPLR-005,733037.32,19,38580.91,865862.76,78.65,3.722,191.1626135,8.684
45,Dept-10,2012-08-17,Home Essentials,Regular,SPLR-001,722496.93,12,60208.08,862450.21,75.71,3.807,191.2284919,8.684
45,Dept-02,2012-08-24,Home Essentials,Premium,SPLR-005,718232.26,27,26601.19,839630.86,72.62,3.834,191.3448865,8.684
45,Dept-06,2012-08-31,Home Essentials,Premium,SPLR-005,734297.87,29,25320.62,826182.99,75.09,3.867,191.461281,8.684
45,Dept-08,2012-07-09,Pharmacy,Regular,SPLR-010,766512.66,35,21900.36,896847.65,75.7,3.911,191.5776756,8.684
45,Dept-04,2012-09-14,Electronics,Regular,SPLR-004,702238.27,19,36959.91,832461.0,67.87,3.948,191.69985,8.684
45,Dept-10,2012-09-21,Grocery,New,SPLR-005,723086.2,7,103298.03,828377.34,65.32,4.038,191.8567038,8.684
45,Dept-08,2012-09-28,Clothing,Premium,SPLR-006,713173.95,49,14554.57,803417.5,64.88,3.997,192.0135577,8.684
45,Dept-03,2012-05-10,Clothing,Regular,SPLR-005,733455.07,34,21572.21,829615.29,64.89,3.985,192.1704115,8.667
45,Dept-01,2012-12-10,Home Essentials,New,SPLR-003,734464.36,6,122410.73,874226.49,54.47,4.0,192.3272654,8.667
45,Dept-04,2012-10-19,Pharmacy,New,SPLR-001,718125.53,8,89765.69,826706.15,56.47,3.969,192.3308542,8.667
45,Dept-05,2012-10-26,Home Essentials,Premium,SPLR-001,760281.43,30,25342.71,852505.58,58.85,3.882,192.3088989,8.667
